#pragma once

inline unsigned char satoshi_regular_bin[ ] = {
	0x4F, 0x54, 0x54, 0x4F, 0x00, 0x0C, 0x00, 0x80, 0x00, 0x03, 0x00, 0x40, 0x43, 0x46, 0x46, 0x20,
	0x33, 0x88, 0x86, 0xC7, 0x00, 0x00, 0x0C, 0xF4, 0x00, 0x00, 0x63, 0x54, 0x47, 0x44, 0x45, 0x46,
	0x1D, 0x7D, 0x1D, 0xA3, 0x00, 0x00, 0x70, 0x48, 0x00, 0x00, 0x01, 0x36, 0x47, 0x50, 0x4F, 0x53,
	0x26, 0x8F, 0x7E, 0x22, 0x00, 0x00, 0x71, 0x80, 0x00, 0x00, 0x3C, 0x74, 0x47, 0x53, 0x55, 0x42,
	0xED, 0x51, 0x29, 0xE5, 0x00, 0x00, 0xAD, 0xF4, 0x00, 0x00, 0x0B, 0xC2, 0x4F, 0x53, 0x2F, 0x32,
	0x58, 0x97, 0xF1, 0x6C, 0x00, 0x00, 0x01, 0x30, 0x00, 0x00, 0x00, 0x60, 0x63, 0x6D, 0x61, 0x70,
	0x23, 0x7E, 0x28, 0x70, 0x00, 0x00, 0x07, 0xB0, 0x00, 0x00, 0x05, 0x24, 0x68, 0x65, 0x61, 0x64,
	0x1E, 0xD0, 0x6C, 0xE3, 0x00, 0x00, 0x00, 0xCC, 0x00, 0x00, 0x00, 0x36, 0x68, 0x68, 0x65, 0x61,
	0x09, 0xE1, 0x07, 0x09, 0x00, 0x00, 0x01, 0x04, 0x00, 0x00, 0x00, 0x24, 0x68, 0x6D, 0x74, 0x78,
	0x1D, 0xC1, 0x55, 0x9B, 0x00, 0x00, 0xB9, 0xB8, 0x00, 0x00, 0x07, 0xE0, 0x6D, 0x61, 0x78, 0x70,
	0x01, 0xF8, 0x50, 0x00, 0x00, 0x00, 0x01, 0x28, 0x00, 0x00, 0x00, 0x06, 0x6E, 0x61, 0x6D, 0x65,
	0x36, 0xB7, 0xCB, 0xE1, 0x00, 0x00, 0x01, 0x90, 0x00, 0x00, 0x06, 0x1E, 0x70, 0x6F, 0x73, 0x74,
	0xFF, 0x40, 0x00, 0x50, 0x00, 0x00, 0x0C, 0xD4, 0x00, 0x00, 0x00, 0x20, 0x00, 0x01, 0x00, 0x00,
	0x00, 0x02, 0x00, 0x00, 0x52, 0x2F, 0x3C, 0x18, 0x5F, 0x0F, 0x3C, 0xF5, 0x00, 0x03, 0x03, 0xE8,
	0x00, 0x00, 0x00, 0x00, 0xDD, 0x17, 0xE1, 0x7B, 0x00, 0x00, 0x00, 0x00, 0xDD, 0x18, 0x47, 0x63,
	0xFF, 0x35, 0xFF, 0x20, 0x06, 0x53, 0x04, 0x02, 0x00, 0x00, 0x00, 0x06, 0x00, 0x02, 0x00, 0x00,
	0x00, 0x00, 0x00, 0x00, 0x00, 0x01, 0x00, 0x00, 0x03, 0xF2, 0xFF, 0x10, 0x00, 0x64, 0x06, 0xCB,
	0xFF, 0x35, 0xFF, 0x35, 0x06, 0x53, 0x00, 0x01, 0x00, 0x00, 0x00, 0x00, 0x00, 0x00, 0x00, 0x00,
	0x00, 0x00, 0x00, 0x00, 0x00, 0x00, 0x01, 0xF8, 0x00, 0x00, 0x50, 0x00, 0x01, 0xF8, 0x00, 0x00,
	0x00, 0x04, 0x02, 0x17, 0x01, 0x90, 0x00, 0x05, 0x00, 0x00, 0x02, 0x8A, 0x02, 0x58, 0x00, 0x00,
	0x00, 0x4B, 0x02, 0x8A, 0x02, 0x58, 0x00, 0x00, 0x01, 0x5E, 0x00, 0x32, 0x01, 0x2C, 0x00, 0x00,
	0x00, 0x00, 0x00, 0x00, 0x00, 0x00, 0x00, 0x00, 0x00, 0x00, 0x80, 0x00, 0x00, 0x47, 0x00, 0x00,
	0x00, 0x01, 0x00, 0x00, 0x00, 0x00, 0x00, 0x00, 0x00, 0x00, 0x49, 0x54, 0x46, 0x4F, 0x00, 0xC0,
	0x00, 0x20, 0xFB, 0x04, 0x03, 0xF2, 0xFF, 0x10, 0x00, 0x64, 0x03, 0xF2, 0x00, 0xF0, 0x20, 0x00,
	0x00, 0x93, 0x00, 0x00, 0x00, 0x00, 0x01, 0xE4, 0x02, 0xCC, 0x00, 0x00, 0x00, 0x20, 0x00, 0x0C,
	0x00, 0x00, 0x00, 0x16, 0x01, 0x0E, 0x00, 0x01, 0x00, 0x00, 0x00, 0x00, 0x01, 0x00, 0x00, 0x1F,
	0x00, 0x00, 0x00, 0x01, 0x00, 0x00, 0x00, 0x00, 0x01, 0x01, 0x00, 0x0B, 0x00, 0x1F, 0x00, 0x01,
	0x00, 0x00, 0x00, 0x00, 0x01, 0x02, 0x00, 0x0B, 0x00, 0x2A, 0x00, 0x01, 0x00, 0x00, 0x00, 0x00,
	0x01, 0x03, 0x00, 0x0B, 0x00, 0x35, 0x00, 0x03, 0x00, 0x01, 0x04, 0x09, 0x00, 0x00, 0x00, 0x7A,
	0x00, 0x40, 0x00, 0x03, 0x00, 0x01, 0x04, 0x09, 0x00, 0x01, 0x00, 0x0E, 0x00, 0xBA, 0x00, 0x03,
	0x00, 0x01, 0x04, 0x09, 0x00, 0x02, 0x00, 0x0E, 0x00, 0xC8, 0x00, 0x03, 0x00, 0x01, 0x04, 0x09,
	0x00, 0x03, 0x00, 0x34, 0x00, 0xD6, 0x00, 0x03, 0x00, 0x01, 0x04, 0x09, 0x00, 0x04, 0x00, 0x1E,
	0x01, 0x0A, 0x00, 0x03, 0x00, 0x01, 0x04, 0x09, 0x00, 0x05, 0x00, 0x1A, 0x01, 0x28, 0x00, 0x03,
	0x00, 0x01, 0x04, 0x09, 0x00, 0x06, 0x00, 0x1E, 0x01, 0x42, 0x00, 0x03, 0x00, 0x01, 0x04, 0x09,
	0x00, 0x07, 0x00, 0x64, 0x01, 0x60, 0x00, 0x03, 0x00, 0x01, 0x04, 0x09, 0x00, 0x08, 0x00, 0x26,
	0x01, 0xC4, 0x00, 0x03, 0x00, 0x01, 0x04, 0x09, 0x00, 0x09, 0x00, 0x18, 0x01, 0xEA, 0x00, 0x03,
	0x00, 0x01, 0x04, 0x09, 0x00, 0x0B, 0x00, 0x3A, 0x02, 0x02, 0x00, 0x03, 0x00, 0x01, 0x04, 0x09,
	0x00, 0x0C, 0x00, 0x42, 0x02, 0x3C, 0x00, 0x03, 0x00, 0x01, 0x04, 0x09, 0x00, 0x0D, 0x01, 0xDC,
	0x02, 0x7E, 0x00, 0x03, 0x00, 0x01, 0x04, 0x09, 0x00, 0x0E, 0x00, 0x36, 0x04, 0x5A, 0x00, 0x03,
	0x00, 0x01, 0x04, 0x09, 0x01, 0x00, 0x00, 0x3E, 0x04, 0x90, 0x00, 0x03, 0x00, 0x01, 0x04, 0x09,
	0x01, 0x01, 0x00, 0x16, 0x04, 0xCE, 0x00, 0x03, 0x00, 0x01, 0x04, 0x09, 0x01, 0x02, 0x00, 0x16,
	0x04, 0xE4, 0x00, 0x03, 0x00, 0x01, 0x04, 0x09, 0x01, 0x03, 0x00, 0x16, 0x04, 0xFA, 0x41, 0x6C,
	0x74, 0x65, 0x72, 0x6E, 0x61, 0x74, 0x65, 0x20, 0x47, 0x2C, 0x20, 0x61, 0x2C, 0x20, 0x72, 0x65,
	0x67, 0x69, 0x73, 0x74, 0x65, 0x72, 0x65, 0x64, 0x20, 0x73, 0x69, 0x67, 0x6E, 0x41, 0x6C, 0x74,
	0x65, 0x72, 0x6E, 0x61, 0x74, 0x65, 0x20, 0x67, 0x41, 0x6C, 0x74, 0x65, 0x72, 0x6E, 0x61, 0x74,
	0x65, 0x20, 0x74, 0x41, 0x6C, 0x74, 0x65, 0x72, 0x6E, 0x61, 0x74, 0x65, 0x20, 0x51, 0x00, 0x43,
	0x00, 0x6F, 0x00, 0x70, 0x00, 0x79, 0x00, 0x72, 0x00, 0x69, 0x00, 0x67, 0x00, 0x68, 0x00, 0x74,
	0x00, 0x20, 0x00, 0x32, 0x00, 0x30, 0x00, 0x31, 0x00, 0x37, 0x00, 0x2D, 0x00, 0x32, 0x00, 0x30,
	0x00, 0x32, 0x00, 0x31, 0x00, 0x20, 0x00, 0x49, 0x00, 0x6E, 0x00, 0x64, 0x00, 0x69, 0x00, 0x61,
	0x00, 0x6E, 0x00, 0x20, 0x00, 0x54, 0x00, 0x79, 0x00, 0x70, 0x00, 0x65, 0x00, 0x20, 0x00, 0x46,
	0x00, 0x6F, 0x00, 0x75, 0x00, 0x6E, 0x00, 0x64, 0x00, 0x72, 0x00, 0x79, 0x00, 0x2E, 0x00, 0x20,
	0x00, 0x41, 0x00, 0x6C, 0x00, 0x6C, 0x00, 0x20, 0x00, 0x72, 0x00, 0x69, 0x00, 0x67, 0x00, 0x68,
	0x00, 0x74, 0x00, 0x73, 0x00, 0x20, 0x00, 0x72, 0x00, 0x65, 0x00, 0x73, 0x00, 0x65, 0x00, 0x72,
	0x00, 0x76, 0x00, 0x65, 0x00, 0x64, 0x00, 0x2E, 0x00, 0x53, 0x00, 0x61, 0x00, 0x74, 0x00, 0x6F,
	0x00, 0x73, 0x00, 0x68, 0x00, 0x69, 0x00, 0x52, 0x00, 0x65, 0x00, 0x67, 0x00, 0x75, 0x00, 0x6C,
	0x00, 0x61, 0x00, 0x72, 0x00, 0x32, 0x00, 0x2E, 0x00, 0x30, 0x00, 0x30, 0x00, 0x30, 0x00, 0x3B,
	0x00, 0x49, 0x00, 0x54, 0x00, 0x46, 0x00, 0x4F, 0x00, 0x3B, 0x00, 0x53, 0x00, 0x61, 0x00, 0x74,
	0x00, 0x6F, 0x00, 0x73, 0x00, 0x68, 0x00, 0x69, 0x00, 0x2D, 0x00, 0x52, 0x00, 0x65, 0x00, 0x67,
	0x00, 0x75, 0x00, 0x6C, 0x00, 0x61, 0x00, 0x72, 0x00, 0x53, 0x00, 0x61, 0x00, 0x74, 0x00, 0x6F,
	0x00, 0x73, 0x00, 0x68, 0x00, 0x69, 0x00, 0x20, 0x00, 0x52, 0x00, 0x65, 0x00, 0x67, 0x00, 0x75,
	0x00, 0x6C, 0x00, 0x61, 0x00, 0x72, 0x00, 0x56, 0x00, 0x65, 0x00, 0x72, 0x00, 0x73, 0x00, 0x69,
	0x00, 0x6F, 0x00, 0x6E, 0x00, 0x20, 0x00, 0x32, 0x00, 0x2E, 0x00, 0x30, 0x00, 0x30, 0x00, 0x30,
	0x00, 0x53, 0x00, 0x61, 0x00, 0x74, 0x00, 0x6F, 0x00, 0x73, 0x00, 0x68, 0x00, 0x69, 0x00, 0x2D,
	0x00, 0x52, 0x00, 0x65, 0x00, 0x67, 0x00, 0x75, 0x00, 0x6C, 0x00, 0x61, 0x00, 0x72, 0x00, 0x53,
	0x00, 0x61, 0x00, 0x74, 0x00, 0x6F, 0x00, 0x73, 0x00, 0x68, 0x00, 0x69, 0x00, 0x20, 0x00, 0x69,
	0x00, 0x73, 0x00, 0x20, 0x00, 0x61, 0x00, 0x20, 0x00, 0x74, 0x00, 0x72, 0x00, 0x61, 0x00, 0x64,
	0x00, 0x65, 0x00, 0x6D, 0x00, 0x61, 0x00, 0x72, 0x00, 0x6B, 0x00, 0x20, 0x00, 0x6F, 0x00, 0x66,
	0x00, 0x20, 0x00, 0x74, 0x00, 0x68, 0x00, 0x65, 0x00, 0x20, 0x00, 0x49, 0x00, 0x6E, 0x00, 0x64,
	0x00, 0x69, 0x00, 0x61, 0x00, 0x6E, 0x00, 0x20, 0x00, 0x54, 0x00, 0x79, 0x00, 0x70, 0x00, 0x65,
	0x00, 0x20, 0x00, 0x46, 0x00, 0x6F, 0x00, 0x75, 0x00, 0x6E, 0x00, 0x64, 0x00, 0x72, 0x00, 0x79,
	0x00, 0x2E, 0x00, 0x49, 0x00, 0x6E, 0x00, 0x64, 0x00, 0x69, 0x00, 0x61, 0x00, 0x6E, 0x00, 0x20,
	0x00, 0x54, 0x00, 0x79, 0x00, 0x70, 0x00, 0x65, 0x00, 0x20, 0x00, 0x46, 0x00, 0x6F, 0x00, 0x75,
	0x00, 0x6E, 0x00, 0x64, 0x00, 0x72, 0x00, 0x79, 0x00, 0x44, 0x00, 0x65, 0x00, 0x6E, 0x00, 0x69,
	0x00, 0x20, 0x00, 0x41, 0x00, 0x6E, 0x00, 0x67, 0x00, 0x67, 0x00, 0x61, 0x00, 0x72, 0x00, 0x61,
	0x00, 0x68, 0x00, 0x74, 0x00, 0x74, 0x00, 0x70, 0x00, 0x73, 0x00, 0x3A, 0x00, 0x2F, 0x00, 0x2F,
	0x00, 0x69, 0x00, 0x6E, 0x00, 0x64, 0x00, 0x69, 0x00, 0x61, 0x00, 0x6E, 0x00, 0x74, 0x00, 0x79,
	0x00, 0x70, 0x00, 0x65, 0x00, 0x66, 0x00, 0x6F, 0x00, 0x75, 0x00, 0x6E, 0x00, 0x64, 0x00, 0x72,
	0x00, 0x79, 0x00, 0x2E, 0x00, 0x63, 0x00, 0x6F, 0x00, 0x6D, 0x00, 0x68, 0x00, 0x74, 0x00, 0x74,
	0x00, 0x70, 0x00, 0x73, 0x00, 0x3A, 0x00, 0x2F, 0x00, 0x2F, 0x00, 0x77, 0x00, 0x77, 0x00, 0x77,
	0x00, 0x2E, 0x00, 0x69, 0x00, 0x6E, 0x00, 0x64, 0x00, 0x69, 0x00, 0x61, 0x00, 0x6E, 0x00, 0x74,
	0x00, 0x79, 0x00, 0x70, 0x00, 0x65, 0x00, 0x66, 0x00, 0x6F, 0x00, 0x75, 0x00, 0x6E, 0x00, 0x64,
	0x00, 0x72, 0x00, 0x79, 0x00, 0x2E, 0x00, 0x63, 0x00, 0x6F, 0x00, 0x6D, 0x00, 0x54, 0x00, 0x68,
	0x00, 0x69, 0x00, 0x73, 0x00, 0x20, 0x00, 0x46, 0x00, 0x6F, 0x00, 0x6E, 0x00, 0x74, 0x00, 0x20,
	0x00, 0x53, 0x00, 0x6F, 0x00, 0x66, 0x00, 0x74, 0x00, 0x77, 0x00, 0x61, 0x00, 0x72, 0x00, 0x65,
	0x00, 0x20, 0x00, 0x69, 0x00, 0x73, 0x00, 0x20, 0x00, 0x70, 0x00, 0x72, 0x00, 0x6F, 0x00, 0x74,
	0x00, 0x65, 0x00, 0x63, 0x00, 0x74, 0x00, 0x65, 0x00, 0x64, 0x00, 0x20, 0x00, 0x75, 0x00, 0x6E,
	0x00, 0x64, 0x00, 0x65, 0x00, 0x72, 0x00, 0x20, 0x00, 0x64, 0x00, 0x6F, 0x00, 0x6D, 0x00, 0x65,
	0x00, 0x73, 0x00, 0x74, 0x00, 0x69, 0x00, 0x63, 0x00, 0x20, 0x00, 0x61, 0x00, 0x6E, 0x00, 0x64,
	0x00, 0x20, 0x00, 0x69, 0x00, 0x6E, 0x00, 0x74, 0x00, 0x65, 0x00, 0x72, 0x00, 0x6E, 0x00, 0x61,
	0x00, 0x74, 0x00, 0x69, 0x00, 0x6F, 0x00, 0x6E, 0x00, 0x61, 0x00, 0x6C, 0x00, 0x20, 0x00, 0x74,
	0x00, 0x72, 0x00, 0x61, 0x00, 0x64, 0x00, 0x65, 0x00, 0x6D, 0x00, 0x61, 0x00, 0x72, 0x00, 0x6B,
	0x00, 0x20, 0x00, 0x61, 0x00, 0x6E, 0x00, 0x64, 0x00, 0x20, 0x00, 0x63, 0x00, 0x6F, 0x00, 0x70,
	0x00, 0x79, 0x00, 0x72, 0x00, 0x69, 0x00, 0x67, 0x00, 0x68, 0x00, 0x74, 0x00, 0x20, 0x00, 0x6C,
	0x00, 0x61, 0x00, 0x77, 0x00, 0x2E, 0x00, 0x20, 0x00, 0x59, 0x00, 0x6F, 0x00, 0x75, 0x00, 0x20,
	0x00, 0x61, 0x00, 0x67, 0x00, 0x72, 0x00, 0x65, 0x00, 0x65, 0x00, 0x20, 0x00, 0x74, 0x00, 0x6F,
	0x00, 0x20, 0x00, 0x69, 0x00, 0x64, 0x00, 0x65, 0x00, 0x6E, 0x00, 0x74, 0x00, 0x69, 0x00, 0x66,
	0x00, 0x79, 0x00, 0x20, 0x00, 0x74, 0x00, 0x68, 0x00, 0x65, 0x00, 0x20, 0x00, 0x49, 0x00, 0x54,
	0x00, 0x46, 0x00, 0x20, 0x00, 0x66, 0x00, 0x6F, 0x00, 0x6E, 0x00, 0x74, 0x00, 0x73, 0x00, 0x20,
	0x00, 0x62, 0x00, 0x79, 0x00, 0x20, 0x00, 0x6E, 0x00, 0x61, 0x00, 0x6D, 0x00, 0x65, 0x00, 0x20,
	0x00, 0x61, 0x00, 0x6E, 0x00, 0x64, 0x00, 0x20, 0x00, 0x63, 0x00, 0x72, 0x00, 0x65, 0x00, 0x64,
	0x00, 0x69, 0x00, 0x74, 0x00, 0x20, 0x00, 0x74, 0x00, 0x68, 0x00, 0x65, 0x00, 0x20, 0x00, 0x49,
	0x00, 0x54, 0x00, 0x46, 0x00, 0x27, 0x00, 0x73, 0x00, 0x20, 0x00, 0x6F, 0x00, 0x77, 0x00, 0x6E,
	0x00, 0x65, 0x00, 0x72, 0x00, 0x73, 0x00, 0x68, 0x00, 0x69, 0x00, 0x70, 0x00, 0x20, 0x00, 0x6F,
	0x00, 0x66, 0x00, 0x20, 0x00, 0x74, 0x00, 0x68, 0x00, 0x65, 0x00, 0x20, 0x00, 0x74, 0x00, 0x72,
	0x00, 0x61, 0x00, 0x64, 0x00, 0x65, 0x00, 0x6D, 0x00, 0x61, 0x00, 0x72, 0x00, 0x6B, 0x00, 0x73,
	0x00, 0x20, 0x00, 0x61, 0x00, 0x6E, 0x00, 0x64, 0x00, 0x20, 0x00, 0x63, 0x00, 0x6F, 0x00, 0x70,
	0x00, 0x79, 0x00, 0x72, 0x00, 0x69, 0x00, 0x67, 0x00, 0x68, 0x00, 0x74, 0x00, 0x73, 0x00, 0x20,
	0x00, 0x69, 0x00, 0x6E, 0x00, 0x20, 0x00, 0x61, 0x00, 0x6E, 0x00, 0x79, 0x00, 0x20, 0x00, 0x64,
	0x00, 0x65, 0x00, 0x73, 0x00, 0x69, 0x00, 0x67, 0x00, 0x6E, 0x00, 0x20, 0x00, 0x6F, 0x00, 0x72,
	0x00, 0x20, 0x00, 0x70, 0x00, 0x72, 0x00, 0x6F, 0x00, 0x64, 0x00, 0x75, 0x00, 0x63, 0x00, 0x74,
	0x00, 0x69, 0x00, 0x6F, 0x00, 0x6E, 0x00, 0x20, 0x00, 0x63, 0x00, 0x72, 0x00, 0x65, 0x00, 0x64,
	0x00, 0x69, 0x00, 0x74, 0x00, 0x73, 0x00, 0x2E, 0x00, 0x68, 0x00, 0x74, 0x00, 0x74, 0x00, 0x70,
	0x00, 0x73, 0x00, 0x3A, 0x00, 0x2F, 0x00, 0x2F, 0x00, 0x66, 0x00, 0x6F, 0x00, 0x6E, 0x00, 0x74,
	0x00, 0x73, 0x00, 0x68, 0x00, 0x61, 0x00, 0x72, 0x00, 0x65, 0x00, 0x2E, 0x00, 0x63, 0x00, 0x6F,
	0x00, 0x6D, 0x00, 0x2F, 0x00, 0x74, 0x00, 0x65, 0x00, 0x72, 0x00, 0x6D, 0x00, 0x73, 0x00, 0x41,
	0x00, 0x6C, 0x00, 0x74, 0x00, 0x65, 0x00, 0x72, 0x00, 0x6E, 0x00, 0x61, 0x00, 0x74, 0x00, 0x65,
	0x00, 0x20, 0x00, 0x47, 0x00, 0x2C, 0x00, 0x20, 0x00, 0x61, 0x00, 0x2C, 0x00, 0x20, 0x00, 0x72,
	0x00, 0x65, 0x00, 0x67, 0x00, 0x69, 0x00, 0x73, 0x00, 0x74, 0x00, 0x65, 0x00, 0x72, 0x00, 0x65,
	0x00, 0x64, 0x00, 0x20, 0x00, 0x73, 0x00, 0x69, 0x00, 0x67, 0x00, 0x6E, 0x00, 0x41, 0x00, 0x6C,
	0x00, 0x74, 0x00, 0x65, 0x00, 0x72, 0x00, 0x6E, 0x00, 0x61, 0x00, 0x74, 0x00, 0x65, 0x00, 0x20,
	0x00, 0x67, 0x00, 0x41, 0x00, 0x6C, 0x00, 0x74, 0x00, 0x65, 0x00, 0x72, 0x00, 0x6E, 0x00, 0x61,
	0x00, 0x74, 0x00, 0x65, 0x00, 0x20, 0x00, 0x74, 0x00, 0x41, 0x00, 0x6C, 0x00, 0x74, 0x00, 0x65,
	0x00, 0x72, 0x00, 0x6E, 0x00, 0x61, 0x00, 0x74, 0x00, 0x65, 0x00, 0x20, 0x00, 0x51, 0x00, 0x00,
	0x00, 0x00, 0x00, 0x02, 0x00, 0x00, 0x00, 0x03, 0x00, 0x00, 0x00, 0x14, 0x00, 0x03, 0x00, 0x01,
	0x00, 0x00, 0x00, 0x14, 0x00, 0x04, 0x05, 0x10, 0x00, 0x00, 0x00, 0x8A, 0x00, 0x80, 0x00, 0x06,
	0x00, 0x0A, 0x00, 0x2F, 0x00, 0x39, 0x00, 0x7E, 0x00, 0xA9, 0x00, 0xAC, 0x00, 0xB9, 0x01, 0x23,
	0x01, 0x2B, 0x01, 0x31, 0x01, 0x37, 0x01, 0x48, 0x01, 0x4D, 0x01, 0x6B, 0x01, 0x7E, 0x01, 0x92,
	0x01, 0xFF, 0x02, 0x1B, 0x02, 0x37, 0x02, 0xC7, 0x02, 0xDD, 0x03, 0x04, 0x03, 0x08, 0x03, 0x0C,
	0x03, 0x12, 0x03, 0x27, 0x03, 0x35, 0x03, 0x38, 0x03, 0xA9, 0x03, 0xC0, 0x1E, 0x85, 0x1E, 0xF3,
	0x20, 0x14, 0x20, 0x1A, 0x20, 0x1E, 0x20, 0x22, 0x20, 0x26, 0x20, 0x30, 0x20, 0x32, 0x20, 0x3A,
	0x20, 0x42, 0x20, 0x44, 0x20, 0x70, 0x20, 0x79, 0x20, 0x89, 0x20, 0xAC, 0x21, 0x17, 0x21, 0x22,
	0x21, 0x2E, 0x21, 0x5E, 0x21, 0x99, 0x22, 0x02, 0x22, 0x06, 0x22, 0x0F, 0x22, 0x12, 0x22, 0x1A,
	0x22, 0x1E, 0x22, 0x2B, 0x22, 0x48, 0x22, 0x60, 0x22, 0x65, 0x25, 0xA1, 0x25, 0xB3, 0x25, 0xCB,
	0x25, 0xCF, 0x26, 0x2E, 0x27, 0x13, 0xF8, 0xFF, 0xFB, 0x04, 0xFF, 0xFF, 0x00, 0x00, 0x00, 0x20,
	0x00, 0x30, 0x00, 0x3A, 0x00, 0xA1, 0x00, 0xAB, 0x00, 0xAE, 0x00, 0xBB, 0x01, 0x26, 0x01, 0x2E,
	0x01, 0x34, 0x01, 0x39, 0x01, 0x4A, 0x01, 0x50, 0x01, 0x6E, 0x01, 0x92, 0x01, 0xFA, 0x02, 0x18,
	0x02, 0x37, 0x02, 0xC6, 0x02, 0xD8, 0x03, 0x00, 0x03, 0x06, 0x03, 0x0A, 0x03, 0x12, 0x03, 0x26,
	0x03, 0x35, 0x03, 0x37, 0x03, 0xA9, 0x03, 0xC0, 0x1E, 0x80, 0x1E, 0xF2, 0x20, 0x13, 0x20, 0x18,
	0x20, 0x1C, 0x20, 0x20, 0x20, 0x26, 0x20, 0x30, 0x20, 0x32, 0x20, 0x39, 0x20, 0x42, 0x20, 0x44,
	0x20, 0x70, 0x20, 0x74, 0x20, 0x80, 0x20, 0xAC, 0x21, 0x16, 0x21, 0x22, 0x21, 0x2E, 0x21, 0x5B,
	0x21, 0x90, 0x22, 0x02, 0x22, 0x05, 0x22, 0x0F, 0x22, 0x11, 0x22, 0x1A, 0x22, 0x1E, 0x22, 0x2B,
	0x22, 0x48, 0x22, 0x60, 0x22, 0x64, 0x25, 0xA0, 0x25, 0xB2, 0x25, 0xCA, 0x25, 0xCF, 0x26, 0x2E,
	0x27, 0x13, 0xF8, 0xFF, 0xFB, 0x00, 0xFF, 0xFF, 0x00, 0x00, 0x00, 0xD8, 0x00, 0x00, 0x00, 0x00,
	0x00, 0x00, 0x00, 0x00, 0x00, 0x00, 0x00, 0x00, 0x00, 0x00, 0x00, 0x00, 0x00, 0x00, 0x00, 0x00,
	0x00, 0x00, 0x00, 0x00, 0xFF, 0xE5, 0x00, 0x00, 0x00, 0x00, 0xFF, 0xA6, 0x00, 0x00, 0x00, 0x00,
	0x00, 0x00, 0x00, 0x00, 0x00, 0x00, 0xFE, 0xB1, 0xFE, 0x9E, 0xFE, 0xBC, 0x00, 0x00, 0xFD, 0x5D,
	0xFD, 0x47, 0x00, 0x00, 0x00, 0x00, 0x00, 0x00, 0xE1, 0x57, 0x00, 0x00, 0x00, 0x00, 0xE1, 0x2D,
	0xE1, 0x62, 0xE1, 0x84, 0xE1, 0x31, 0xE1, 0x0B, 0xE1, 0x00, 0xE0, 0xCA, 0xE0, 0xCA, 0xE0, 0x9C,
	0xE0, 0xCA, 0x00, 0x00, 0xE0, 0x8B, 0xE0, 0x85, 0xDF, 0xED, 0x00, 0x00, 0xDF, 0x8E, 0x00, 0x00,
	0xDF, 0x7D, 0x00, 0x00, 0xDF, 0x74, 0xDF, 0x6B, 0xDF, 0x5F, 0xDF, 0x3D, 0xDF, 0x1F, 0x00, 0x00,
	0xDC, 0x00, 0xDB, 0xF0, 0x00, 0x00, 0xDB, 0xCE, 0xDB, 0x76, 0xDA, 0x92, 0x08, 0xD7, 0x00, 0x00,
	0x00, 0x01, 0x00, 0x8A, 0x00, 0x00, 0x00, 0xA6, 0x01, 0x2E, 0x01, 0x3E, 0x01, 0x40, 0x01, 0x56,
	0x02, 0x26, 0x02, 0x30, 0x02, 0x36, 0x02, 0x3C, 0x02, 0x5A, 0x02, 0x60, 0x02, 0x96, 0x00, 0x00,
	0x02, 0xB4, 0x02, 0xBE, 0x00, 0x00, 0x02, 0xC2, 0x02, 0xC4, 0x02, 0xCE, 0x02, 0xD6, 0x02, 0xDA,
	0x00, 0x00, 0x00, 0x00, 0x00, 0x00, 0x02, 0xD8, 0x00, 0x00, 0x00, 0x00, 0x02, 0xD6, 0x02, 0xE0,
	0x02, 0xE2, 0x00, 0x00, 0x02, 0xE2, 0x02, 0xE6, 0x00, 0x00, 0x00, 0x00, 0x00, 0x00, 0x00, 0x00,
	0x00, 0x00, 0x00, 0x00, 0x00, 0x00, 0x00, 0x00, 0x00, 0x00, 0x00, 0x00, 0x02, 0xD6, 0x00, 0x00,
	0x00, 0x00, 0x00, 0x00, 0x02, 0xD2, 0x00, 0x00, 0x02, 0xE2, 0x00, 0x00, 0x02, 0xE2, 0x00, 0x00,
	0x00, 0x00, 0x00, 0x00, 0x00, 0x00, 0x00, 0x00, 0x02, 0xDA, 0x00, 0x00, 0x00, 0x00, 0x02, 0xD8,
	0x00, 0x00, 0x00, 0x00, 0x00, 0x00, 0x00, 0x00, 0x02, 0xD2, 0x00, 0x00, 0x01, 0x72, 0x01, 0x54,
	0x01, 0x5A, 0x01, 0x56, 0x01, 0x75, 0x01, 0x91, 0x01, 0xA7, 0x01, 0x5B, 0x01, 0x63, 0x01, 0x64,
	0x01, 0x4C, 0x01, 0x7A, 0x01, 0x52, 0x01, 0x67, 0x01, 0x57, 0x01, 0x5D, 0x01, 0x51, 0x01, 0x5C,
	0x01, 0x81, 0x01, 0x7E, 0x01, 0x80, 0x01, 0x58, 0x01, 0xA6, 0x00, 0x01, 0x00, 0x0E, 0x00, 0x0F,
	0x00, 0x15, 0x00, 0x19, 0x00, 0x23, 0x00, 0x24, 0x00, 0x29, 0x00, 0x2B, 0x00, 0x34, 0x00, 0x36,
	0x00, 0x38, 0x00, 0x3E, 0x00, 0x3F, 0x00, 0x45, 0x00, 0x50, 0x00, 0x52, 0x00, 0x53, 0x00, 0x57,
	0x00, 0x5D, 0x00, 0x62, 0x00, 0x6C, 0x00, 0x6D, 0x00, 0x72, 0x00, 0x73, 0x00, 0x78, 0x01, 0x61,
	0x01, 0x4E, 0x01, 0x62, 0x01, 0xB5, 0x01, 0x5E, 0x01, 0xCE, 0x00, 0x7D, 0x00, 0x8A, 0x00, 0x8B,
	0x00, 0x91, 0x00, 0x95, 0x00, 0x9F, 0x00, 0xA0, 0x00, 0xA5, 0x00, 0xA7, 0x00, 0xB0, 0x00, 0xB2,
	0x00, 0xB4, 0x00, 0xBA, 0x00, 0xBB, 0x00, 0xC1, 0x00, 0xCC, 0x00, 0xCE, 0x00, 0xCF, 0x00, 0xD3,
	0x00, 0xDA, 0x00, 0xDF, 0x00, 0xE9, 0x00, 0xEA, 0x00, 0xEF, 0x00, 0xF0, 0x00, 0xF5, 0x01, 0x5F,
	0x01, 0xAF, 0x01, 0x60, 0x01, 0x86, 0x01, 0x55, 0x01, 0x73, 0x01, 0x78, 0x01, 0x74, 0x01, 0x79,
	0x01, 0xB0, 0x01, 0xA9, 0x01, 0xCC, 0x01, 0xAA, 0x01, 0x68, 0x01, 0x87, 0x01, 0xAB, 0x01, 0xD0,
	0x01, 0xAE, 0x01, 0x84, 0x01, 0x3C, 0x01, 0x3D, 0x01, 0xC7, 0x01, 0x8F, 0x01, 0xA8, 0x01, 0x4F,
	0x01, 0xCA, 0x01, 0x3B, 0x01, 0x69, 0x01, 0x46, 0x01, 0x45, 0x01, 0x47, 0x01, 0x59, 0x00, 0x06,
	0x00, 0x02, 0x00, 0x04, 0x00, 0x0B, 0x00, 0x05, 0x00, 0x09, 0x00, 0x0C, 0x00, 0x12, 0x00, 0x20,
	0x00, 0x1A, 0x00, 0x1D, 0x00, 0x1E, 0x00, 0x30, 0x00, 0x2C, 0x00, 0x2D, 0x00, 0x2E, 0x00, 0x16,
	0x00, 0x44, 0x00, 0x49, 0x00, 0x46, 0x00, 0x47, 0x00, 0x4E, 0x00, 0x48, 0x01, 0x7C, 0x00, 0x4C,
	0x00, 0x66, 0x00, 0x63, 0x00, 0x64, 0x00, 0x65, 0x00, 0x74, 0x00, 0x51, 0x00, 0xD9, 0x00, 0x82,
	0x00, 0x7E, 0x00, 0x80, 0x00, 0x87, 0x00, 0x81, 0x00, 0x85, 0x00, 0x88, 0x00, 0x8E, 0x00, 0x9C,
	0x00, 0x96, 0x00, 0x99, 0x00, 0x9A, 0x00, 0xAC, 0x00, 0xA8, 0x00, 0xA9, 0x00, 0xAA, 0x00, 0x92,
	0x00, 0xC0, 0x00, 0xC5, 0x00, 0xC2, 0x00, 0xC3, 0x00, 0xCA, 0x00, 0xC4, 0x01, 0x7D, 0x00, 0xC8,
	0x00, 0xE3, 0x00, 0xE0, 0x00, 0xE1, 0x00, 0xE2, 0x00, 0xF1, 0x00, 0xCD, 0x00, 0xF3, 0x00, 0x07,
	0x00, 0x83, 0x00, 0x03, 0x00, 0x7F, 0x00, 0x08, 0x00, 0x84, 0x00, 0x10, 0x00, 0x8C, 0x00, 0x13,
	0x00, 0x8F, 0x00, 0x14, 0x00, 0x90, 0x00, 0x11, 0x00, 0x8D, 0x00, 0x17, 0x00, 0x93, 0x00, 0x18,
	0x00, 0x94, 0x00, 0x21, 0x00, 0x9D, 0x00, 0x1B, 0x00, 0x97, 0x00, 0x1F, 0x00, 0x9B, 0x00, 0x22,
	0x00, 0x9E, 0x00, 0x1C, 0x00, 0x98, 0x00, 0x26, 0x00, 0xA2, 0x00, 0x25, 0x00, 0xA1, 0x00, 0x28,
	0x00, 0xA4, 0x00, 0x27, 0x00, 0xA3, 0x00, 0x2A, 0x00, 0xA6, 0x00, 0x33, 0x00, 0xAF, 0x00, 0x31,
	0x00, 0xAD, 0x00, 0x32, 0x00, 0xAE, 0x00, 0x2F, 0x01, 0xDC, 0x00, 0x35, 0x00, 0xB1, 0x00, 0x37,
	0x00, 0xB3, 0x00, 0x39, 0x00, 0xB5, 0x00, 0x3B, 0x00, 0xB7, 0x00, 0x3A, 0x00, 0xB6, 0x00, 0x3C,
	0x00, 0xB8, 0x00, 0x3D, 0x00, 0xB9, 0x00, 0x40, 0x00, 0xBC, 0x00, 0x42, 0x00, 0xBE, 0x00, 0x41,
	0x00, 0xBD, 0x00, 0x43, 0x00, 0xBF, 0x00, 0x4B, 0x00, 0xC7, 0x00, 0x4A, 0x00, 0xC6, 0x00, 0x4F,
	0x00, 0xCB, 0x00, 0x54, 0x00, 0xD0, 0x00, 0x56, 0x00, 0xD2, 0x00, 0x55, 0x00, 0xD1, 0x00, 0x58,
	0x00, 0xD4, 0x00, 0x5B, 0x00, 0xD7, 0x00, 0x5A, 0x00, 0xD6, 0x00, 0x59, 0x00, 0xD5, 0x00, 0x60,
	0x00, 0xDD, 0x00, 0x5F, 0x00, 0xDC, 0x00, 0x5E, 0x00, 0xDB, 0x00, 0x6B, 0x00, 0xE8, 0x00, 0x68,
	0x00, 0xE5, 0x00, 0x6A, 0x00, 0xE7, 0x00, 0x67, 0x00, 0xE4, 0x00, 0x69, 0x00, 0xE6, 0x00, 0x6F,
	0x00, 0xEC, 0x00, 0x75, 0x00, 0xF2, 0x00, 0x76, 0x00, 0x79, 0x00, 0xF6, 0x00, 0x7B, 0x00, 0xF8,
	0x00, 0x7A, 0x00, 0xF7, 0x00, 0x0A, 0x00, 0x86, 0x00, 0x0D, 0x00, 0x89, 0x00, 0x4D, 0x00, 0xC9,
	0x00, 0x5C, 0x00, 0xD8, 0x00, 0x61, 0x00, 0xDE, 0x01, 0xCB, 0x01, 0xC9, 0x01, 0xC8, 0x01, 0xCD,
	0x01, 0xD2, 0x01, 0xD1, 0x01, 0xD3, 0x01, 0xCF, 0x01, 0xBA, 0x01, 0xBB, 0x01, 0xBD, 0x01, 0xC1,
	0x01, 0xC2, 0x01, 0xBF, 0x01, 0xB9, 0x01, 0xB8, 0x01, 0xC0, 0x01, 0xBC, 0x01, 0xBE, 0x01, 0xF2,
	0x01, 0xC6, 0x00, 0x71, 0x00, 0xEE, 0x00, 0x6E, 0x00, 0xEB, 0x00, 0x70, 0x00, 0xED, 0x00, 0x77,
	0x00, 0xF4, 0x01, 0x66, 0x01, 0x65, 0x01, 0x6D, 0x01, 0x6E, 0x01, 0x6C, 0x01, 0xB1, 0x01, 0xB2,
	0x01, 0x50, 0x01, 0xB4, 0x01, 0xAC, 0x01, 0x99, 0x01, 0x93, 0x01, 0x95, 0x01, 0x97, 0x01, 0x9B,
	0x01, 0x9C, 0x01, 0x9A, 0x01, 0x94, 0x01, 0x96, 0x01, 0x98, 0x01, 0x88, 0x01, 0x8B, 0x01, 0x8D,
	0x01, 0x7B, 0x01, 0x83, 0x01, 0x82, 0x01, 0x9F, 0x01, 0x9E, 0x00, 0xFC, 0x01, 0x01, 0x01, 0x02,
	0x00, 0xFD, 0x00, 0xFE, 0x00, 0x03, 0x00, 0x00, 0x00, 0x00, 0x00, 0x00, 0xFF, 0x3D, 0x00, 0x50,
	0x00, 0x00, 0x00, 0x00, 0x00, 0x00, 0x00, 0x00, 0x00, 0x00, 0x00, 0x00, 0x00, 0x00, 0x00, 0x00,
	0x00, 0x00, 0x00, 0x00, 0x01, 0x00, 0x04, 0x02, 0x00, 0x01, 0x01, 0x01, 0x10, 0x53, 0x61, 0x74,
	0x6F, 0x73, 0x68, 0x69, 0x2D, 0x52, 0x65, 0x67, 0x75, 0x6C, 0x61, 0x72, 0x00, 0x01, 0x01, 0x01,
	0x40, 0xF9, 0x2D, 0x00, 0xF9, 0x2E, 0x01, 0xF9, 0x2F, 0x0C, 0x00, 0xF9, 0x30, 0x02, 0xF9, 0x31,
	0x03, 0xF9, 0x32, 0x04, 0xFB, 0x57, 0x0C, 0x03, 0xDB, 0x0C, 0x04, 0xFB, 0x5F, 0xFB, 0x74, 0x1D,
	0x00, 0x00, 0x06, 0x53, 0xFA, 0x96, 0x05, 0x1D, 0x00, 0x00, 0x1C, 0xDF, 0x0F, 0x1D, 0x00, 0x00,
	0x1F, 0xDA, 0x10, 0xB1, 0x1D, 0x00, 0x00, 0x59, 0xF3, 0x12, 0x1D, 0x00, 0x00, 0x1F, 0xDC, 0x11,
	0x01, 0x18, 0x02, 0x00, 0x01, 0x00, 0x07, 0x00, 0x0E, 0x00, 0x15, 0x00, 0x1F, 0x00, 0x26, 0x00,
	0x2C, 0x00, 0x32, 0x00, 0x3D, 0x00, 0x47, 0x00, 0x4D, 0x00, 0x53, 0x00, 0x59, 0x00, 0x5F, 0x00,
	0x69, 0x00, 0x70, 0x00, 0x77, 0x00, 0x7D, 0x00, 0x88, 0x00, 0x94, 0x00, 0x9E, 0x00, 0xA2, 0x00,
	0xAC, 0x00, 0xB3, 0x00, 0xBA, 0x00, 0xC0, 0x00, 0xCB, 0x00, 0xD7, 0x00, 0xDD, 0x00, 0xE3, 0x00,
	0xEF, 0x00, 0xF3, 0x00, 0xF9, 0x00, 0xFF, 0x01, 0x0B, 0x01, 0x0E, 0x01, 0x1B, 0x01, 0x22, 0x01,
	0x2D, 0x01, 0x33, 0x01, 0x39, 0x01, 0x45, 0x01, 0x4B, 0x01, 0x53, 0x01, 0x5E, 0x01, 0x6A, 0x01,
	0x6E, 0x01, 0x74, 0x01, 0x7C, 0x01, 0x88, 0x01, 0x95, 0x01, 0x9C, 0x01, 0xA3, 0x01, 0xA8, 0x01,
	0xAE, 0x01, 0xB4, 0x01, 0xBF, 0x01, 0xC8, 0x01, 0xCE, 0x01, 0xD9, 0x01, 0xDF, 0x01, 0xE5, 0x01,
	0xEF, 0x01, 0xF5, 0x01, 0xFB, 0x02, 0x02, 0x02, 0x09, 0x02, 0x13, 0x02, 0x1A, 0x02, 0x20, 0x02,
	0x26, 0x02, 0x31, 0x02, 0x3B, 0x02, 0x41, 0x02, 0x47, 0x02, 0x4D, 0x02, 0x53, 0x02, 0x5D, 0x02,
	0x64, 0x02, 0x6B, 0x02, 0x71, 0x02, 0x7C, 0x02, 0x88, 0x02, 0x92, 0x02, 0x96, 0x02, 0xA0, 0x02,
	0xA7, 0x02, 0xAE, 0x02, 0xB4, 0x02, 0xBF, 0x02, 0xCB, 0x02, 0xD1, 0x02, 0xD7, 0x02, 0xE3, 0x02,
	0xE7, 0x02, 0xED, 0x02, 0xF3, 0x02, 0xFF, 0x03, 0x02, 0x03, 0x0F, 0x03, 0x16, 0x03, 0x21, 0x03,
	0x27, 0x03, 0x2D, 0x03, 0x39, 0x03, 0x3F, 0x03, 0x47, 0x03, 0x52, 0x03, 0x5E, 0x03, 0x62, 0x03,
	0x68, 0x03, 0x70, 0x03, 0x7C, 0x03, 0x89, 0x03, 0x90, 0x03, 0x97, 0x03, 0x9C, 0x03, 0xA2, 0x03,
	0xA8, 0x03, 0xB3, 0x03, 0xBC, 0x03, 0xC2, 0x03, 0xCD, 0x03, 0xD3, 0x03, 0xD9, 0x03, 0xE3, 0x03,
	0xE9, 0x03, 0xEF, 0x03, 0xF5, 0x03, 0xF8, 0x03, 0xFD, 0x04, 0x02, 0x04, 0x05, 0x04, 0x08, 0x04,
	0x0B, 0x04, 0x0E, 0x04, 0x11, 0x04, 0x16, 0x04, 0x18, 0x04, 0x1F, 0x04, 0x25, 0x04, 0x2B, 0x04,
	0x33, 0x04, 0x3A, 0x04, 0x41, 0x04, 0x47, 0x04, 0x4F, 0x04, 0x57, 0x04, 0x5E, 0x04, 0x6B, 0x04,
	0x77, 0x04, 0x83, 0x04, 0x91, 0x04, 0x9E, 0x04, 0xAB, 0x04, 0xB7, 0x04, 0xC5, 0x04, 0xD3, 0x04,
	0xE0, 0x04, 0xE9, 0x04, 0xF1, 0x04, 0xF9, 0x05, 0x03, 0x05, 0x0C, 0x05, 0x15, 0x05, 0x1D, 0x05,
	0x27, 0x05, 0x31, 0x05, 0x3A, 0x05, 0x43, 0x05, 0x4B, 0x05, 0x53, 0x05, 0x5D, 0x05, 0x66, 0x05,
	0x6F, 0x05, 0x77, 0x05, 0x81, 0x05, 0x8B, 0x05, 0x94, 0x05, 0xA1, 0x05, 0xAE, 0x05, 0xBB, 0x05,
	0xC7, 0x05, 0xD5, 0x05, 0xE3, 0x05, 0xF0, 0x05, 0xF8, 0x05, 0xFC, 0x06, 0x04, 0x06, 0x10, 0x06,
	0x19, 0x06, 0x24, 0x06, 0x2C, 0x06, 0x34, 0x06, 0x3C, 0x06, 0x45, 0x06, 0x4C, 0x06, 0x55, 0x06,
	0x5C, 0x06, 0x61, 0x06, 0x6C, 0x06, 0x73, 0x06, 0x7A, 0x06, 0x84, 0x06, 0x8B, 0x06, 0x94, 0x06,
	0x9B, 0x06, 0xA4, 0x06, 0xAB, 0x06, 0xB4, 0x06, 0xBD, 0x06, 0xC8, 0x06, 0xCE, 0x06, 0xD5, 0x06,
	0xDE, 0x06, 0xE9, 0x06, 0xF0, 0x06, 0xFF, 0x07, 0x04, 0x07, 0x09, 0x07, 0x17, 0x07, 0x20, 0x07,
	0x26, 0x07, 0x2C, 0x07, 0x3B, 0x07, 0x47, 0x07, 0x54, 0x07, 0x5D, 0x07, 0x66, 0x07, 0x76, 0x07,
	0x84, 0x07, 0x8D, 0x07, 0x96, 0x07, 0x9E, 0x07, 0xA7, 0x07, 0xB1, 0x07, 0xC5, 0x07, 0xD4, 0x07,
	0xDF, 0x07, 0xEC, 0x07, 0xFF, 0x08, 0x13, 0x08, 0x16, 0x08, 0x21, 0x08, 0x31, 0x08, 0x42, 0x08,
	0x51, 0x08, 0x57, 0x08, 0x5F, 0x08, 0x6A, 0x08, 0x75, 0x08, 0x85, 0x08, 0x93, 0x08, 0x9E, 0x08,
	0xAA, 0x08, 0xB6, 0x08, 0xC0, 0x08, 0xCF, 0x08, 0xDA, 0x08, 0xE5, 0x08, 0xF5, 0x09, 0x06, 0x09,
	0x15, 0x09, 0x1E, 0x09, 0x29, 0x09, 0x36, 0x09, 0x47, 0x09, 0x54, 0x09, 0x63, 0x09, 0x71, 0x09,
	0x85, 0x09, 0x98, 0x09, 0xAB, 0x09, 0xBD, 0x09, 0xCC, 0x09, 0xCF, 0x0A, 0x01, 0x0A, 0x3E, 0x0A,
	0x4D, 0x0A, 0x54, 0x0A, 0x5A, 0x41, 0x62, 0x72, 0x65, 0x76, 0x65, 0x41, 0x6D, 0x61, 0x63, 0x72,
	0x6F, 0x6E, 0x41, 0x6F, 0x67, 0x6F, 0x6E, 0x65, 0x6B, 0x41, 0x72, 0x69, 0x6E, 0x67, 0x61, 0x63,
	0x75, 0x74, 0x65, 0x41, 0x45, 0x61, 0x63, 0x75, 0x74, 0x65, 0x43, 0x61, 0x63, 0x75, 0x74, 0x65,
	0x43, 0x63, 0x61, 0x72, 0x6F, 0x6E, 0x43, 0x63, 0x69, 0x72, 0x63, 0x75, 0x6D, 0x66, 0x6C, 0x65,
	0x78, 0x43, 0x64, 0x6F, 0x74, 0x61, 0x63, 0x63, 0x65, 0x6E, 0x74, 0x44, 0x63, 0x61, 0x72, 0x6F,
	0x6E, 0x44, 0x63, 0x72, 0x6F, 0x61, 0x74, 0x45, 0x62, 0x72, 0x65, 0x76, 0x65, 0x45, 0x63, 0x61,
	0x72, 0x6F, 0x6E, 0x45, 0x64, 0x6F, 0x74, 0x61, 0x63, 0x63, 0x65, 0x6E, 0x74, 0x45, 0x6D, 0x61,
	0x63, 0x72, 0x6F, 0x6E, 0x45, 0x6F, 0x67, 0x6F, 0x6E, 0x65, 0x6B, 0x47, 0x62, 0x72, 0x65, 0x76,
	0x65, 0x47, 0x63, 0x69, 0x72, 0x63, 0x75, 0x6D, 0x66, 0x6C, 0x65, 0x78, 0x47, 0x63, 0x6F, 0x6D,
	0x6D, 0x61, 0x61, 0x63, 0x63, 0x65, 0x6E, 0x74, 0x47, 0x64, 0x6F, 0x74, 0x61, 0x63, 0x63, 0x65,
	0x6E, 0x74, 0x48, 0x62, 0x61, 0x72, 0x49, 0x64, 0x6F, 0x74, 0x61, 0x63, 0x63, 0x65, 0x6E, 0x74,
	0x49, 0x6D, 0x61, 0x63, 0x72, 0x6F, 0x6E, 0x49, 0x6F, 0x67, 0x6F, 0x6E, 0x65, 0x6B, 0x49, 0x74,
	0x69, 0x6C, 0x64, 0x65, 0x4A, 0x63, 0x69, 0x72, 0x63, 0x75, 0x6D, 0x66, 0x6C, 0x65, 0x78, 0x4B,
	0x63, 0x6F, 0x6D, 0x6D, 0x61, 0x61, 0x63, 0x63, 0x65, 0x6E, 0x74, 0x4C, 0x61, 0x63, 0x75, 0x74,
	0x65, 0x4C, 0x63, 0x61, 0x72, 0x6F, 0x6E, 0x4C, 0x63, 0x6F, 0x6D, 0x6D, 0x61, 0x61, 0x63, 0x63,
	0x65, 0x6E, 0x74, 0x4C, 0x64, 0x6F, 0x74, 0x4E, 0x61, 0x63, 0x75, 0x74, 0x65, 0x4E, 0x63, 0x61,
	0x72, 0x6F, 0x6E, 0x4E, 0x63, 0x6F, 0x6D, 0x6D, 0x61, 0x61, 0x63, 0x63, 0x65, 0x6E, 0x74, 0x45,
	0x6E, 0x67, 0x4F, 0x68, 0x75, 0x6E, 0x67, 0x61, 0x72, 0x75, 0x6D, 0x6C, 0x61, 0x75, 0x74, 0x4F,
	0x6D, 0x61, 0x63, 0x72, 0x6F, 0x6E, 0x4F, 0x73, 0x6C, 0x61, 0x73, 0x68, 0x61, 0x63, 0x75, 0x74,
	0x65, 0x52, 0x61, 0x63, 0x75, 0x74, 0x65, 0x52, 0x63, 0x61, 0x72, 0x6F, 0x6E, 0x52, 0x63, 0x6F,
	0x6D, 0x6D, 0x61, 0x61, 0x63, 0x63, 0x65, 0x6E, 0x74, 0x53, 0x61, 0x63, 0x75, 0x74, 0x65, 0x53,
	0x63, 0x65, 0x64, 0x69, 0x6C, 0x6C, 0x61, 0x53, 0x63, 0x69, 0x72, 0x63, 0x75, 0x6D, 0x66, 0x6C,
	0x65, 0x78, 0x53, 0x63, 0x6F, 0x6D, 0x6D, 0x61, 0x61, 0x63, 0x63, 0x65, 0x6E, 0x74, 0x54, 0x62,
	0x61, 0x72, 0x54, 0x63, 0x61, 0x72, 0x6F, 0x6E, 0x54, 0x63, 0x65, 0x64, 0x69, 0x6C, 0x6C, 0x61,
	0x54, 0x63, 0x6F, 0x6D, 0x6D, 0x61, 0x61, 0x63, 0x63, 0x65, 0x6E, 0x74, 0x55, 0x68, 0x75, 0x6E,
	0x67, 0x61, 0x72, 0x75, 0x6D, 0x6C, 0x61, 0x75, 0x74, 0x55, 0x6D, 0x61, 0x63, 0x72, 0x6F, 0x6E,
	0x55, 0x6F, 0x67, 0x6F, 0x6E, 0x65, 0x6B, 0x55, 0x72, 0x69, 0x6E, 0x67, 0x55, 0x74, 0x69, 0x6C,
	0x64, 0x65, 0x57, 0x61, 0x63, 0x75, 0x74, 0x65, 0x57, 0x63, 0x69, 0x72, 0x63, 0x75, 0x6D, 0x66,
	0x6C, 0x65, 0x78, 0x57, 0x64, 0x69, 0x65, 0x72, 0x65, 0x73, 0x69, 0x73, 0x57, 0x67, 0x72, 0x61,
	0x76, 0x65, 0x59, 0x63, 0x69, 0x72, 0x63, 0x75, 0x6D, 0x66, 0x6C, 0x65, 0x78, 0x59, 0x67, 0x72,
	0x61, 0x76, 0x65, 0x5A, 0x61, 0x63, 0x75, 0x74, 0x65, 0x5A, 0x64, 0x6F, 0x74, 0x61, 0x63, 0x63,
	0x65, 0x6E, 0x74, 0x47, 0x2E, 0x73, 0x73, 0x30, 0x31, 0x61, 0x62, 0x72, 0x65, 0x76, 0x65, 0x61,
	0x6D, 0x61, 0x63, 0x72, 0x6F, 0x6E, 0x61, 0x6F, 0x67, 0x6F, 0x6E, 0x65, 0x6B, 0x61, 0x72, 0x69,
	0x6E, 0x67, 0x61, 0x63, 0x75, 0x74, 0x65, 0x61, 0x65, 0x61, 0x63, 0x75, 0x74, 0x65, 0x63, 0x61,
	0x63, 0x75, 0x74, 0x65, 0x63, 0x63, 0x61, 0x72, 0x6F, 0x6E, 0x63, 0x63, 0x69, 0x72, 0x63, 0x75,
	0x6D, 0x66, 0x6C, 0x65, 0x78, 0x63, 0x64, 0x6F, 0x74, 0x61, 0x63, 0x63, 0x65, 0x6E, 0x74, 0x64,
	0x63, 0x61, 0x72, 0x6F, 0x6E, 0x64, 0x63, 0x72, 0x6F, 0x61, 0x74, 0x65, 0x62, 0x72, 0x65, 0x76,
	0x65, 0x65, 0x63, 0x61, 0x72, 0x6F, 0x6E, 0x65, 0x64, 0x6F, 0x74, 0x61, 0x63, 0x63, 0x65, 0x6E,
	0x74, 0x65, 0x6D, 0x61, 0x63, 0x72, 0x6F, 0x6E, 0x65, 0x6F, 0x67, 0x6F, 0x6E, 0x65, 0x6B, 0x67,
	0x62, 0x72, 0x65, 0x76, 0x65, 0x67, 0x63, 0x69, 0x72, 0x63, 0x75, 0x6D, 0x66, 0x6C, 0x65, 0x78,
	0x67, 0x63, 0x6F, 0x6D, 0x6D, 0x61, 0x61, 0x63, 0x63, 0x65, 0x6E, 0x74, 0x67, 0x64, 0x6F, 0x74,
	0x61, 0x63, 0x63, 0x65, 0x6E, 0x74, 0x68, 0x62, 0x61, 0x72, 0x69, 0x64, 0x6F, 0x74, 0x61, 0x63,
	0x63, 0x65, 0x6E, 0x74, 0x69, 0x6D, 0x61, 0x63, 0x72, 0x6F, 0x6E, 0x69, 0x6F, 0x67, 0x6F, 0x6E,
	0x65, 0x6B, 0x69, 0x74, 0x69, 0x6C, 0x64, 0x65, 0x6A, 0x63, 0x69, 0x72, 0x63, 0x75, 0x6D, 0x66,
	0x6C, 0x65, 0x78, 0x6B, 0x63, 0x6F, 0x6D, 0x6D, 0x61, 0x61, 0x63, 0x63, 0x65, 0x6E, 0x74, 0x6C,
	0x61, 0x63, 0x75, 0x74, 0x65, 0x6C, 0x63, 0x61, 0x72, 0x6F, 0x6E, 0x6C, 0x63, 0x6F, 0x6D, 0x6D,
	0x61, 0x61, 0x63, 0x63, 0x65, 0x6E, 0x74, 0x6C, 0x64, 0x6F, 0x74, 0x6E, 0x61, 0x63, 0x75, 0x74,
	0x65, 0x6E, 0x63, 0x61, 0x72, 0x6F, 0x6E, 0x6E, 0x63, 0x6F, 0x6D, 0x6D, 0x61, 0x61, 0x63, 0x63,
	0x65, 0x6E, 0x74, 0x65, 0x6E, 0x67, 0x6F, 0x68, 0x75, 0x6E, 0x67, 0x61, 0x72, 0x75, 0x6D, 0x6C,
	0x61, 0x75, 0x74, 0x6F, 0x6D, 0x61, 0x63, 0x72, 0x6F, 0x6E, 0x6F, 0x73, 0x6C, 0x61, 0x73, 0x68,
	0x61, 0x63, 0x75, 0x74, 0x65, 0x72, 0x61, 0x63, 0x75, 0x74, 0x65, 0x72, 0x63, 0x61, 0x72, 0x6F,
	0x6E, 0x72, 0x63, 0x6F, 0x6D, 0x6D, 0x61, 0x61, 0x63, 0x63, 0x65, 0x6E, 0x74, 0x73, 0x61, 0x63,
	0x75, 0x74, 0x65, 0x73, 0x63, 0x65, 0x64, 0x69, 0x6C, 0x6C, 0x61, 0x73, 0x63, 0x69, 0x72, 0x63,
	0x75, 0x6D, 0x66, 0x6C, 0x65, 0x78, 0x73, 0x63, 0x6F, 0x6D, 0x6D, 0x61, 0x61, 0x63, 0x63, 0x65,
	0x6E, 0x74, 0x74, 0x62, 0x61, 0x72, 0x74, 0x63, 0x61, 0x72, 0x6F, 0x6E, 0x74, 0x63, 0x65, 0x64,
	0x69, 0x6C, 0x6C, 0x61, 0x74, 0x63, 0x6F, 0x6D, 0x6D, 0x61, 0x61, 0x63, 0x63, 0x65, 0x6E, 0x74,
	0x75, 0x68, 0x75, 0x6E, 0x67, 0x61, 0x72, 0x75, 0x6D, 0x6C, 0x61, 0x75, 0x74, 0x75, 0x6D, 0x61,
	0x63, 0x72, 0x6F, 0x6E, 0x75, 0x6F, 0x67, 0x6F, 0x6E, 0x65, 0x6B, 0x75, 0x72, 0x69, 0x6E, 0x67,
	0x75, 0x74, 0x69, 0x6C, 0x64, 0x65, 0x77, 0x61, 0x63, 0x75, 0x74, 0x65, 0x77, 0x63, 0x69, 0x72,
	0x63, 0x75, 0x6D, 0x66, 0x6C, 0x65, 0x78, 0x77, 0x64, 0x69, 0x65, 0x72, 0x65, 0x73, 0x69, 0x73,
	0x77, 0x67, 0x72, 0x61, 0x76, 0x65, 0x79, 0x63, 0x69, 0x72, 0x63, 0x75, 0x6D, 0x66, 0x6C, 0x65,
	0x78, 0x79, 0x67, 0x72, 0x61, 0x76, 0x65, 0x7A, 0x61, 0x63, 0x75, 0x74, 0x65, 0x7A, 0x64, 0x6F,
	0x74, 0x61, 0x63, 0x63, 0x65, 0x6E, 0x74, 0x61, 0x2E, 0x73, 0x73, 0x30, 0x31, 0x67, 0x2E, 0x73,
	0x73, 0x30, 0x32, 0x74, 0x2E, 0x73, 0x73, 0x30, 0x33, 0x66, 0x5F, 0x66, 0x66, 0x5F, 0x66, 0x5F,
	0x69, 0x66, 0x5F, 0x66, 0x5F, 0x6C, 0x66, 0x5F, 0x74, 0x66, 0x5F, 0x79, 0x74, 0x5F, 0x69, 0x74,
	0x5F, 0x74, 0x74, 0x5F, 0x79, 0x4F, 0x6D, 0x65, 0x67, 0x61, 0x70, 0x69, 0x7A, 0x65, 0x72, 0x6F,
	0x2E, 0x74, 0x66, 0x6F, 0x6E, 0x65, 0x2E, 0x74, 0x66, 0x74, 0x77, 0x6F, 0x2E, 0x74, 0x66, 0x74,
	0x68, 0x72, 0x65, 0x65, 0x2E, 0x74, 0x66, 0x66, 0x6F, 0x75, 0x72, 0x2E, 0x74, 0x66, 0x66, 0x69,
	0x76, 0x65, 0x2E, 0x74, 0x66, 0x73, 0x69, 0x78, 0x2E, 0x74, 0x66, 0x73, 0x65, 0x76, 0x65, 0x6E,
	0x2E, 0x74, 0x66, 0x65, 0x69, 0x67, 0x68, 0x74, 0x2E, 0x74, 0x66, 0x6E, 0x69, 0x6E, 0x65, 0x2E,
	0x74, 0x66, 0x7A, 0x65, 0x72, 0x6F, 0x2E, 0x69, 0x6E, 0x66, 0x65, 0x72, 0x69, 0x6F, 0x72, 0x6F,
	0x6E, 0x65, 0x2E, 0x69, 0x6E, 0x66, 0x65, 0x72, 0x69, 0x6F, 0x72, 0x74, 0x77, 0x6F, 0x2E, 0x69,
	0x6E, 0x66, 0x65, 0x72, 0x69, 0x6F, 0x72, 0x74, 0x68, 0x72, 0x65, 0x65, 0x2E, 0x69, 0x6E, 0x66,
	0x65, 0x72, 0x69, 0x6F, 0x72, 0x66, 0x6F, 0x75, 0x72, 0x2E, 0x69, 0x6E, 0x66, 0x65, 0x72, 0x69,
	0x6F, 0x72, 0x66, 0x69, 0x76, 0x65, 0x2E, 0x69, 0x6E, 0x66, 0x65, 0x72, 0x69, 0x6F, 0x72, 0x73,
	0x69, 0x78, 0x2E, 0x69, 0x6E, 0x66, 0x65, 0x72, 0x69, 0x6F, 0x72, 0x73, 0x65, 0x76, 0x65, 0x6E,
	0x2E, 0x69, 0x6E, 0x66, 0x65, 0x72, 0x69, 0x6F, 0x72, 0x65, 0x69, 0x67, 0x68, 0x74, 0x2E, 0x69,
	0x6E, 0x66, 0x65, 0x72, 0x69, 0x6F, 0x72, 0x6E, 0x69, 0x6E, 0x65, 0x2E, 0x69, 0x6E, 0x66, 0x65,
	0x72, 0x69, 0x6F, 0x72, 0x7A, 0x65, 0x72, 0x6F, 0x2E, 0x64, 0x6E, 0x6F, 0x6D, 0x6F, 0x6E, 0x65,
	0x2E, 0x64, 0x6E, 0x6F, 0x6D, 0x74, 0x77, 0x6F, 0x2E, 0x64, 0x6E, 0x6F, 0x6D, 0x74, 0x68, 0x72,
	0x65, 0x65, 0x2E, 0x64, 0x6E, 0x6F, 0x6D, 0x66, 0x6F, 0x75, 0x72, 0x2E, 0x64, 0x6E, 0x6F, 0x6D,
	0x66, 0x69, 0x76, 0x65, 0x2E, 0x64, 0x6E, 0x6F, 0x6D, 0x73, 0x69, 0x78, 0x2E, 0x64, 0x6E, 0x6F,
	0x6D, 0x73, 0x65, 0x76, 0x65, 0x6E, 0x2E, 0x64, 0x6E, 0x6F, 0x6D, 0x65, 0x69, 0x67, 0x68, 0x74,
	0x2E, 0x64, 0x6E, 0x6F, 0x6D, 0x6E, 0x69, 0x6E, 0x65, 0x2E, 0x64, 0x6E, 0x6F, 0x6D, 0x7A, 0x65,
	0x72, 0x6F, 0x2E, 0x6E, 0x75, 0x6D, 0x72, 0x6F, 0x6E, 0x65, 0x2E, 0x6E, 0x75, 0x6D, 0x72, 0x74,
	0x77, 0x6F, 0x2E, 0x6E, 0x75, 0x6D, 0x72, 0x74, 0x68, 0x72, 0x65, 0x65, 0x2E, 0x6E, 0x75, 0x6D,
	0x72, 0x66, 0x6F, 0x75, 0x72, 0x2E, 0x6E, 0x75, 0x6D, 0x72, 0x66, 0x69, 0x76, 0x65, 0x2E, 0x6E,
	0x75, 0x6D, 0x72, 0x73, 0x69, 0x78, 0x2E, 0x6E, 0x75, 0x6D, 0x72, 0x73, 0x65, 0x76, 0x65, 0x6E,
	0x2E, 0x6E, 0x75, 0x6D, 0x72, 0x65, 0x69, 0x67, 0x68, 0x74, 0x2E, 0x6E, 0x75, 0x6D, 0x72, 0x6E,
	0x69, 0x6E, 0x65, 0x2E, 0x6E, 0x75, 0x6D, 0x72, 0x7A, 0x65, 0x72, 0x6F, 0x2E, 0x73, 0x75, 0x70,
	0x65, 0x72, 0x69, 0x6F, 0x72, 0x66, 0x6F, 0x75, 0x72, 0x2E, 0x73, 0x75, 0x70, 0x65, 0x72, 0x69,
	0x6F, 0x72, 0x66, 0x69, 0x76, 0x65, 0x2E, 0x73, 0x75, 0x70, 0x65, 0x72, 0x69, 0x6F, 0x72, 0x73,
	0x69, 0x78, 0x2E, 0x73, 0x75, 0x70, 0x65, 0x72, 0x69, 0x6F, 0x72, 0x73, 0x65, 0x76, 0x65, 0x6E,
	0x2E, 0x73, 0x75, 0x70, 0x65, 0x72, 0x69, 0x6F, 0x72, 0x65, 0x69, 0x67, 0x68, 0x74, 0x2E, 0x73,
	0x75, 0x70, 0x65, 0x72, 0x69, 0x6F, 0x72, 0x6E, 0x69, 0x6E, 0x65, 0x2E, 0x73, 0x75, 0x70, 0x65,
	0x72, 0x69, 0x6F, 0x72, 0x61, 0x73, 0x74, 0x65, 0x72, 0x69, 0x73, 0x6D, 0x45, 0x75, 0x72, 0x6F,
	0x6E, 0x6F, 0x74, 0x65, 0x71, 0x75, 0x61, 0x6C, 0x67, 0x72, 0x65, 0x61, 0x74, 0x65, 0x72, 0x65,
	0x71, 0x75, 0x61, 0x6C, 0x6C, 0x65, 0x73, 0x73, 0x65, 0x71, 0x75, 0x61, 0x6C, 0x61, 0x70, 0x70,
	0x72, 0x6F, 0x78, 0x65, 0x71, 0x75, 0x61, 0x6C, 0x65, 0x6D, 0x70, 0x74, 0x79, 0x73, 0x65, 0x74,
	0x69, 0x6E, 0x66, 0x69, 0x6E, 0x69, 0x74, 0x79, 0x69, 0x6E, 0x74, 0x65, 0x67, 0x72, 0x61, 0x6C,
	0x69, 0x6E, 0x63, 0x72, 0x65, 0x6D, 0x65, 0x6E, 0x74, 0x70, 0x72, 0x6F, 0x64, 0x75, 0x63, 0x74,
	0x73, 0x75, 0x6D, 0x6D, 0x61, 0x74, 0x69, 0x6F, 0x6E, 0x72, 0x61, 0x64, 0x69, 0x63, 0x61, 0x6C,
	0x6D, 0x69, 0x63, 0x72, 0x6F, 0x70, 0x61, 0x72, 0x74, 0x69, 0x61, 0x6C, 0x64, 0x69, 0x66, 0x66,
	0x61, 0x72, 0x72, 0x6F, 0x77, 0x75, 0x70, 0x61, 0x72, 0x72, 0x6F, 0x77, 0x4E, 0x45, 0x61, 0x72,
	0x72, 0x6F, 0x77, 0x72, 0x69, 0x67, 0x68, 0x74, 0x61, 0x72, 0x72, 0x6F, 0x77, 0x53, 0x45, 0x61,
	0x72, 0x72, 0x6F, 0x77, 0x64, 0x6F, 0x77, 0x6E, 0x61, 0x72, 0x72, 0x6F, 0x77, 0x53, 0x57, 0x61,
	0x72, 0x72, 0x6F, 0x77, 0x6C, 0x65, 0x66, 0x74, 0x61, 0x72, 0x72, 0x6F, 0x77, 0x4E, 0x57, 0x61,
	0x72, 0x72, 0x6F, 0x77, 0x62, 0x6F, 0x74, 0x68, 0x61, 0x72, 0x72, 0x6F, 0x77, 0x75, 0x70, 0x64,
	0x6E, 0x63, 0x69, 0x72, 0x63, 0x6C, 0x65, 0x62, 0x6C, 0x61, 0x63, 0x6B, 0x63, 0x69, 0x72, 0x63,
	0x6C, 0x65, 0x6C, 0x6F, 0x7A, 0x65, 0x6E, 0x67, 0x65, 0x66, 0x69, 0x6C, 0x6C, 0x65, 0x64, 0x62,
	0x6F, 0x78, 0x73, 0x71, 0x75, 0x61, 0x72, 0x65, 0x77, 0x68, 0x69, 0x74, 0x65, 0x74, 0x72, 0x69,
	0x61, 0x67, 0x75, 0x70, 0x74, 0x72, 0x69, 0x61, 0x6E, 0x67, 0x6C, 0x65, 0x75, 0x70, 0x77, 0x68,
	0x69, 0x74, 0x65, 0x70, 0x65, 0x61, 0x63, 0x65, 0x63, 0x68, 0x65, 0x63, 0x6B, 0x73, 0x6F, 0x75,
	0x6E, 0x64, 0x63, 0x6F, 0x70, 0x79, 0x72, 0x69, 0x67, 0x68, 0x74, 0x65, 0x73, 0x74, 0x69, 0x6D,
	0x61, 0x74, 0x65, 0x64, 0x6E, 0x75, 0x6D, 0x65, 0x72, 0x6F, 0x6D, 0x69, 0x6E, 0x75, 0x74, 0x65,
	0x72, 0x65, 0x67, 0x69, 0x73, 0x74, 0x65, 0x72, 0x65, 0x64, 0x2E, 0x73, 0x73, 0x30, 0x31, 0x64,
	0x69, 0x65, 0x72, 0x65, 0x73, 0x69, 0x73, 0x63, 0x6F, 0x6D, 0x62, 0x64, 0x6F, 0x74, 0x61, 0x63,
	0x63, 0x65, 0x6E, 0x74, 0x63, 0x6F, 0x6D, 0x62, 0x67, 0x72, 0x61, 0x76, 0x65, 0x63, 0x6F, 0x6D,
	0x62, 0x61, 0x63, 0x75, 0x74, 0x65, 0x63, 0x6F, 0x6D, 0x62, 0x68, 0x75, 0x6E, 0x67, 0x61, 0x72,
	0x75, 0x6D, 0x6C, 0x61, 0x75, 0x74, 0x63, 0x6F, 0x6D, 0x62, 0x63, 0x69, 0x72, 0x63, 0x75, 0x6D,
	0x66, 0x6C, 0x65, 0x78, 0x63, 0x6F, 0x6D, 0x62, 0x63, 0x61, 0x72, 0x6F, 0x6E, 0x63, 0x6F, 0x6D,
	0x62, 0x62, 0x72, 0x65, 0x76, 0x65, 0x63, 0x6F, 0x6D, 0x62, 0x72, 0x69, 0x6E, 0x67, 0x63, 0x6F,
	0x6D, 0x62, 0x74, 0x69, 0x6C, 0x64, 0x65, 0x63, 0x6F, 0x6D, 0x62, 0x6D, 0x61, 0x63, 0x72, 0x6F,
	0x6E, 0x63, 0x6F, 0x6D, 0x62, 0x63, 0x6F, 0x6D, 0x6D, 0x61, 0x74, 0x75, 0x72, 0x6E, 0x65, 0x64,
	0x61, 0x62, 0x6F, 0x76, 0x65, 0x63, 0x6F, 0x6D, 0x62, 0x63, 0x6F, 0x6D, 0x6D, 0x61, 0x61, 0x63,
	0x63, 0x65, 0x6E, 0x74, 0x63, 0x6F, 0x6D, 0x62, 0x63, 0x65, 0x64, 0x69, 0x6C, 0x6C, 0x61, 0x63,
	0x6F, 0x6D, 0x62, 0x73, 0x6C, 0x61, 0x73, 0x68, 0x6C, 0x6F, 0x6E, 0x67, 0x63, 0x6F, 0x6D, 0x62,
	0x62, 0x72, 0x61, 0x63, 0x6B, 0x65, 0x74, 0x6C, 0x65, 0x66, 0x74, 0x73, 0x75, 0x70, 0x65, 0x72,
	0x69, 0x6F, 0x72, 0x62, 0x72, 0x61, 0x63, 0x6B, 0x65, 0x74, 0x72, 0x69, 0x67, 0x68, 0x74, 0x73,
	0x75, 0x70, 0x65, 0x72, 0x69, 0x6F, 0x72, 0x49, 0x54, 0x46, 0x47, 0x62, 0x72, 0x65, 0x76, 0x65,
	0x2E, 0x73, 0x73, 0x30, 0x31, 0x47, 0x63, 0x69, 0x72, 0x63, 0x75, 0x6D, 0x66, 0x6C, 0x65, 0x78,
	0x2E, 0x73, 0x73, 0x30, 0x31, 0x47, 0x63, 0x6F, 0x6D, 0x6D, 0x61, 0x61, 0x63, 0x63, 0x65, 0x6E,
	0x74, 0x2E, 0x73, 0x73, 0x30, 0x31, 0x47, 0x64, 0x6F, 0x74, 0x61, 0x63, 0x63, 0x65, 0x6E, 0x74,
	0x2E, 0x73, 0x73, 0x30, 0x31, 0x51, 0x2E, 0x73, 0x73, 0x30, 0x34, 0x64, 0x6F, 0x74, 0x6C, 0x65,
	0x73, 0x73, 0x6A, 0x61, 0x61, 0x63, 0x75, 0x74, 0x65, 0x2E, 0x73, 0x73, 0x30, 0x31, 0x61, 0x62,
	0x72, 0x65, 0x76, 0x65, 0x2E, 0x73, 0x73, 0x30, 0x31, 0x61, 0x63, 0x69, 0x72, 0x63, 0x75, 0x6D,
	0x66, 0x6C, 0x65, 0x78, 0x2E, 0x73, 0x73, 0x30, 0x31, 0x61, 0x64, 0x69, 0x65, 0x72, 0x65, 0x73,
	0x69, 0x73, 0x2E, 0x73, 0x73, 0x30, 0x31, 0x61, 0x67, 0x72, 0x61, 0x76, 0x65, 0x2E, 0x73, 0x73,
	0x30, 0x31, 0x61, 0x6D, 0x61, 0x63, 0x72, 0x6F, 0x6E, 0x2E, 0x73, 0x73, 0x30, 0x31, 0x61, 0x6F,
	0x67, 0x6F, 0x6E, 0x65, 0x6B, 0x2E, 0x73, 0x73, 0x30, 0x31, 0x61, 0x72, 0x69, 0x6E, 0x67, 0x2E,
	0x73, 0x73, 0x30, 0x31, 0x61, 0x72, 0x69, 0x6E, 0x67, 0x61, 0x63, 0x75, 0x74, 0x65, 0x2E, 0x73,
	0x73, 0x30, 0x31, 0x61, 0x74, 0x69, 0x6C, 0x64, 0x65, 0x2E, 0x73, 0x73, 0x30, 0x31, 0x67, 0x62,
	0x72, 0x65, 0x76, 0x65, 0x2E, 0x73, 0x73, 0x30, 0x32, 0x67, 0x63, 0x69, 0x72, 0x63, 0x75, 0x6D,
	0x66, 0x6C, 0x65, 0x78, 0x2E, 0x73, 0x73, 0x30, 0x32, 0x67, 0x63, 0x6F, 0x6D, 0x6D, 0x61, 0x61,
	0x63, 0x63, 0x65, 0x6E, 0x74, 0x2E, 0x73, 0x73, 0x30, 0x32, 0x67, 0x64, 0x6F, 0x74, 0x61, 0x63,
	0x63, 0x65, 0x6E, 0x74, 0x2E, 0x73, 0x73, 0x30, 0x32, 0x74, 0x62, 0x61, 0x72, 0x2E, 0x73, 0x73,
	0x30, 0x33, 0x74, 0x63, 0x61, 0x72, 0x6F, 0x6E, 0x2E, 0x73, 0x73, 0x30, 0x33, 0x74, 0x63, 0x65,
	0x64, 0x69, 0x6C, 0x6C, 0x61, 0x2E, 0x73, 0x73, 0x30, 0x33, 0x74, 0x63, 0x6F, 0x6D, 0x6D, 0x61,
	0x61, 0x63, 0x63, 0x65, 0x6E, 0x74, 0x2E, 0x73, 0x73, 0x30, 0x33, 0x63, 0x61, 0x72, 0x6F, 0x6E,
	0x63, 0x6F, 0x6D, 0x62, 0x2E, 0x61, 0x6C, 0x74, 0x73, 0x74, 0x72, 0x6F, 0x6B, 0x65, 0x73, 0x68,
	0x6F, 0x72, 0x74, 0x63, 0x6F, 0x6D, 0x62, 0x73, 0x6C, 0x61, 0x73, 0x68, 0x73, 0x68, 0x6F, 0x72,
	0x74, 0x63, 0x6F, 0x6D, 0x62, 0x73, 0x74, 0x72, 0x6F, 0x6B, 0x65, 0x73, 0x68, 0x6F, 0x72, 0x74,
	0x63, 0x6F, 0x6D, 0x62, 0x2E, 0x63, 0x61, 0x73, 0x65, 0x73, 0x74, 0x72, 0x6F, 0x6B, 0x65, 0x6C,
	0x6F, 0x6E, 0x67, 0x63, 0x6F, 0x6D, 0x62, 0x2E, 0x63, 0x61, 0x73, 0x65, 0x73, 0x6C, 0x61, 0x73,
	0x68, 0x73, 0x68, 0x6F, 0x72, 0x74, 0x63, 0x6F, 0x6D, 0x62, 0x2E, 0x63, 0x61, 0x73, 0x65, 0x73,
	0x6C, 0x61, 0x73, 0x68, 0x6C, 0x6F, 0x6E, 0x67, 0x63, 0x6F, 0x6D, 0x62, 0x2E, 0x63, 0x61, 0x73,
	0x65, 0x64, 0x6F, 0x74, 0x61, 0x63, 0x63, 0x65, 0x6E, 0x74, 0x63, 0x6F, 0x6D, 0x62, 0x2E, 0x69,
	0x32, 0x2E, 0x30, 0x53, 0x61, 0x74, 0x6F, 0x73, 0x68, 0x69, 0x20, 0x69, 0x73, 0x20, 0x61, 0x20,
	0x74, 0x72, 0x61, 0x64, 0x65, 0x6D, 0x61, 0x72, 0x6B, 0x20, 0x6F, 0x66, 0x20, 0x74, 0x68, 0x65,
	0x20, 0x49, 0x6E, 0x64, 0x69, 0x61, 0x6E, 0x20, 0x54, 0x79, 0x70, 0x65, 0x20, 0x46, 0x6F, 0x75,
	0x6E, 0x64, 0x72, 0x79, 0x2E, 0x43, 0x6F, 0x70, 0x79, 0x72, 0x69, 0x67, 0x68, 0x74, 0x20, 0x32,
	0x30, 0x31, 0x37, 0x2D, 0x32, 0x30, 0x32, 0x31, 0x20, 0x49, 0x6E, 0x64, 0x69, 0x61, 0x6E, 0x20,
	0x54, 0x79, 0x70, 0x65, 0x20, 0x46, 0x6F, 0x75, 0x6E, 0x64, 0x72, 0x79, 0x2E, 0x20, 0x41, 0x6C,
	0x6C, 0x20, 0x72, 0x69, 0x67, 0x68, 0x74, 0x73, 0x20, 0x72, 0x65, 0x73, 0x65, 0x72, 0x76, 0x65,
	0x64, 0x2E, 0x53, 0x61, 0x74, 0x6F, 0x73, 0x68, 0x69, 0x20, 0x52, 0x65, 0x67, 0x75, 0x6C, 0x61,
	0x72, 0x53, 0x61, 0x74, 0x6F, 0x73, 0x68, 0x69, 0x4E, 0x6F, 0x72, 0x6D, 0x61, 0x6C, 0x00, 0xA9,
	0x02, 0x00, 0x01, 0x00, 0x10, 0x00, 0x1A, 0x00, 0x22, 0x00, 0x43, 0x00, 0x49, 0x00, 0x4C, 0x00,
	0x72, 0x00, 0x7C, 0x00, 0x81, 0x01, 0x1E, 0x01, 0x74, 0x01, 0x84, 0x01, 0x97, 0x01, 0xA9, 0x01,
	0xB0, 0x01, 0xB8, 0x01, 0xBC, 0x01, 0xC1, 0x01, 0xCC, 0x01, 0xD3, 0x01, 0xDF, 0x01, 0xF0, 0x01,
	0xFA, 0x02, 0x02, 0x02, 0x0E, 0x02, 0x16, 0x02, 0x20, 0x02, 0x26, 0x02, 0x2A, 0x02, 0x30, 0x02,
	0x35, 0x02, 0x3A, 0x02, 0x3F, 0x02, 0x8E, 0x02, 0x91, 0x02, 0xC0, 0x02, 0xE9, 0x03, 0x32, 0x03,
	0x4D, 0x03, 0x66, 0x03, 0x79, 0x03, 0x90, 0x03, 0xB7, 0x03, 0xC7, 0x03, 0xD5, 0x03, 0xE3, 0x03,
	0xF4, 0x03, 0xFC, 0x04, 0x0B, 0x04, 0x19, 0x04, 0x20, 0x04, 0x25, 0x04, 0x36, 0x04, 0x40, 0x04,
	0x49, 0x04, 0x50, 0x04, 0x58, 0x04, 0x5E, 0x04, 0x65, 0x04, 0x6C, 0x04, 0x76, 0x04, 0x80, 0x04,
	0x86, 0x04, 0x8C, 0x04, 0x92, 0x05, 0x14, 0x05, 0x7D, 0x05, 0xD9, 0x06, 0x2D, 0x06, 0x34, 0x06,
	0x37, 0x06, 0x86, 0x06, 0x8C, 0x06, 0x91, 0x06, 0xDC, 0x07, 0x1C, 0x07, 0x4D, 0x07, 0x64, 0x07,
	0x93, 0x07, 0xCD, 0x08, 0x06, 0x08, 0x3E, 0x08, 0x74, 0x08, 0xA9, 0x08, 0xC0, 0x08, 0xF2, 0x09,
	0x21, 0x09, 0x3E, 0x09, 0x68, 0x09, 0x91, 0x09, 0xA5, 0x09, 0xC1, 0x09, 0xE8, 0x09, 0xF2, 0x09,
	0xF6, 0x0A, 0x1A, 0x0A, 0x38, 0x0A, 0x4B, 0x0A, 0x59, 0x0A, 0x7D, 0x0A, 0xA0, 0x0A, 0xC1, 0x0A,
	0xE0, 0x0B, 0x00, 0x0B, 0x09, 0x0B, 0x26, 0x0B, 0x44, 0x0B, 0x56, 0x0B, 0x72, 0x0B, 0x8C, 0x0B,
	0xA4, 0x0B, 0xBD, 0x0B, 0xCF, 0x0B, 0xE6, 0x0B, 0xF4, 0x0C, 0x01, 0x0C, 0x18, 0x0C, 0x1F, 0x0C,
	0x2F, 0x0C, 0x3F, 0x0C, 0x55, 0x0C, 0x68, 0x0C, 0x7C, 0x0C, 0x90, 0x0C, 0xA3, 0x0C, 0xA8, 0x0C,
	0xBB, 0x0C, 0xCE, 0x0C, 0xE1, 0x0C, 0xE7, 0x0C, 0xF9, 0x0D, 0x09, 0x0D, 0x1A, 0x0D, 0x2B, 0x0D,
	0x3B, 0x0D, 0x4B, 0x0D, 0x59, 0x0D, 0x62, 0x0D, 0x71, 0x0D, 0x78, 0x0D, 0x87, 0x0D, 0x95, 0x0D,
	0xA3, 0x0D, 0xB1, 0x0D, 0xBD, 0x0D, 0xCA, 0x0D, 0xD6, 0x0D, 0xE2, 0x0D, 0xEE, 0x0D, 0xFA, 0x0E,
	0x00, 0x0E, 0x0B, 0x0E, 0x16, 0x0E, 0x21, 0x0E, 0x2C, 0x0E, 0x30, 0x0E, 0x35, 0x0E, 0x3C, 0x0E,
	0x46, 0x0E, 0x50, 0x0E, 0x5A, 0x0E, 0x63, 0x0E, 0x6C, 0x0E, 0x75, 0x0E, 0x7E, 0x0E, 0x87, 0x0E,
	0x90, 0x0E, 0x99, 0x0E, 0x9F, 0x57, 0x1D, 0xC9, 0x06, 0x3F, 0xF7, 0x0E, 0x05, 0x34, 0x06, 0x3F,
	0xFB, 0x0E, 0x05, 0x0B, 0x15, 0x43, 0x06, 0x4E, 0xFB, 0x0B, 0x05, 0xC4, 0x06, 0x0B, 0x15, 0x42,
	0x06, 0x4F, 0xFB, 0x0B, 0x05, 0x0B, 0x15, 0x87, 0x1D, 0xCA, 0xF8, 0x78, 0x06, 0x42, 0xFB, 0x86,
	0x15, 0xFB, 0x04, 0x4D, 0x3B, 0x21, 0x22, 0x4E, 0xDB, 0xF7, 0x04, 0xF7, 0x04, 0xC9, 0xDB, 0xF5,
	0xF5, 0xC7, 0x3B, 0xFB, 0x04, 0x1E, 0x0E, 0x15, 0x38, 0x1D, 0xD6, 0x4A, 0x1D, 0x15, 0x59, 0x1D,
	0x15, 0xFB, 0x37, 0xEF, 0x29, 0xF7, 0x3A, 0xF7, 0x37, 0xEF, 0xEE, 0xF7, 0x36, 0x1E, 0xF8, 0x67,
	0x43, 0xFC, 0x64, 0x07, 0xFB, 0x10, 0x46, 0x45, 0xFB, 0x0E, 0xFB, 0x11, 0x46, 0xCF, 0xF7, 0x12,
	0x1E, 0xF8, 0x64, 0x43, 0x07, 0x0E, 0x15, 0xA6, 0xA2, 0xA2, 0xA6, 0xA6, 0x74, 0xA3, 0x70, 0x0B,
	0xA1, 0x75, 0xA7, 0x1F, 0x0B, 0x15, 0x4F, 0xA4, 0x59, 0xB6, 0x6A, 0x1E, 0x5D, 0x7F, 0x71, 0x6B,
	0x61, 0x1A, 0x66, 0x9E, 0x72, 0xAD, 0x7E, 0x1E, 0x5F, 0x7B, 0x6D, 0x66, 0x5D, 0x1A, 0x35, 0xD2,
	0x61, 0xF7, 0x2D, 0xF7, 0x31, 0xEA, 0xC5, 0xEB, 0xDA, 0x51, 0xB7, 0x22, 0x1E, 0xFB, 0x39, 0x06,
	0x5E, 0x75, 0x99, 0xA8, 0xA5, 0x9F, 0x9B, 0xAD, 0x8D, 0x1F, 0x7F, 0xA7, 0xAB, 0x84, 0xAF, 0x1B,
	0xF7, 0x0C, 0xDF, 0xD7, 0xF7, 0x01, 0xBC, 0x74, 0xBD, 0x6A, 0xA9, 0x1F, 0x9E, 0x9B, 0xA0, 0x95,
	0xA7, 0x1B, 0x91, 0x91, 0x8B, 0x89, 0x95, 0x1F, 0xC9, 0x07, 0x8C, 0x86, 0x84, 0x8B, 0x85, 0x1B,
	0x5D, 0x67, 0x76, 0x65, 0x77, 0x1F, 0x9E, 0x6F, 0x5E, 0x97, 0x5F, 0x1B, 0xFB, 0x0B, 0x36, 0x3C,
	0xFB, 0x03, 0x1F, 0xCD, 0x16, 0xD9, 0xC5, 0xC2, 0xDC, 0xDD, 0xC4, 0x55, 0x3C, 0x3D, 0x53, 0x58,
	0x39, 0x37, 0x53, 0xBF, 0xD8, 0x1E, 0x6B, 0xFC, 0x18, 0x15, 0xBC, 0xAE, 0xA6, 0xCB, 0x1E, 0xF7,
	0x2E, 0x06, 0xCD, 0xA9, 0x76, 0x5E, 0x4D, 0x4D, 0x6B, 0xFB, 0x0D, 0xFB, 0x09, 0x5A, 0xA4, 0xC6,
	0x1F, 0x0E, 0x15, 0xFB, 0x18, 0xDF, 0xFB, 0x01, 0xF7, 0x1E, 0xDE, 0xCE, 0xB3, 0xCF, 0xAC, 0x1E,
	0xFB, 0x07, 0x07, 0x26, 0x49, 0x48, 0x28, 0x34, 0x4F, 0xB9, 0xD9, 0x7C, 0x1E, 0x46, 0x06, 0xFB,
	0x09, 0x9E, 0xE2, 0x45, 0xF7, 0x10, 0x1B, 0xF7, 0x22, 0xE7, 0xE9, 0xF7, 0x24, 0x1F, 0xF8, 0x69,
	0x4F, 0x07, 0x84, 0x2A, 0x05, 0xD2, 0x6C, 0x4B, 0xB2, 0x37, 0x1B, 0xFB, 0x22, 0x36, 0xFB, 0x01,
	0xFB, 0x18, 0x1F, 0xD0, 0x8C, 0x15, 0xED, 0xC7, 0xDC, 0xF3, 0xF5, 0xC7, 0x3F, 0x24, 0x23, 0x4D,
	0x3F, 0x22, 0x25, 0x4E, 0xDC, 0xEE, 0x1E, 0x0E, 0x15, 0xFB, 0x2C, 0xE8, 0x26, 0xF7, 0x1D, 0xF7,
	0x02, 0xE1, 0xCC, 0xEE, 0xA2, 0x1E, 0x79, 0x1D, 0x15, 0xB3, 0x76, 0xA2, 0x6C, 0x71, 0x76, 0x76,
	0x6F, 0x72, 0x9F, 0x79, 0xA4, 0x90, 0x54, 0x1D, 0xB7, 0x30, 0x1D, 0x15, 0xA5, 0xA3, 0xA1, 0xA6,
	0xA6, 0x73, 0x35, 0x1D, 0x75, 0x74, 0x70, 0x70, 0xA1, 0x75, 0xA6, 0x1F, 0x0B, 0x55, 0x1D, 0x74,
	0x74, 0x70, 0x70, 0x0B, 0x51, 0xD5, 0xFC, 0x3E, 0xD0, 0xF8, 0x3E, 0x0B, 0xAF, 0xC9, 0x1A, 0x0E,
	0xF9, 0x96, 0x52, 0x1D, 0x0B, 0x15, 0x4B, 0x06, 0xFC, 0x5F, 0xFD, 0x5A, 0x05, 0xCA, 0x06, 0x0B,
	0xF9, 0x27, 0x22, 0x1D, 0xC3, 0x06, 0x0B, 0xFA, 0x0D, 0x15, 0x43, 0x06, 0x4F, 0xFB, 0x0B, 0x05,
	0xC3, 0x06, 0x0B, 0xA2, 0x71, 0x70, 0x75, 0x74, 0x70, 0x70, 0xA1, 0x75, 0xA6, 0x1F, 0xF7, 0x26,
	0x16, 0x55, 0x1D, 0x0B, 0xF8, 0xE8, 0x15, 0xF7, 0x7C, 0xC2, 0xFB, 0x7C, 0x06, 0x0B, 0xF7, 0x24,
	0x16, 0xF9, 0x6D, 0x3E, 0x1D, 0x0B, 0xD1, 0xF7, 0x52, 0x05, 0xF7, 0xDE, 0x06, 0xD1, 0xFB, 0x52,
	0x05, 0x0B, 0xF7, 0x96, 0xF7, 0xF8, 0xCD, 0xFC, 0x40, 0x0B, 0x97, 0x8D, 0x8F, 0x96, 0x1E, 0xC0,
	0x07, 0x88, 0x83, 0x0B, 0xF8, 0x80, 0x18, 0x40, 0x06, 0x0B, 0xFD, 0x60, 0x07, 0x0E, 0x4D, 0xF8,
	0x88, 0xC9, 0x07, 0x0B, 0x46, 0xFD, 0x6D, 0x07, 0x0B, 0xA2, 0x75, 0xA6, 0x1F, 0x0B, 0x71, 0xC1,
	0x54, 0x1B, 0x0B, 0xFC, 0xB0, 0x15, 0xD0, 0x06, 0xEF, 0xF7, 0xC4, 0x98, 0xB3, 0x93, 0xA8, 0x92,
	0xA5, 0x19, 0x91, 0x6E, 0x93, 0x6D, 0x97, 0x67, 0xEF, 0xFB, 0xC4, 0x18, 0xCE, 0x06, 0xF7, 0x38,
	0xF8, 0x78, 0x05, 0x43, 0x06, 0x2B, 0xFB, 0xB8, 0x7A, 0x57, 0x89, 0x7F, 0x81, 0x63, 0x19, 0x82,
	0xAF, 0x7F, 0xB5, 0x82, 0xA5, 0x2C, 0xF7, 0xB8, 0x18, 0x44, 0x06, 0x2B, 0xFB, 0xB8, 0x86, 0x7B,
	0x7B, 0x5A, 0x83, 0x64, 0x19, 0x81, 0xB2, 0x82, 0xAC, 0x80, 0xAB, 0x2C, 0xF7, 0xB8, 0x18, 0x44,
	0x06, 0x0E, 0x6A, 0x1D, 0x0E, 0x15, 0x86, 0xA1, 0xA1, 0x89, 0xA8, 0x1B, 0xD0, 0xBA, 0xAA, 0xD7,
	0xA7, 0x1F, 0xF7, 0x72, 0xF8, 0xE7, 0x05, 0x44, 0x06, 0xFB, 0x2D, 0xFC, 0x3A, 0xFB, 0x30, 0xF8,
	0x3A, 0x05, 0x42, 0x06, 0xF7, 0x58, 0xFC, 0x95, 0x76, 0x52, 0x05, 0x4A, 0x73, 0x61, 0x88, 0x61,
	0x1B, 0x56, 0x06, 0x0E, 0xFC, 0x6B, 0x15, 0xFB, 0xBF, 0xD3, 0xF7, 0xBF, 0x07, 0xF7, 0x84, 0xF8,
	0x35, 0x05, 0x3C, 0x06, 0xFB, 0x43, 0xFB, 0xC9, 0x7E, 0x72, 0x8B, 0x8B, 0x82, 0x79, 0x19, 0x84,
	0x9B, 0x85, 0x97, 0x83, 0x9A, 0xFB, 0x45, 0xF7, 0xC9, 0x18, 0x3A, 0x06, 0x0E, 0x15, 0x31, 0xCF,
	0x51, 0xF7, 0x01, 0xF7, 0x02, 0xD5, 0xC4, 0xE2, 0xD1, 0x65, 0xB2, 0x37, 0xA0, 0x1E, 0x38, 0xA0,
	0x05, 0x56, 0x98, 0x71, 0xA5, 0xB0, 0x1A, 0xBF, 0xB1, 0xA8, 0xCF, 0xCC, 0xB2, 0x6A, 0x53, 0x8D,
	0x1E, 0xCE, 0x06, 0xE5, 0x88, 0x49, 0xC3, 0x25, 0x1B, 0x23, 0x44, 0x55, 0x36, 0x49, 0xB4, 0x5F,
	0xDF, 0x76, 0x1F, 0xDE, 0x76, 0x05, 0xC4, 0x7D, 0x9F, 0x74, 0x63, 0x1A, 0x57, 0x5F, 0x6B, 0x40,
	0x47, 0x61, 0xAE, 0xC3, 0x1E, 0x0B, 0x9B, 0x80, 0x75, 0x75, 0x76, 0x7F, 0x71, 0x77, 0x79, 0x91,
	0x95, 0x79, 0x1F, 0x61, 0x07, 0x80, 0x9C, 0x9E, 0x87, 0xA5, 0x1B, 0xB9, 0xB6, 0xA4, 0xBF, 0xB6,
	0x0B, 0x15, 0xCD, 0xFC, 0x30, 0x07, 0xF8, 0x32, 0xF8, 0xDE, 0x05, 0xCB, 0xFC, 0x85, 0x49, 0xF8,
	0x2D, 0x07, 0xFC, 0x30, 0xFC, 0xDC, 0x05, 0x49, 0x07, 0x0E, 0xF7, 0x6E, 0xFB, 0x20, 0xF7, 0x2D,
	0xFB, 0x5D, 0xC7, 0x1D, 0xFB, 0x6D, 0xF7, 0x20, 0xFB, 0x2D, 0xF7, 0x5D, 0x0B, 0x15, 0x49, 0x5F,
	0xA9, 0xC6, 0xC1, 0xB0, 0xB3, 0xE6, 0x93, 0x1F, 0xF7, 0x23, 0x96, 0x05, 0x71, 0x07, 0x22, 0x50,
	0x44, 0x25, 0x1E, 0x0E, 0x06, 0xFB, 0x9E, 0xF9, 0x60, 0x05, 0x32, 0x06, 0xFB, 0x9B, 0xFD, 0x60,
	0x05, 0xF7, 0xBE, 0xF8, 0xFB, 0x15, 0x8F, 0x95, 0x8F, 0x98, 0x8C, 0x91, 0x8C, 0x84, 0x90, 0x7F,
	0x8E, 0x81, 0xF7, 0x1A, 0xFB, 0xFE, 0x18, 0xFB, 0xB1, 0x06, 0x0E, 0xC4, 0x9B, 0xA9, 0xC7, 0x1E,
	0xB5, 0xC2, 0x1D, 0x40, 0x50, 0x61, 0xFB, 0x01, 0x1F, 0x2D, 0x0B, 0xF9, 0xAA, 0x27, 0x1D, 0x70,
	0x74, 0x73, 0x70, 0x70, 0xA1, 0x74, 0xA7, 0x1F, 0x0B, 0x9D, 0xF8, 0x78, 0x15, 0x2F, 0x1D, 0xF7,
	0x7A, 0xFC, 0x3E, 0xD0, 0xF8, 0x3E, 0x0B, 0x15, 0xE2, 0x06, 0xD7, 0xF7, 0x0E, 0x05, 0x4D, 0x06,
	0x52, 0x32, 0x51, 0xE4, 0x05, 0x4D, 0x06, 0x0B, 0x92, 0x1D, 0xF8, 0xAA, 0xB2, 0x32, 0x1D, 0x0B,
	0xF7, 0x9A, 0x7F, 0x15, 0xDC, 0xCF, 0xAF, 0xD6, 0xAD, 0x1F, 0x92, 0x28, 0x05, 0xC7, 0x0B, 0x06,
	0xF7, 0x99, 0xFB, 0x60, 0x15, 0xF7, 0x6C, 0xF7, 0x60, 0xFB, 0x6C, 0x06, 0x0B, 0x58, 0x1D, 0xD5,
	0xFB, 0x0C, 0x05, 0x0B, 0x1E, 0xB4, 0xC2, 0x1D, 0x0B, 0x90, 0x8C, 0x8D, 0x90, 0x1E, 0x88, 0x72,
	0x7A, 0x7B, 0x6E, 0x8C, 0x08, 0x6D, 0x07, 0xB7, 0x89, 0x0B, 0xA5, 0xA2, 0xA1, 0xA6, 0xA6, 0x74,
	0xA2, 0x71, 0x70, 0x0B, 0xF7, 0x47, 0xF7, 0x00, 0xF7, 0x0E, 0xF7, 0x32, 0x0B, 0x15, 0xC5, 0xE4,
	0xC4, 0x32, 0x05, 0x0B, 0x15, 0x50, 0xF7, 0x0C, 0x05, 0x43, 0x06, 0x0B, 0xD0, 0xF8, 0x78, 0x46,
	0x06, 0x0E, 0xA3, 0x71, 0x68, 0x67, 0x74, 0x72, 0x0B, 0xF7, 0x22, 0xF3, 0xF6, 0xF7, 0x27, 0x0B,
	0x05, 0xB8, 0xFB, 0x66, 0x5D, 0xF7, 0x26, 0x07, 0x30, 0x0B, 0x15, 0xAE, 0x96, 0x9E, 0xA0, 0x1E,
	0xAD, 0xA5, 0x55, 0x0B, 0x15, 0xA6, 0xA3, 0xA2, 0xA6, 0x0B, 0xF7, 0x86, 0x05, 0x3A, 0x06, 0x0B,
	0xA1, 0xA3, 0x8F, 0x93, 0xA4, 0x0B, 0x15, 0x32, 0xC8, 0x52, 0xF6, 0xED, 0xD6, 0xBD, 0xD5, 0xA8,
	0x1E, 0x3D, 0xB0, 0xD4, 0x5D, 0xEA, 0x1B, 0xF7, 0x07, 0xD6, 0xC1, 0x1D, 0x58, 0x69, 0x3B, 0x1B,
	0x21, 0x4F, 0xD3, 0xF7, 0x06, 0x85, 0x1F, 0xF8, 0x16, 0xAD, 0x06, 0xF7, 0x1C, 0x34, 0xE9, 0xFB,
	0x19, 0x39, 0x49, 0x66, 0x4C, 0x64, 0x1E, 0xC8, 0x72, 0x4C, 0xB2, 0x39, 0x1B, 0xFB, 0x0A, 0x3C,
	0x4C, 0x29, 0x1F, 0xCA, 0x06, 0xCB, 0xBC, 0xB2, 0xDF, 0xD9, 0xBE, 0x5F, 0x3A, 0x1E, 0x6A, 0x07,
	0xFB, 0x38, 0x87, 0x05, 0x21, 0x89, 0x44, 0x5C, 0x2D, 0x1A, 0xF8, 0xCE, 0xF7, 0xC4, 0x15, 0xE7,
	0xC6, 0x4C, 0x2E, 0x1F, 0xFB, 0xCF, 0x06, 0xE9, 0x96, 0xC9, 0xC9, 0xE6, 0x1B, 0xFC, 0x88, 0xFB,
	0xC1, 0x15, 0xC6, 0xB0, 0xA8, 0xDC, 0x8D, 0x1E, 0xF7, 0x2D, 0x8F, 0x05, 0x6A, 0x07, 0x2F, 0x4E,
	0x4D, 0x2C, 0x45, 0x5E, 0xA9, 0xCA, 0x1E, 0x0E, 0x15, 0xF7, 0x03, 0x67, 0xE9, 0x4D, 0xCD, 0x1E,
	0xCE, 0xE3, 0x05, 0x44, 0x06, 0x64, 0x58, 0x05, 0xB3, 0x54, 0x47, 0xA2, 0x3E, 0x1B, 0xC7, 0x1D,
	0xFB, 0x03, 0xAF, 0x2D, 0xCA, 0x4A, 0x1F, 0x48, 0x33, 0x05, 0xD3, 0x06, 0xB1, 0xBD, 0x05, 0x63,
	0xC2, 0xCE, 0x75, 0xD8, 0x1B, 0xF7, 0x5C, 0xF7, 0x21, 0xF7, 0x2D, 0xF7, 0x6D, 0x1F, 0xFC, 0xF3,
	0x16, 0x56, 0x1D, 0xC7, 0xC1, 0x79, 0x6B, 0xB5, 0x1E, 0xFB, 0xF5, 0xFC, 0x63, 0x05, 0x5F, 0xC0,
	0x72, 0xD4, 0xE1, 0x1A, 0xF8, 0xA9, 0x16, 0xFB, 0x46, 0xFB, 0x01, 0xFB, 0x0F, 0xFB, 0x32, 0x4F,
	0x56, 0x9D, 0xAB, 0x60, 0x1E, 0xF7, 0xF6, 0xF8, 0x63, 0x05, 0xB7, 0x56, 0xA4, 0x42, 0x35, 0x1A,
	0x0E, 0xB7, 0xF8, 0xA6, 0x15, 0x29, 0xC6, 0x4B, 0xF7, 0x04, 0x70, 0x1E, 0xF7, 0x0D, 0x6D, 0x05,
	0xD8, 0x79, 0xAF, 0x61, 0x4B, 0x1A, 0x39, 0x48, 0x58, 0x22, 0x29, 0x49, 0xBC, 0xD6, 0x87, 0x1E,
	0x41, 0x06, 0xFB, 0x09, 0x94, 0xE9, 0x42, 0xF7, 0x1F, 0x1B, 0xF7, 0x28, 0xEB, 0xDA, 0xF7, 0x10,
	0xEC, 0x51, 0xCB, 0xFB, 0x04, 0xA6, 0x1F, 0xFB, 0x0F, 0xA9, 0x05, 0x40, 0x9E, 0x66, 0xB3, 0xCA,
	0x1A, 0xDC, 0xCD, 0xBF, 0xF0, 0xE5, 0xC2, 0x5D, 0x3A, 0x93, 0x1E, 0xD4, 0x06, 0xF7, 0x0C, 0x80,
	0x36, 0xD3, 0xFB, 0x15, 0x1B, 0xFB, 0x24, 0x2B, 0x3C, 0xFB, 0x0C, 0x1F, 0x0B, 0x15, 0x3F, 0xCC,
	0x5B, 0xE6, 0xE6, 0xCC, 0xBB, 0xD7, 0xC0, 0x6C, 0xB8, 0x57, 0x9A, 0x1E, 0xB4, 0x9B, 0xA3, 0xAF,
	0xB8, 0x1A, 0xD2, 0x51, 0xB6, 0x3C, 0x3A, 0x52, 0x5F, 0x46, 0x5E, 0xA2, 0x67, 0xB4, 0x7B, 0x1E,
	0x58, 0x7A, 0x6B, 0x5F, 0x56, 0x1A, 0xCE, 0xF7, 0x63, 0x15, 0xB7, 0xB1, 0xA3, 0xBE, 0xBE, 0xB0,
	0x73, 0x5E, 0x62, 0x6A, 0x6D, 0x54, 0x52, 0x6B, 0xAA, 0xB4, 0x1E, 0x80, 0xFB, 0x5C, 0x15, 0xC0,
	0xB6, 0xA6, 0xC4, 0xC4, 0xB7, 0x6E, 0x58, 0x57, 0x5F, 0x6E, 0x52, 0x53, 0x5F, 0xA8, 0xBF, 0x1E,
	0x0E, 0xF8, 0x17, 0xF9, 0x28, 0x67, 0x1D, 0x0B, 0x67, 0x1D, 0x0E, 0x15, 0xF4, 0xDF, 0x59, 0x29,
	0xA9, 0x1F, 0xD9, 0x06, 0xF7, 0x16, 0x6F, 0xFB, 0x09, 0xE1, 0xFB, 0x2B, 0x1B, 0xFB, 0x61, 0xFB,
	0x20, 0xFB, 0x2E, 0xFB, 0x6F, 0xFB, 0x71, 0xF7, 0x20, 0xFB, 0x26, 0xF7, 0x5F, 0xF7, 0x08, 0xE5,
	0xC1, 0xD2, 0xB1, 0x1F, 0x92, 0xFB, 0x06, 0x05, 0xC4, 0xF8, 0x18, 0xFB, 0xDB, 0x4B, 0xF7, 0x97,
	0x66, 0x06, 0xFB, 0x40, 0xFB, 0x09, 0x51, 0xFB, 0x0C, 0xFB, 0x35, 0xFB, 0x02, 0xF7, 0x05, 0xF7,
	0x4E, 0xF7, 0x4B, 0xF3, 0xF7, 0x0E, 0xF7, 0x39, 0x1E, 0x0B, 0xB6, 0xF7, 0xF6, 0x6A, 0x1D, 0x0B,
	0xFC, 0x40, 0x45, 0x1D, 0x0E, 0x15, 0xFB, 0x75, 0xF7, 0x21, 0xFB, 0x20, 0xF7, 0x5E, 0xF7, 0x57,
	0xF7, 0x14, 0xF7, 0x18, 0xF7, 0x5C, 0x1E, 0xC2, 0xFB, 0xEB, 0x4A, 0xF7, 0xA0, 0x07, 0xFB, 0x39,
	0x88, 0x27, 0x32, 0xFB, 0x25, 0x1B, 0xFB, 0x35, 0x20, 0xF7, 0x03, 0xF7, 0x4E, 0xF7, 0x4F, 0xF6,
	0xF7, 0x0C, 0xF7, 0x38, 0xF7, 0x02, 0xE2, 0x59, 0x22, 0xB1, 0x1F, 0xD8, 0x06, 0xF7, 0x27, 0x65,
	0xFB, 0x0C, 0xD7, 0xFB, 0x2D, 0x1B, 0xFB, 0x64, 0xFB, 0x1F, 0xFB, 0x2C, 0xFB, 0x73, 0x1F, 0x0B,
	0x15, 0xD0, 0x06, 0xF7, 0x54, 0xF8, 0xF4, 0xF7, 0x54, 0xFC, 0xF4, 0x05, 0xCF, 0x06, 0xF7, 0x6B,
	0xF9, 0x60, 0x05, 0x42, 0x06, 0xFB, 0x28, 0xFC, 0x81, 0x83, 0x70, 0x82, 0x68, 0x80, 0x54, 0x19,
	0x80, 0xB9, 0x81, 0xAF, 0x80, 0xAF, 0xFB, 0x30, 0x3B, 0x1D, 0xFB, 0x30, 0xFC, 0x80, 0x80, 0x68,
	0x81, 0x6C, 0x7F, 0x57, 0x19, 0x82, 0xBA, 0x82, 0xAF, 0x81, 0xAE, 0xFB, 0x25, 0x3B, 0x1D, 0x0E,
	0xF7, 0xC5, 0x16, 0x9A, 0x1D, 0xFB, 0xDB, 0x46, 0x4D, 0xD0, 0xFB, 0xDB, 0x06, 0xF7, 0x76, 0xF7,
	0xDB, 0x15, 0xC9, 0xFB, 0x2E, 0xF7, 0x99, 0xF7, 0x21, 0x07, 0xF7, 0x45, 0xF7, 0x04, 0xFB, 0x05,
	0xFB, 0x47, 0xFB, 0x46, 0xFB, 0x04, 0xFB, 0x06, 0xFB, 0x43, 0x1F, 0xFB, 0x23, 0xF7, 0x99, 0x06,
	0x0E, 0x15, 0xAE, 0x97, 0x9E, 0x9F, 0x1E, 0xAD, 0xA5, 0x55, 0xC5, 0x1B, 0xC0, 0xA7, 0xB0, 0xD0,
	0x89, 0x1F, 0x59, 0x06, 0x67, 0x81, 0x79, 0x0B, 0xA0, 0xF8, 0x7B, 0x15, 0x47, 0xBC, 0x5F, 0xCE,
	0xD1, 0xBA, 0xB6, 0xCF, 0xC5, 0x63, 0xB2, 0x53, 0x91, 0x1E, 0xE4, 0xDD, 0x5C, 0x1D, 0x36, 0x05,
	0x69, 0xA6, 0x07, 0xC2, 0xA9, 0x71, 0x60, 0x66, 0x72, 0x73, 0x62, 0x62, 0x72, 0xA5, 0xB3, 0x1F,
	0xF8, 0xA0, 0xF7, 0x73, 0x32, 0x1D, 0x0B, 0x15, 0x9F, 0x91, 0x8B, 0x8A, 0x96, 0x1F, 0xC3, 0x84,
	0xA8, 0x69, 0x5C, 0x1A, 0x52, 0x63, 0x68, 0x53, 0x53, 0x67, 0xAE, 0xC3, 0x1E, 0x55, 0x06, 0x37,
	0xC6, 0x52, 0xE2, 0xE0, 0xCE, 0xC1, 0xE2, 0xDC, 0x50, 0xBC, 0x43, 0x91, 0x1E, 0xF7, 0x0D, 0xF7,
	0x03, 0x05, 0xBF, 0xFB, 0x9F, 0x58, 0xF7, 0x5F, 0x07, 0xFB, 0x18, 0xFB, 0x0B, 0x05, 0x64, 0x07,
	0x0E, 0xB1, 0xFB, 0x3C, 0x15, 0x80, 0x9C, 0x9E, 0x87, 0xA5, 0x1B, 0xB9, 0xB6, 0xA4, 0xBF, 0xB6,
	0x6C, 0xA2, 0x65, 0x81, 0x82, 0x89, 0x88, 0x81, 0x1F, 0xA1, 0xBA, 0x05, 0xA6, 0x07, 0x6F, 0x8C,
	0x61, 0x2F, 0x94, 0x72, 0x05, 0x94, 0x9F, 0x95, 0x8E, 0x9E, 0x1B, 0xA3, 0x9B, 0x80, 0x75, 0x75,
	0x77, 0x7F, 0x70, 0x77, 0x7A, 0x91, 0x95, 0x78, 0x1F, 0x0E, 0x15, 0xF7, 0xBD, 0xF7, 0x65, 0x07,
	0xF7, 0x26, 0xFB, 0xBD, 0x05, 0xDB, 0x06, 0xFB, 0x2D, 0xF7, 0xC9, 0x05, 0xE7, 0xA4, 0xC1, 0xD3,
	0xF2, 0x1A, 0xF7, 0x13, 0x33, 0xDB, 0xFB, 0x25, 0x1E, 0xFB, 0x9F, 0xFD, 0x60, 0x06, 0xD3, 0xF9,
	0x1F, 0x15, 0xF7, 0x57, 0x06, 0xED, 0xC8, 0x58, 0x2E, 0x30, 0x51, 0x55, 0x28, 0x1F, 0xFB, 0x59,
	0x06, 0x0E, 0x15, 0x61, 0x53, 0x7B, 0x67, 0x58, 0x1A, 0x32, 0xD1, 0x46, 0xE5, 0xE3, 0xD0, 0xCD,
	0xE7, 0xE1, 0x4E, 0xCC, 0x2F, 0x7B, 0x7B, 0x88, 0x84, 0x7B, 0x1E, 0xF7, 0x00, 0xF7, 0x23, 0x05,
	0x4C, 0x06, 0x23, 0xFB, 0xB2, 0x15, 0xC7, 0xB4, 0xB8, 0xC9, 0xC6, 0xB5, 0x5E, 0x4F, 0x4E, 0x61,
	0x5E, 0x50, 0x4D, 0x62, 0xB8, 0xC8, 0x1E, 0x0E, 0x15, 0xB5, 0xC3, 0x9A, 0xB0, 0xBE, 0x1A, 0xE4,
	0x45, 0xD0, 0x32, 0x32, 0x46, 0x48, 0x30, 0x34, 0xC9, 0x4A, 0xE6, 0x9C, 0x9B, 0x8E, 0x92, 0x9A,
	0x1E, 0x20, 0xFB, 0x23, 0x05, 0xC9, 0x06, 0xF4, 0xF7, 0xB2, 0x15, 0x4F, 0x61, 0x5F, 0x4E, 0x4F,
	0x61, 0xB7, 0xC7, 0xC8, 0xB5, 0xB8, 0xC7, 0xC8, 0xB5, 0x5E, 0x4E, 0x1E, 0x0E, 0xE9, 0x07, 0xC4,
	0x9B, 0xA9, 0xC8, 0x53, 0x1D, 0x41, 0x4F, 0x61, 0xFB, 0x01, 0x1F, 0x2D, 0xFB, 0x7A, 0xE9, 0x07,
	0x4B, 0x1D, 0x07, 0x0E, 0x3E, 0x06, 0x2B, 0x6C, 0x31, 0x4E, 0xFB, 0x05, 0x1B, 0xFB, 0x31, 0x22,
	0xF7, 0x0C, 0xF7, 0x48, 0xF7, 0x49, 0xF4, 0xF7, 0x0C, 0xF7, 0x31, 0xF7, 0x04, 0xE3, 0x4C, 0x24,
	0xA9, 0x1F, 0xD8, 0x06, 0xF7, 0x22, 0x6E, 0xFB, 0x0D, 0xE8, 0xFB, 0x2E, 0x1B, 0xFB, 0x5E, 0xFB,
	0x1E, 0xFB, 0x2A, 0xFB, 0x70, 0x0B, 0x15, 0xBE, 0xFB, 0x62, 0x07, 0xF4, 0xE0, 0x05, 0xCB, 0xBF,
	0xAB, 0xC0, 0xC6, 0x1A, 0xE2, 0x55, 0xC1, 0x34, 0x34, 0x52, 0x4F, 0x2E, 0x1E, 0xC1, 0x06, 0xCB,
	0xAC, 0xB0, 0xC3, 0xC4, 0xA9, 0x6C, 0x4F, 0x5F, 0x72, 0x61, 0x58, 0x62, 0x1E, 0xFB, 0x2E, 0xFB,
	0x12, 0x05, 0x5E, 0x07, 0x0E, 0xF7, 0x03, 0xF9, 0xA6, 0x15, 0xA5, 0xA2, 0xA1, 0xA6, 0xA5, 0x74,
	0xA3, 0xBC, 0x1D, 0xF7, 0x26, 0x16, 0xA5, 0xA2, 0xA1, 0xA6, 0xA5, 0x74, 0xA3, 0xBD, 0x1D, 0x28,
	0x1D, 0x0E, 0xF7, 0x27, 0xF9, 0x8F, 0x15, 0xC8, 0xBA, 0xBB, 0xC7, 0xC8, 0x5C, 0xBA, 0x4E, 0x4E,
	0x5C, 0x5D, 0x4D, 0x4D, 0xB8, 0x5D, 0xCA, 0x1F, 0xBA, 0x04, 0x69, 0x74, 0xA4, 0xB0, 0xAF, 0xA3,
	0xA4, 0xAC, 0xAD, 0xA3, 0x71, 0x68, 0x66, 0x74, 0x72, 0x68, 0x1F, 0x0E, 0x45, 0x06, 0x4D, 0x78,
	0x51, 0x63, 0x43, 0x1B, 0x29, 0x4B, 0xD8, 0xF7, 0x07, 0xF7, 0x0B, 0xD0, 0xD6, 0xED, 0xCE, 0xC5,
	0x66, 0x48, 0x9D, 0x1F, 0xD0, 0x06, 0xEF, 0x78, 0x39, 0xCC, 0xFB, 0x04, 0x1B, 0xFB, 0x21, 0x2E,
	0x23, 0xFB, 0x2C, 0x1F, 0x0E, 0xF9, 0xAA, 0x15, 0xA5, 0xA2, 0xA1, 0xA6, 0xA6, 0x74, 0x35, 0x1D,
	0x75, 0x74, 0x70, 0x70, 0xA1, 0x75, 0xA6, 0x1F, 0x0B, 0xAC, 0x1D, 0xFB, 0xAD, 0xD0, 0xF7, 0xBC,
	0x07, 0xF7, 0x0E, 0x54, 0xDA, 0xFB, 0x19, 0x45, 0x4B, 0x68, 0x4D, 0x6B, 0x1E, 0x81, 0xDF, 0x05,
	0x4F, 0xFC, 0x78, 0x06, 0x0B, 0x15, 0xA6, 0xA2, 0xA1, 0xA6, 0xA6, 0x74, 0xA2, 0x70, 0x70, 0x75,
	0x74, 0x70, 0x70, 0xA1, 0x75, 0xA6, 0x1F, 0xF7, 0x26, 0x16, 0xA5, 0xA3, 0xA1, 0xA6, 0xA6, 0x73,
	0xA2, 0x71, 0x70, 0x75, 0x74, 0x70, 0x70, 0xA1, 0x75, 0xA6, 0x1F, 0x0B, 0xF9, 0xA7, 0x88, 0x1D,
	0x6E, 0x63, 0x49, 0x90, 0x1F, 0x0B, 0x16, 0x80, 0x1D, 0x0B, 0xF7, 0x24, 0x16, 0xF7, 0x25, 0x07,
	0xE9, 0xEC, 0xF7, 0x2E, 0xFB, 0x86, 0x05, 0xDB, 0x06, 0xFB, 0x4F, 0xF7, 0xB7, 0xF7, 0x4E, 0xF7,
	0x55, 0x05, 0x34, 0x06, 0xFB, 0x84, 0xFB, 0x8E, 0x05, 0xF8, 0x83, 0x3E, 0x1D, 0x0B, 0x63, 0x78,
	0x75, 0x6C, 0x6A, 0x1A, 0x63, 0xA8, 0x6E, 0xB7, 0x98, 0x3A, 0x1D, 0x85, 0x8A, 0x84, 0x1B, 0x77,
	0x7D, 0x94, 0xA1, 0xA1, 0x9C, 0xA6, 0xB3, 0x9C, 0x1F, 0xF8, 0x78, 0x0B, 0x15, 0xB3, 0x77, 0xA2,
	0x6C, 0x70, 0x77, 0x76, 0x6F, 0x72, 0x9F, 0x79, 0xA3, 0x91, 0x54, 0x1D, 0xB6, 0x30, 0x1D, 0x6D,
	0x1D, 0x74, 0x1E, 0x62, 0x40, 0x1D, 0x5A, 0x6F, 0x63, 0x49, 0x8F, 0x1F, 0x0B, 0xFB, 0x95, 0x07,
	0xFB, 0x07, 0x54, 0x4D, 0x2E, 0x3E, 0x58, 0xB4, 0xF7, 0x07, 0x1E, 0xF7, 0xAB, 0x45, 0xFB, 0xC1,
	0x07, 0xFB, 0x0A, 0xC9, 0x3D, 0xF7, 0x06, 0xD7, 0xCE, 0xB1, 0xC3, 0xA6, 0x1E, 0x94, 0x39, 0x05,
	0x0B, 0xF7, 0xD9, 0xF8, 0x7E, 0x15, 0x8F, 0x7A, 0x7E, 0x8C, 0x7C, 0x1B, 0x47, 0x58, 0x69, 0x57,
	0x78, 0x1F, 0x86, 0xD6, 0x05, 0x4A, 0xFC, 0x78, 0xD0, 0xF7, 0xA8, 0x06, 0xE7, 0xC4, 0xC7, 0xE4,
	0x1E, 0xB1, 0x06, 0x0B, 0x43, 0x71, 0x78, 0x84, 0x7F, 0x7C, 0x1F, 0xA0, 0xDC, 0x05, 0xF7, 0x1D,
	0xB9, 0xFB, 0x41, 0x06, 0x60, 0xFB, 0x41, 0xBA, 0x83, 0x05, 0x9E, 0x99, 0xA2, 0x97, 0xA6, 0x1B,
	0xB7, 0xA7, 0x6D, 0x61, 0x0B, 0x15, 0x8F, 0x7A, 0x7E, 0x8C, 0x7C, 0x1B, 0x47, 0x58, 0x69, 0x57,
	0x78, 0x1F, 0x86, 0xD6, 0x05, 0x4A, 0xFC, 0x78, 0xD0, 0xF7, 0xA8, 0x06, 0xE7, 0xC4, 0xC7, 0xE4,
	0x1E, 0xB1, 0x06, 0x0E, 0x85, 0x26, 0x05, 0xDB, 0x69, 0x44, 0xAD, 0x3D, 0x1B, 0xFB, 0x20, 0x34,
	0x20, 0xFB, 0x26, 0xFB, 0x26, 0xDC, 0xFB, 0x02, 0xF7, 0x23, 0xDD, 0xCD, 0xB1, 0xD4, 0xAE, 0x1F,
	0x92, 0x28, 0x05, 0x0B, 0x6D, 0x1D, 0x73, 0x1E, 0x63, 0x40, 0x1D, 0x5A, 0x0B, 0xC7, 0xA9, 0xCD,
	0x1B, 0xF7, 0x05, 0xCC, 0x3C, 0x27, 0x21, 0x45, 0x43, 0xFB, 0x00, 0x25, 0x4C, 0xC9, 0xF2, 0x1F,
	0x43, 0x06, 0xFB, 0x21, 0xE7, 0x31, 0xF7, 0x24, 0x1E, 0x0E, 0xCA, 0x06, 0xCC, 0xBD, 0xB1, 0xDF,
	0xD2, 0xC4, 0x6D, 0x2C, 0x1E, 0x7B, 0x07, 0xFB, 0x34, 0x7E, 0x05, 0xFB, 0x05, 0x82, 0x47, 0x53,
	0x32, 0x1A, 0x36, 0xC8, 0x51, 0xF2, 0x1E, 0x0B, 0x15, 0xC8, 0xBA, 0xBB, 0xC8, 0xC7, 0x5C, 0xAF,
	0x1D, 0x69, 0x74, 0xA4, 0xAF, 0xAF, 0xA3, 0xA4, 0xAC, 0x0B, 0xF7, 0x11, 0xBA, 0xD0, 0xF3, 0x1A,
	0xF7, 0x17, 0x31, 0xE2, 0xFB, 0x1B, 0xFB, 0x21, 0x2C, 0x28, 0xFB, 0x2A, 0x87, 0x1E, 0xD3, 0x06,
	0xF7, 0x03, 0x8E, 0xCC, 0xD3, 0x0B, 0xF5, 0xF8, 0xFD, 0x15, 0xA7, 0xA3, 0xA2, 0xA7, 0xA7, 0x73,
	0xA3, 0x6F, 0x6F, 0x74, 0x73, 0x6F, 0x6F, 0xA2, 0x74, 0xA7, 0x1F, 0x69, 0xFC, 0xFD, 0x15, 0x0B,
	0x94, 0x72, 0x05, 0x94, 0x9F, 0x96, 0x8E, 0x9D, 0x1B, 0xA3, 0x9B, 0x80, 0x75, 0x75, 0x77, 0x7F,
	0x71, 0x76, 0x7A, 0x91, 0x95, 0x78, 0x1F, 0x0E, 0xFA, 0x0D, 0x15, 0x47, 0x06, 0x4F, 0xFB, 0x0B,
	0x05, 0xC1, 0x06, 0xF7, 0x55, 0xF7, 0x0B, 0x15, 0x44, 0x06, 0x42, 0xFB, 0x0B, 0x05, 0xC2, 0x06,
	0x0B, 0x5D, 0x1D, 0xC4, 0x1B, 0xC0, 0xA8, 0xB0, 0xD0, 0x88, 0x1F, 0x5A, 0x06, 0x67, 0x81, 0x79,
	0x73, 0x1E, 0x0B, 0x15, 0x22, 0x4E, 0xDB, 0xF7, 0x04, 0xF7, 0x03, 0xC8, 0xDC, 0xF4, 0xF5, 0xC9,
	0x3A, 0xFB, 0x03, 0xFB, 0x04, 0x4D, 0x3B, 0x21, 0x1F, 0x0E, 0xEE, 0xF9, 0x33, 0x15, 0xFB, 0xB6,
	0xBC, 0xF7, 0xE3, 0xFB, 0x14, 0x5E, 0x07, 0x0B, 0xEE, 0xF9, 0xA6, 0x27, 0x1D, 0x6F, 0x75, 0x73,
	0x70, 0x6F, 0x28, 0x1D, 0x0E, 0x06, 0xD1, 0x69, 0x4B, 0xAE, 0x3B, 0x1B, 0xFB, 0x24, 0x38, 0xFB,
	0x02, 0xFB, 0x26, 0xFB, 0x25, 0xDE, 0xFB, 0x00, 0xF7, 0x21, 0x1F, 0x0B, 0xF7, 0x57, 0xF9, 0x31,
	0x9E, 0x1D, 0x0B, 0xF7, 0xA2, 0xF8, 0xC4, 0x27, 0x1D, 0x70, 0x74, 0x73, 0x70, 0x70, 0xA1, 0x74,
	0xA7, 0x1F, 0x0B, 0x16, 0xF7, 0x68, 0xF7, 0x86, 0xFB, 0x68, 0x5F, 0x1D, 0xF7, 0x68, 0xFB, 0x86,
	0xC8, 0x1D, 0x0B, 0xF7, 0x17, 0x80, 0x15, 0xAD, 0xA8, 0xA7, 0xAC, 0xAD, 0x6E, 0xA8, 0x69, 0x69,
	0x6E, 0x6E, 0x69, 0x6A, 0xA8, 0x6F, 0xAD, 0x1F, 0x0B, 0xC5, 0x50, 0x2A, 0x36, 0x69, 0x59, 0xFB,
	0x18, 0xFB, 0x07, 0x1F, 0xFB, 0x79, 0xFB, 0x5C, 0x05, 0x52, 0x07, 0x0E, 0xF7, 0x6B, 0xF7, 0x23,
	0xF7, 0x24, 0xF7, 0x6A, 0xF7, 0x6A, 0xFB, 0x24, 0xF7, 0x24, 0xFB, 0x6C, 0x1F, 0xFB, 0x6C, 0x0B,
	0x15, 0xAE, 0x8F, 0x73, 0x9B, 0x76, 0x1B, 0x75, 0x72, 0x7B, 0x68, 0x8F, 0x1F, 0x9F, 0xFB, 0x5B,
	0x05, 0xB8, 0x06, 0x0B, 0x15, 0xF2, 0x42, 0xD6, 0x25, 0x25, 0x41, 0x40, 0x24, 0x24, 0xD5, 0x41,
	0xF1, 0xF1, 0xD4, 0xD5, 0xF2, 0x1E, 0x0B, 0xA4, 0x1D, 0xD5, 0xBB, 0x0B, 0x15, 0xFB, 0x17, 0xFB,
	0xB4, 0x05, 0xC0, 0x06, 0xF7, 0x14, 0xF7, 0xB4, 0x05, 0xBA, 0xFB, 0x7D, 0x5C, 0x07, 0x0B, 0x15,
	0xA6, 0xA0, 0x9F, 0xA7, 0xA7, 0x76, 0xA0, 0x70, 0x6F, 0x77, 0x76, 0x6F, 0x6F, 0x9F, 0x77, 0xA7,
	0x1F, 0x0B, 0xD0, 0x88, 0x1F, 0x5A, 0x06, 0x67, 0x81, 0x79, 0x73, 0x1E, 0x63, 0x70, 0xC1, 0x55,
	0x1B, 0x5A, 0x6E, 0x63, 0x0B, 0x97, 0xF9, 0x1E, 0xAA, 0x1D, 0x0B, 0xA7, 0xAE, 0x1A, 0xC1, 0x5E,
	0xAC, 0x4D, 0x4D, 0x5E, 0x69, 0x56, 0x69, 0x9E, 0x6F, 0xA9, 0x7E, 0x1E, 0x0B, 0x15, 0xBE, 0xFB,
	0xB7, 0x58, 0xF7, 0x80, 0x07, 0xFB, 0x32, 0xFC, 0x12, 0x05, 0xC3, 0x06, 0x0E, 0x15, 0x5F, 0x75,
	0x71, 0x5F, 0x5F, 0x74, 0xA5, 0xB7, 0x1E, 0x53, 0x06, 0x3E, 0xBB, 0x5C, 0xD6, 0x0B, 0x6A, 0x62,
	0x1A, 0xC6, 0xF7, 0x31, 0x15, 0xAA, 0xA5, 0x9C, 0xAF, 0xAF, 0xA5, 0x7A, 0x6C, 0x6D, 0x0B, 0xF9,
	0x32, 0x15, 0x5E, 0x75, 0x72, 0x5F, 0x5F, 0x74, 0xA4, 0xB8, 0x1E, 0x53, 0x06, 0x3E, 0x0B, 0x16,
	0xB8, 0xFB, 0x29, 0x07, 0xC4, 0xB9, 0x05, 0xC9, 0xBE, 0xA2, 0xB1, 0xBD, 0x1A, 0xCE, 0x0B, 0xF7,
	0x45, 0xFA, 0x09, 0x15, 0x43, 0x06, 0x4F, 0xFB, 0x0B, 0x05, 0xC3, 0x06, 0x0E, 0x84, 0xC3, 0x1D,
	0x9D, 0xA6, 0xB2, 0x9C, 0x1F, 0x0B, 0x15, 0xF7, 0x70, 0xFD, 0x1E, 0xD3, 0xF9, 0x1E, 0xF7, 0x71,
	0xCD, 0xFC, 0x95, 0x06, 0x0B, 0xB9, 0x1D, 0xC5, 0xF7, 0xCD, 0x06, 0x0B, 0xF7, 0x91, 0x07, 0xF7,
	0x01, 0xC3, 0xD3, 0xEE, 0xDB, 0xBE, 0x63, 0xFB, 0x05, 0x1E, 0x0B, 0x15, 0xA5, 0xA3, 0xA2, 0xA6,
	0xA6, 0x73, 0xA3, 0x71, 0x6F, 0x74, 0x73, 0x70, 0x0B, 0xA3, 0x19, 0x94, 0x75, 0x97, 0x73, 0xA1,
	0x6C, 0xB0, 0x57, 0x18, 0xB2, 0xA5, 0x0B, 0xBA, 0x4E, 0x4E, 0x5C, 0x5D, 0x4E, 0x4C, 0xB8, 0x5D,
	0xCA, 0x1F, 0xBB, 0x04, 0x0B, 0x4B, 0xF7, 0xEB, 0x07, 0xFB, 0x71, 0xFB, 0x6E, 0x05, 0x59, 0x07,
	0x0E, 0x6E, 0x56, 0x45, 0x33, 0x1A, 0xE8, 0xF7, 0xEF, 0x15, 0xD6, 0xCB, 0xBB, 0x0B, 0xF8, 0xC5,
	0x15, 0xBA, 0x06, 0x9C, 0xF7, 0x2F, 0x05, 0x4B, 0x06, 0x0B, 0x85, 0x7B, 0x7B, 0x88, 0x7D, 0x1B,
	0x65, 0x71, 0xA1, 0xBF, 0x1F, 0x0B, 0xCF, 0xF7, 0x0A, 0x86, 0x1F, 0xF8, 0x15, 0xAD, 0x06, 0xF7,
	0x1D, 0x0B, 0x24, 0x1E, 0xBD, 0x8A, 0x15, 0xD9, 0xAD, 0xBD, 0xC6, 0xC7, 0xAE, 0x0B, 0xC6, 0x1D,
	0x2A, 0x51, 0xEC, 0x0B, 0x05, 0xF7, 0xBA, 0xCD, 0xFB, 0xEE, 0x06, 0x35, 0xFB, 0xFC, 0x0B, 0xF7,
	0x33, 0x16, 0xF7, 0xDE, 0xF8, 0x17, 0xFB, 0xDE, 0xD2, 0x0B, 0x15, 0xDD, 0xCD, 0xAF, 0xC8, 0xA9,
	0x1F, 0x94, 0x36, 0x05, 0x0B, 0xD1, 0xD2, 0xBA, 0xBC, 0xD0, 0xCF, 0xBA, 0x5A, 0x44, 0x1E, 0x0B,
	0xBF, 0x1D, 0x6E, 0x0B, 0xBD, 0x1D, 0x3F, 0x1D, 0x0B, 0x71, 0x70, 0x74, 0x74, 0x70, 0x70, 0x0B,
	0xC7, 0x16, 0xF9, 0x5A, 0xF9, 0x5A, 0xFD, 0x5A, 0x06, 0x0B, 0x1A, 0xC8, 0x5C, 0xBA, 0x4E, 0x4E,
	0x5C, 0x5D, 0x4D, 0x0B, 0xA3, 0x78, 0xA5, 0x98, 0x93, 0x8E, 0x8F, 0x91, 0x1E, 0x0B, 0xC2, 0xF1,
	0xA5, 0x1F, 0x48, 0x06, 0x4B, 0x7A, 0x0B, 0xC7, 0x06, 0x8E, 0x7B, 0x77, 0x8C, 0x7A, 0x1B, 0x0B,
	0x8A, 0x85, 0x1B, 0x76, 0x7D, 0x94, 0xA1, 0xA1, 0x0B, 0xFC, 0x1E, 0xF8, 0xE8, 0x05, 0x42, 0xFD,
	0x60, 0x0B, 0x68, 0x6F, 0x6F, 0x69, 0x69, 0xA7, 0x6E, 0xAE, 0x0B, 0xEC, 0xC5, 0x2A, 0xF7, 0x2D,
	0x47, 0xFB, 0x2D, 0x0B, 0xFB, 0x5C, 0xFB, 0x21, 0xFB, 0x2E, 0xFB, 0x6D, 0x0B, 0xFB, 0x68, 0xFB,
	0x86, 0x05, 0x0B, 0x01, 0x00, 0x22, 0x00, 0x00, 0xAB, 0x00, 0x01, 0x87, 0x00, 0x00, 0xAC, 0x02,
	0x01, 0x88, 0x01, 0x00, 0xAF, 0x00, 0x01, 0x8A, 0x00, 0x00, 0xB0, 0x00, 0x00, 0x8A, 0x00, 0x01,
	0x8B, 0x00, 0x00, 0x23, 0x01, 0x01, 0x8C, 0x01, 0x00, 0xB1, 0x00, 0x01, 0x8E, 0x01, 0x00, 0x25,
	0x00, 0x00, 0x9A, 0x00, 0x01, 0x90, 0x01, 0x00, 0x26, 0x00, 0x00, 0xB2, 0x00, 0x01, 0x92, 0x01,
	0x00, 0xB3, 0x01, 0x01, 0x94, 0x00, 0x00, 0xB5, 0x00, 0x01, 0x95, 0x01, 0x00, 0x27, 0x01, 0x01,
	0x97, 0x03, 0x00, 0x29, 0x00, 0x01, 0x9B, 0x00, 0x00, 0x2A, 0x00, 0x00, 0xB6, 0x02, 0x01, 0x9C,
	0x00, 0x00, 0xB9, 0x00, 0x01, 0x9D, 0x02, 0x00, 0x2B, 0x00, 0x01, 0xA0, 0x00, 0x00, 0x2C, 0x00,
	0x01, 0xA1, 0x00, 0x00, 0x2D, 0x00, 0x01, 0xA2, 0x03, 0x00, 0x8C, 0x00, 0x00, 0x2E, 0x01, 0x01,
	0xA6, 0x03, 0x00, 0xBA, 0x00, 0x00, 0x30, 0x00, 0x00, 0xBB, 0x03, 0x01, 0xAA, 0x01, 0x00, 0x8D,
	0x00, 0x01, 0xAC, 0x00, 0x00, 0xBF, 0x00, 0x00, 0x8E, 0x00, 0x00, 0x31, 0x00, 0x00, 0x9D, 0x00,
	0x00, 0x32, 0x01, 0x01, 0xAD, 0x02, 0x00, 0x34, 0x00, 0x01, 0xB0, 0x00, 0x00, 0xC0, 0x00, 0x01,
	0xB1, 0x02, 0x00, 0x35, 0x00, 0x01, 0xB4, 0x03, 0x00, 0x36, 0x00, 0x00, 0xC1, 0x03, 0x01, 0xB8,
	0x04, 0x00, 0x37, 0x01, 0x01, 0xBD, 0x03, 0x00, 0x39, 0x01, 0x00, 0xC5, 0x00, 0x01, 0xC1, 0x00,
	0x00, 0xC6, 0x00, 0x01, 0xC2, 0x00, 0x00, 0x3B, 0x00, 0x01, 0xC3, 0x00, 0x00, 0xC7, 0x00, 0x01,
	0xC4, 0x01, 0x00, 0x42, 0x00, 0x00, 0xC8, 0x00, 0x01, 0xC6, 0x00, 0x00, 0xC9, 0x02, 0x01, 0xC7,
	0x01, 0x00, 0xCC, 0x00, 0x01, 0xC9, 0x00, 0x00, 0xCD, 0x00, 0x00, 0x90, 0x00, 0x01, 0xCA, 0x00,
	0x00, 0x43, 0x01, 0x01, 0xCB, 0x01, 0x00, 0xCE, 0x00, 0x01, 0xCD, 0x01, 0x00, 0x45, 0x00, 0x00,
	0xA7, 0x00, 0x01, 0xCF, 0x01, 0x00, 0x46, 0x00, 0x00, 0xCF, 0x00, 0x01, 0xD1, 0x01, 0x00, 0xD0,
	0x01, 0x01, 0xD3, 0x00, 0x00, 0xD2, 0x00, 0x01, 0xD4, 0x01, 0x00, 0x47, 0x01, 0x01, 0xD6, 0x03,
	0x00, 0x49, 0x00, 0x01, 0xDA, 0x00, 0x00, 0x4A, 0x00, 0x00, 0xD3, 0x02, 0x01, 0xDB, 0x00, 0x00,
	0xD6, 0x00, 0x01, 0xDC, 0x02, 0x00, 0x4B, 0x00, 0x01, 0xDF, 0x00, 0x00, 0x4C, 0x00, 0x01, 0xE0,
	0x00, 0x00, 0x4D, 0x00, 0x01, 0xE1, 0x03, 0x00, 0x92, 0x00, 0x00, 0x4E, 0x01, 0x01, 0xE5, 0x03,
	0x00, 0xD7, 0x00, 0x00, 0x50, 0x00, 0x00, 0xD8, 0x03, 0x01, 0xE9, 0x01, 0x00, 0x93, 0x00, 0x01,
	0xEB, 0x00, 0x00, 0xDC, 0x00, 0x00, 0x94, 0x00, 0x00, 0x51, 0x00, 0x00, 0xA2, 0x00, 0x00, 0x52,
	0x01, 0x01, 0xEC, 0x02, 0x00, 0x54, 0x00, 0x01, 0xEF, 0x00, 0x00, 0xDD, 0x00, 0x01, 0xF0, 0x02,
	0x00, 0x95, 0x00, 0x00, 0x55, 0x00, 0x01, 0xF3, 0x03, 0x00, 0x56, 0x00, 0x00, 0xDE, 0x03, 0x01,
	0xF7, 0x04, 0x00, 0x57, 0x01, 0x01, 0xFC, 0x03, 0x00, 0x59, 0x01, 0x00, 0xE2, 0x00, 0x02, 0x00,
	0x00, 0x00, 0xE3, 0x00, 0x02, 0x01, 0x00, 0x00, 0x5B, 0x00, 0x02, 0x02, 0x00, 0x00, 0xE4, 0x00,
	0x02, 0x03, 0x08, 0x00, 0x6D, 0x01, 0x02, 0x0C, 0x04, 0x00, 0x11, 0x09, 0x02, 0x11, 0x28, 0x00,
	0x96, 0x00, 0x00, 0xA4, 0x00, 0x00, 0xA9, 0x00, 0x02, 0x3A, 0x05, 0x00, 0x63, 0x00, 0x00, 0x9B,
	0x00, 0x00, 0x9E, 0x00, 0x00, 0xA3, 0x00, 0x01, 0x40, 0x03, 0x00, 0x0B, 0x00, 0x02, 0x40, 0x00,
	0x00, 0x3D, 0x00, 0x00, 0x72, 0x00, 0x00, 0x74, 0x00, 0x00, 0x1B, 0x00, 0x00, 0x0D, 0x00, 0x00,
	0x79, 0x00, 0x00, 0x02, 0x00, 0x00, 0x60, 0x00, 0x00, 0x04, 0x00, 0x00, 0x0F, 0x00, 0x00, 0x20,
	0x00, 0x00, 0x7B, 0x00, 0x00, 0x03, 0x00, 0x00, 0x68, 0x00, 0x00, 0x1C, 0x00, 0x00, 0x10, 0x00,
	0x00, 0x40, 0x00, 0x00, 0x5C, 0x00, 0x00, 0x5E, 0x00, 0x00, 0x3C, 0x00, 0x00, 0x3E, 0x00, 0x00,
	0x09, 0x01, 0x00, 0x89, 0x00, 0x00, 0x6F, 0x00, 0x00, 0x0E, 0x00, 0x00, 0x6A, 0x00, 0x00, 0x78,
	0x00, 0x00, 0x6B, 0x01, 0x00, 0x76, 0x00, 0x00, 0x69, 0x00, 0x00, 0x77, 0x00, 0x00, 0x41, 0x00,
	0x00, 0x08, 0x00, 0x00, 0x75, 0x00, 0x00, 0x01, 0x00, 0x00, 0x61, 0x00, 0x00, 0x67, 0x00, 0x00,
	0x05, 0x00, 0x02, 0x41, 0x00, 0x00, 0x65, 0x00, 0x00, 0x62, 0x00, 0x00, 0x64, 0x00, 0x00, 0x0C,
	0x00, 0x00, 0xA6, 0x00, 0x00, 0xA8, 0x00, 0x00, 0x9F, 0x00, 0x00, 0x1E, 0x00, 0x02, 0x42, 0x00,
	0x00, 0x1F, 0x00, 0x00, 0x1D, 0x00, 0x02, 0x43, 0x01, 0x00, 0x9C, 0x00, 0x02, 0x45, 0x00, 0x00,
	0x5F, 0x00, 0x00, 0x97, 0x00, 0x02, 0x46, 0x08, 0x00, 0x06, 0x00, 0x00, 0x7A, 0x00, 0x02, 0x4F,
	0x12, 0x00, 0x21, 0x00, 0x00, 0x07, 0x00, 0x00, 0x73, 0x00, 0x00, 0x66, 0x00, 0x00, 0xAA, 0x00,
	0x00, 0xA5, 0x00, 0x02, 0x62, 0x00, 0x00, 0x99, 0x00, 0x00, 0xA1, 0x00, 0x00, 0x5D, 0x00, 0x00,
	0xA0, 0x00, 0x00, 0x70, 0x01, 0x02, 0x63, 0x01, 0x00, 0x3F, 0x00, 0x02, 0x65, 0x10, 0x00, 0x7D,
	0x00, 0x00, 0x81, 0x00, 0x00, 0x88, 0x00, 0x00, 0x85, 0x00, 0x00, 0x7E, 0x00, 0x00, 0x83, 0x00,
	0x00, 0x82, 0x00, 0x00, 0x7C, 0x00, 0x00, 0x86, 0x00, 0x00, 0x80, 0x00, 0x00, 0x87, 0x00, 0x00,
	0x84, 0x00, 0x00, 0x7F, 0x00, 0x02, 0x76, 0x07, 0x00, 0x91, 0x00, 0x02, 0x7E, 0x1A, 0x01, 0x00,
	0x01, 0xF8, 0x02, 0x00, 0x01, 0x00, 0x1C, 0x00, 0x24, 0x00, 0x2F, 0x00, 0x3F, 0x00, 0x4A, 0x00,
	0x67, 0x00, 0x74, 0x00, 0x81, 0x00, 0x9E, 0x00, 0xB2, 0x01, 0x07, 0x01, 0x11, 0x01, 0x41, 0x01,
	0x7C, 0x01, 0xC4, 0x01, 0xDF, 0x01, 0xEC, 0x01, 0xFA, 0x02, 0x76, 0x02, 0x82, 0x02, 0x8D, 0x02,
	0xA1, 0x02, 0xA4, 0x02, 0xD9, 0x02, 0xDC, 0x02, 0xF0, 0x02, 0xFD, 0x03, 0x09, 0x03, 0x18, 0x03,
	0x25, 0x03, 0x32, 0x03, 0x3D, 0x03, 0x48, 0x03, 0x55, 0x03, 0x75, 0x03, 0x8C, 0x03, 0x91, 0x03,
	0xA2, 0x03, 0xFD, 0x04, 0x17, 0x04, 0x29, 0x04, 0x38, 0x04, 0x5E, 0x04, 0x64, 0x04, 0x70, 0x04,
	0x7C, 0x04, 0x87, 0x04, 0x91, 0x04, 0xA1, 0x04, 0xAE, 0x04, 0xCA, 0x04, 0xDB, 0x04, 0xE1, 0x04,
	0xEE, 0x04, 0xF2, 0x04, 0xFB, 0x04, 0xFF, 0x05, 0x0B, 0x05, 0x1B, 0x05, 0x24, 0x05, 0x3E, 0x05,
	0x64, 0x05, 0x9B, 0x05, 0xA2, 0x05, 0xAD, 0x05, 0xB7, 0x05, 0xC1, 0x05, 0xF3, 0x05, 0xFD, 0x06,
	0x05, 0x06, 0x15, 0x06, 0x21, 0x06, 0x2D, 0x06, 0x39, 0x06, 0x45, 0x06, 0x53, 0x06, 0x5B, 0x06,
	0x69, 0x06, 0x75, 0x06, 0xD3, 0x07, 0x02, 0x07, 0x34, 0x07, 0x79, 0x07, 0x7D, 0x07, 0x8C, 0x07,
	0x98, 0x07, 0xA1, 0x07, 0xA5, 0x07, 0xB4, 0x07, 0xBF, 0x07, 0xEE, 0x07, 0xF9, 0x08, 0x02, 0x08,
	0x06, 0x08, 0x28, 0x08, 0x3C, 0x08, 0x6D, 0x08, 0x7B, 0x08, 0x81, 0x08, 0x8E, 0x08, 0x97, 0x08,
	0xA2, 0x08, 0xAB, 0x08, 0xB4, 0x08, 0xC1, 0x09, 0x14, 0x09, 0x26, 0x09, 0x31, 0x09, 0x57, 0x09,
	0x9B, 0x09, 0xA7, 0x09, 0xB1, 0x09, 0xBF, 0x09, 0xC9, 0x0A, 0x06, 0x0A, 0x0D, 0x0A, 0x15, 0x0A,
	0x2F, 0x0A, 0x53, 0x0A, 0x5D, 0x0A, 0x79, 0x0A, 0x88, 0x0A, 0x93, 0x0A, 0xA9, 0x0A, 0xAE, 0x0A,
	0xB4, 0x0A, 0xC0, 0x0A, 0xD0, 0x0A, 0xDA, 0x0A, 0xF3, 0x0A, 0xFF, 0x0B, 0x0B, 0x0B, 0x2A, 0x0B,
	0x3D, 0x0B, 0x90, 0x0B, 0x9C, 0x0B, 0xA3, 0x0B, 0xAF, 0x0B, 0xE6, 0x0B, 0xEC, 0x0B, 0xF9, 0x0C,
	0x07, 0x0C, 0x36, 0x0C, 0x4E, 0x0C, 0x68, 0x0C, 0x72, 0x0C, 0xDA, 0x0C, 0xF7, 0x0D, 0x0B, 0x0D,
	0x11, 0x0D, 0x1D, 0x0D, 0x26, 0x0D, 0x33, 0x0D, 0x3C, 0x0D, 0x48, 0x0D, 0x50, 0x0D, 0x60, 0x0D,
	0x6B, 0x0D, 0x91, 0x0D, 0xB4, 0x0D, 0xBA, 0x0D, 0xCD, 0x0D, 0xDC, 0x0E, 0x0A, 0x0E, 0x25, 0x0E,
	0x2F, 0x0E, 0x43, 0x0E, 0x47, 0x0E, 0x50, 0x0E, 0x58, 0x0E, 0x74, 0x0E, 0x83, 0x0E, 0x90, 0x0E,
	0x98, 0x0E, 0xA1, 0x0E, 0xB6, 0x0E, 0xD1, 0x0E, 0xD9, 0x0E, 0xDE, 0x0E, 0xE6, 0x0E, 0xEB, 0x0E,
	0xFA, 0x0F, 0x05, 0x0F, 0x0C, 0x0F, 0x25, 0x0F, 0x47, 0x0F, 0x8C, 0x0F, 0x90, 0x0F, 0x9B, 0x0F,
	0xA9, 0x0F, 0xB1, 0x0F, 0xE6, 0x0F, 0xFC, 0x10, 0x02, 0x10, 0x0B, 0x10, 0x14, 0x10, 0x21, 0x10,
	0x2A, 0x10, 0x33, 0x10, 0x3E, 0x10, 0xA1, 0x11, 0x09, 0x11, 0x1A, 0x11, 0x5C, 0x11, 0x9A, 0x11,
	0xD4, 0x12, 0x16, 0x12, 0x1B, 0x12, 0x28, 0x12, 0x3C, 0x12, 0x46, 0x12, 0x4B, 0x12, 0x59, 0x12,
	0x67, 0x12, 0xCD, 0x12, 0xD8, 0x12, 0xE2, 0x13, 0x30, 0x13, 0x35, 0x13, 0x4C, 0x13, 0x5F, 0x13,
	0x80, 0x13, 0x88, 0x13, 0x95, 0x13, 0x9F, 0x13, 0xA9, 0x13, 0xB4, 0x13, 0xC0, 0x13, 0xC9, 0x13,
	0xD4, 0x13, 0xFE, 0x14, 0x0F, 0x14, 0x1B, 0x14, 0x42, 0x14, 0x8F, 0x14, 0x9B, 0x14, 0xA4, 0x14,
	0xF5, 0x14, 0xFF, 0x15, 0x2E, 0x15, 0x35, 0x15, 0x3F, 0x15, 0x4A, 0x15, 0x65, 0x15, 0x6F, 0x15,
	0x8C, 0x15, 0x9A, 0x15, 0xAA, 0x15, 0xC5, 0x15, 0xD6, 0x15, 0xDC, 0x15, 0xE1, 0x15, 0xEB, 0x16,
	0x22, 0x16, 0x34, 0x16, 0x48, 0x16, 0x7E, 0x16, 0x94, 0x16, 0xB4, 0x16, 0xCD, 0x16, 0xE8, 0x17,
	0x1B, 0x17, 0x57, 0x17, 0x82, 0x17, 0xC6, 0x17, 0xD7, 0x17, 0xED, 0x18, 0x0B, 0x18, 0x0E, 0x18,
	0x25, 0x18, 0x71, 0x18, 0x89, 0x18, 0xE3, 0x19, 0x1A, 0x19, 0x5C, 0x19, 0x72, 0x19, 0x88, 0x19,
	0xA6, 0x19, 0xA9, 0x19, 0xC0, 0x1A, 0x0C, 0x1A, 0x24, 0x1A, 0x7E, 0x1A, 0xB5, 0x1A, 0xE4, 0x1A,
	0xEC, 0x1A, 0xF3, 0x1A, 0xFB, 0x1B, 0x20, 0x1B, 0x26, 0x1B, 0x2D, 0x1B, 0x35, 0x1B, 0x3B, 0x1B,
	0x42, 0x1B, 0x5C, 0x1B, 0x6C, 0x1B, 0x89, 0x1B, 0xB3, 0x1B, 0xB9, 0x1B, 0xD9, 0x1C, 0x12, 0x1C,
	0x1B, 0x1C, 0x2D, 0x1C, 0x66, 0x1C, 0x80, 0x1C, 0x85, 0x1C, 0xB9, 0x1C, 0xE4, 0x1D, 0x08, 0x1D,
	0x0D, 0x1D, 0x46, 0x1D, 0x4B, 0x1D, 0x9D, 0x1D, 0xD7, 0x1E, 0x08, 0x1E, 0x10, 0x1E, 0x18, 0x1E,
	0x20, 0x1E, 0x46, 0x1E, 0x4D, 0x1E, 0x54, 0x1E, 0x5C, 0x1E, 0x63, 0x1E, 0x6B, 0x1E, 0x74, 0x1E,
	0x92, 0x1E, 0xA5, 0x1E, 0xAC, 0x1E, 0xB9, 0x1E, 0xCD, 0x1F, 0x1D, 0x1F, 0x2F, 0x1F, 0x94, 0x20,
	0x83, 0x20, 0x93, 0x20, 0xAC, 0x20, 0xC5, 0x20, 0xDE, 0x21, 0x05, 0x21, 0x23, 0x21, 0x56, 0x21,
	0x83, 0x21, 0xE1, 0x21, 0xE6, 0x22, 0x2F, 0x22, 0x7E, 0x22, 0x89, 0x22, 0x8E, 0x22, 0xB7, 0x22,
	0xC8, 0x22, 0xD3, 0x23, 0x18, 0x23, 0x5D, 0x23, 0x71, 0x23, 0x85, 0x23, 0xB3, 0x23, 0xE0, 0x23,
	0xED, 0x23, 0xFA, 0x24, 0x07, 0x24, 0x1F, 0x24, 0x27, 0x24, 0x2C, 0x24, 0x31, 0x24, 0x4A, 0x24,
	0x73, 0x24, 0x8C, 0x24, 0x91, 0x24, 0x96, 0x24, 0x9B, 0x24, 0x9E, 0x24, 0xE5, 0x25, 0x4A, 0x25,
	0xCA, 0x26, 0x3B, 0x26, 0x7B, 0x26, 0xDC, 0x27, 0x11, 0x27, 0x2A, 0x27, 0x32, 0x27, 0x5E, 0x27,
	0x72, 0x27, 0x81, 0x27, 0xB7, 0x27, 0xD2, 0x27, 0xEF, 0x28, 0x11, 0x28, 0x3A, 0x28, 0x5E, 0x28,
	0x89, 0x28, 0x99, 0x28, 0xA9, 0x29, 0x23, 0x29, 0x81, 0x29, 0xA8, 0x29, 0xD6, 0x29, 0xE7, 0x2A,
	0x0B, 0x2A, 0x28, 0x2A, 0x5A, 0x2A, 0xAE, 0x2A, 0xB6, 0x2A, 0xE7, 0x2B, 0x08, 0x2B, 0x26, 0x2B,
	0x48, 0x2B, 0x66, 0x2B, 0x88, 0x2B, 0xA5, 0x2B, 0xC6, 0x2B, 0xE3, 0x2C, 0x1E, 0x2C, 0x53, 0x2C,
	0x58, 0x2C, 0x80, 0x2C, 0xAB, 0x2C, 0xB0, 0x2C, 0xC0, 0x2C, 0xCD, 0x2C, 0xEA, 0x2D, 0x4B, 0x2D,
	0x63, 0x2E, 0x07, 0x2E, 0x82, 0x2E, 0xA8, 0x2F, 0x22, 0x2F, 0xA3, 0x2F, 0xD8, 0x30, 0x01, 0x30,
	0x37, 0x30, 0x63, 0x30, 0x6F, 0x30, 0x85, 0x30, 0x9A, 0x30, 0xB9, 0x31, 0x0F, 0x31, 0x57, 0x31,
	0x74, 0x31, 0x8E, 0x32, 0x02, 0x32, 0x06, 0x32, 0x0A, 0x32, 0x0E, 0x32, 0x12, 0x32, 0x16, 0x32,
	0x1E, 0x32, 0x22, 0x32, 0x26, 0x32, 0x2A, 0x32, 0x2E, 0x32, 0x36, 0x32, 0x60, 0x32, 0x87, 0x32,
	0x8B, 0x32, 0x9B, 0x32, 0x9F, 0x32, 0xA3, 0x32, 0xA7, 0x32, 0xAB, 0x32, 0xB3, 0x32, 0xB7, 0x32,
	0xBB, 0x32, 0xBF, 0x32, 0xC3, 0x32, 0xCB, 0x32, 0xD2, 0x32, 0xD6, 0x32, 0xDA, 0x32, 0xED, 0x33,
	0x01, 0x33, 0x33, 0x33, 0x44, 0x33, 0x52, 0x33, 0x5C, 0x33, 0x71, 0x33, 0xA0, 0x33, 0xA4, 0x33,
	0xC1, 0x33, 0xCD, 0x33, 0xDF, 0x33, 0xED, 0x34, 0x06, 0x34, 0x1B, 0x34, 0x28, 0x34, 0x62, 0x34,
	0x92, 0x34, 0xE1, 0x35, 0x05, 0x35, 0x0E, 0x35, 0x16, 0x35, 0x44, 0x35, 0x4D, 0x35, 0x6E, 0x35,
	0x7A, 0x35, 0xA7, 0x35, 0xAF, 0x35, 0xB5, 0x35, 0xC1, 0x35, 0xD2, 0x35, 0xDF, 0x35, 0xEB, 0x35,
	0xFE, 0x36, 0x0E, 0x36, 0x23, 0x21, 0xBD, 0xFB, 0x67, 0x15, 0xF8, 0x24, 0xFA, 0xC5, 0xFC, 0x24,
	0xFE, 0xC5, 0x06, 0xBD, 0xBD, 0x15, 0xFA, 0x61, 0xF7, 0xC0, 0xFE, 0x61, 0xFB, 0xC0, 0x07, 0x0E,
	0xB2, 0xE2, 0x16, 0x38, 0x1D, 0xD6, 0x4A, 0x1D, 0xB2, 0xF8, 0x40, 0x34, 0x1D, 0xFB, 0x9D, 0xFD,
	0x96, 0x24, 0x1D, 0xB2, 0xF8, 0x18, 0xFA, 0x0E, 0x9D, 0x1D, 0xBB, 0xD7, 0x1E, 0xFB, 0xF9, 0xFE,
	0x0E, 0x24, 0x1D, 0xB2, 0xF7, 0x9C, 0x25, 0x0A, 0xFB, 0x07, 0xFD, 0x96, 0x24, 0x1D, 0xB2, 0xF7,
	0x8D, 0xF9, 0xAA, 0x15, 0x2E, 0x1D, 0xA1, 0x75, 0xA7, 0x1F, 0xF7, 0x26, 0x16, 0x55, 0x1D, 0x74,
	0x74, 0x70, 0x70, 0x28, 0x1D, 0xFB, 0xC8, 0xFD, 0xAA, 0x24, 0x1D, 0xB2, 0xF7, 0xEF, 0xF9, 0x96,
	0x33, 0x0A, 0xFB, 0x60, 0xFD, 0x96, 0x24, 0x1D, 0xB2, 0xF7, 0x62, 0xF9, 0xCE, 0x47, 0x0A, 0xFB,
	0x0B, 0xFE, 0x05, 0x24, 0x1D, 0xB2, 0xE2, 0x16, 0x38, 0x1D, 0xA5, 0x06, 0x62, 0x78, 0x76, 0x6C,
	0x6A, 0x86, 0x0A, 0x84, 0x1B, 0x77, 0x7C, 0x94, 0xA1, 0xA1, 0x9D, 0xA6, 0xB2, 0x9C, 0x1F, 0x8C,
	0x4A, 0x1D, 0xB2, 0xF7, 0xD6, 0xF9, 0x93, 0x15, 0xC8, 0xB9, 0xBB, 0xC8, 0xC7, 0x5D, 0x6A, 0x0A,
	0xFB, 0x7F, 0xFD, 0xC3, 0x24, 0x1D, 0xB2, 0xF8, 0x40, 0xFA, 0x96, 0x21, 0x1D, 0xFB, 0x9D, 0xFE,
	0x1F, 0x15, 0x38, 0x1D, 0xD6, 0x06, 0xFB, 0x94, 0xF9, 0x44, 0x05, 0xAB, 0x9E, 0xA0, 0xAD, 0xB3,
	0xBF, 0x1D, 0x61, 0x9F, 0x69, 0xAC, 0x79, 0x1E, 0xFB, 0x90, 0xFD, 0x43, 0x05, 0xF7, 0xC7, 0xF9,
	0x64, 0x15, 0x68, 0x74, 0xA4, 0xB0, 0xAF, 0xA3, 0xA4, 0xAD, 0xAC, 0xA3, 0x71, 0x68, 0x66, 0x74,
	0x72, 0x69, 0x1F, 0x82, 0x22, 0x15, 0x8F, 0x95, 0x8F, 0x98, 0x8C, 0x91, 0x8C, 0x84, 0x90, 0x7F,
	0x8E, 0x81, 0xF7, 0x1A, 0xFB, 0xFE, 0x18, 0xFB, 0xB1, 0x06, 0x0E, 0xB2, 0xF7, 0x7C, 0x60, 0x0A,
	0x2C, 0xFD, 0xA7, 0x24, 0x1D, 0xF7, 0xB7, 0x94, 0x16, 0xD8, 0x06, 0xDD, 0xF7, 0x63, 0x05, 0xF7,
	0x87, 0xFB, 0x63, 0xF8, 0x3F, 0xCD, 0xFB, 0xF7, 0xF7, 0x99, 0xF7, 0xD5, 0xCC, 0xFB, 0xD5, 0xF7,
	0x96, 0xF7, 0xF7, 0xCD, 0xFC, 0xB3, 0x06, 0x24, 0xFC, 0x52, 0x15, 0xF7, 0x2A, 0xF8, 0x10, 0x05,
	0xD0, 0xFC, 0x10, 0x06, 0x0E, 0xF7, 0xB7, 0xF9, 0x2E, 0xFA, 0x0D, 0x22, 0x1D, 0xC3, 0x06, 0xFC,
	0xD8, 0xFD, 0x96, 0x15, 0xD8, 0x06, 0xDD, 0xF7, 0x63, 0x05, 0xF7, 0x87, 0xFB, 0x63, 0xF8, 0x3F,
	0xCD, 0xFB, 0xF7, 0xF7, 0x99, 0xF7, 0xD5, 0xCC, 0xFB, 0xD5, 0xF7, 0x96, 0xF7, 0xF7, 0xCD, 0xFC,
	0xB3, 0x06, 0x24, 0xFC, 0x52, 0x15, 0xF7, 0x2A, 0xF8, 0x10, 0x05, 0xD0, 0xFC, 0x10, 0x06, 0x0E,
	0xA2, 0xE2, 0x16, 0xF7, 0xA9, 0x06, 0xF7, 0x1C, 0xE1, 0xD4, 0xF7, 0x07, 0xE3, 0x61, 0xC5, 0x38,
	0xA6, 0x1F, 0xD5, 0xA8, 0xB0, 0xC4, 0xDF, 0x1A, 0xF7, 0x07, 0x36, 0xD1, 0xFB, 0x1E, 0x1E, 0xFB,
	0x9A, 0x06, 0xF7, 0x99, 0x4B, 0x15, 0xEB, 0xC1, 0x5C, 0x3B, 0x36, 0x58, 0x59, 0x31, 0x1F, 0xFB,
	0x5A, 0xF7, 0x9A, 0x06, 0xF7, 0x61, 0xFB, 0xD9, 0x15, 0xE8, 0xC3, 0x5A, 0x3A, 0x38, 0x54, 0x5A,
	0x2D, 0x1F, 0xFB, 0x61, 0xF7, 0x9A, 0x06, 0x0E, 0xF7, 0x0F, 0xF8, 0x0F, 0x80, 0x15, 0xF7, 0x2E,
	0xF7, 0x11, 0xE6, 0xF7, 0x1B, 0xAC, 0x1F, 0x75, 0x1D, 0xFB, 0x70, 0xF7, 0x1C, 0xFB, 0x29, 0xF7,
	0x5C, 0x1F, 0x0E, 0xF7, 0x0F, 0xF8, 0x7D, 0xFA, 0x0D, 0x21, 0x1D, 0x69, 0xFD, 0xA1, 0x2D, 0x0A,
	0xF7, 0x0F, 0xF7, 0xE6, 0xF9, 0x96, 0x89, 0x0A, 0xF7, 0x09, 0xFE, 0x1B, 0x2D, 0x0A, 0xF7, 0x0F,
	0xF7, 0xD5, 0xFB, 0x3C, 0x15, 0x80, 0x9D, 0x9E, 0x87, 0xA4, 0x1B, 0xBA, 0xB5, 0xA4, 0xBF, 0xB6,
	0x6C, 0xA2, 0x66, 0x81, 0x81, 0x89, 0x88, 0x81, 0x1F, 0x9B, 0xAD, 0xF7, 0x29, 0x8F, 0xF7, 0x0C,
	0xE5, 0xAB, 0xF7, 0x18, 0x19, 0x3E, 0x06, 0x2B, 0x6C, 0x31, 0x4E, 0xFB, 0x05, 0x1B, 0xFB, 0x31,
	0x22, 0xF7, 0x0C, 0xF7, 0x48, 0xF7, 0x49, 0xF4, 0xF7, 0x0C, 0xF7, 0x31, 0xF7, 0x04, 0xE3, 0x4C,
	0x24, 0xA9, 0x1F, 0xD8, 0x06, 0xF7, 0x22, 0x6E, 0xFB, 0x0D, 0xE8, 0xFB, 0x2E, 0x1B, 0xFB, 0x5E,
	0xFB, 0x1E, 0xFB, 0x2A, 0xFB, 0x70, 0xFB, 0x65, 0xF7, 0x0F, 0xFB, 0x25, 0xF7, 0x4C, 0x7D, 0x1F,
	0x73, 0x57, 0x94, 0x72, 0x05, 0x94, 0xA0, 0x95, 0x8E, 0x9D, 0x1B, 0xA3, 0x9B, 0x80, 0x75, 0x75,
	0x77, 0x7F, 0x71, 0x77, 0x79, 0x91, 0x95, 0x78, 0x1F, 0x0E, 0xF7, 0x0F, 0xF7, 0xD8, 0x25, 0x0A,
	0xF7, 0x09, 0xFD, 0xA1, 0x2D, 0x0A, 0xF7, 0x0F, 0xF8, 0x12, 0x4C, 0x1D, 0x88, 0xFD, 0xB5, 0x2D,
	0x0A, 0xEF, 0xF7, 0xC5, 0x16, 0x9A, 0x1D, 0xFD, 0x60, 0x06, 0xF7, 0x69, 0xF9, 0x1E, 0x15, 0x64,
	0x0A, 0xF8, 0xDC, 0x06, 0x0E, 0xEF, 0x6C, 0x1D, 0xEF, 0xF7, 0x94, 0xF9, 0x96, 0x15, 0xE2, 0x06,
	0xD7, 0xF7, 0x0D, 0x05, 0x4D, 0xA2, 0x0A, 0xF7, 0x11, 0xFE, 0x0F, 0x15, 0xF7, 0x6B, 0xF7, 0x23,
	0xF7, 0x24, 0xF7, 0x6A, 0xF7, 0x6A, 0xFB, 0x24, 0xF7, 0x24, 0xFB, 0x6C, 0x1F, 0xFB, 0x6C, 0xFD,
	0x60, 0x06, 0xF7, 0x69, 0xF9, 0x1E, 0x15, 0x64, 0x0A, 0xF8, 0xDC, 0x06, 0x0E, 0xEF, 0x6C, 0x1D,
	0x6C, 0xF8, 0x98, 0x16, 0xCD, 0xFB, 0xF9, 0xF7, 0x99, 0xF7, 0xD7, 0xCC, 0xFB, 0xD7, 0x39, 0x1D,
	0xFD, 0x60, 0x07, 0x0E, 0x6C, 0xF8, 0x27, 0xFA, 0x0D, 0x21, 0x1D, 0xF7, 0x51, 0xFD, 0x96, 0x24,
	0x0A, 0x6C, 0xF7, 0xFF, 0xFA, 0x0E, 0x7B, 0x0A, 0xEC, 0xFE, 0x0E, 0x24, 0x0A, 0x6C, 0xF7, 0x90,
	0xF9, 0x96, 0x2A, 0x0A, 0x4D, 0x06, 0xF7, 0xE8, 0xFE, 0x10, 0x24, 0x0A, 0x6C, 0xF7, 0x82, 0xF9,
	0x96, 0x20, 0x1D, 0xF7, 0xE8, 0xFD, 0x96, 0x24, 0x0A, 0x6C, 0xF7, 0x73, 0xF9, 0xAA, 0x2D, 0x1D,
	0xF7, 0x27, 0xFD, 0xAA, 0x24, 0x0A, 0x6C, 0xF7, 0xBC, 0x4C, 0x1D, 0xF7, 0x70, 0xFD, 0xAA, 0x24,
	0x0A, 0x6C, 0xF7, 0xD6, 0x31, 0x1D, 0xF7, 0x8F, 0xFD, 0x96, 0x24, 0x0A, 0x6C, 0xF7, 0x48, 0xF9,
	0xCE, 0x28, 0x0A, 0xF7, 0xE4, 0xFE, 0x05, 0x24, 0x0A, 0x6C, 0xF8, 0x68, 0x16, 0x62, 0x78, 0x75,
	0x6C, 0x6A, 0x35, 0x0A, 0x99, 0x3A, 0x1D, 0xA9, 0x1D, 0xCD, 0xFB, 0xF9, 0xF7, 0x99, 0xF7, 0xD7,
	0xCC, 0xFB, 0xD7, 0x39, 0x1D, 0xFD, 0x60, 0x07, 0x0E, 0x4C, 0xF8, 0x58, 0xF7, 0xCF, 0x15, 0xCC,
	0xFB, 0xB9, 0xF7, 0xA2, 0xF7, 0xF2, 0xCD, 0xFC, 0x3A, 0xFD, 0x60, 0xD3, 0xF7, 0xCF, 0x07, 0x0E,
	0xF7, 0x24, 0x65, 0x1D, 0x0E, 0xF7, 0x24, 0xF8, 0x5A, 0xFA, 0x0F, 0x82, 0x0A, 0xBA, 0xD8, 0x1E,
	0xFB, 0x0F, 0xFB, 0x7B, 0x66, 0x1D, 0xF7, 0x24, 0xF7, 0xDE, 0xF9, 0x97, 0x20, 0x1D, 0xF7, 0x0B,
	0xFB, 0x03, 0x15, 0xF4, 0xDF, 0x59, 0x29, 0xA9, 0x1F, 0xD9, 0x06, 0xF7, 0x16, 0x6F, 0xFB, 0x09,
	0xE1, 0xFB, 0x2B, 0x1B, 0xFB, 0x61, 0xFB, 0x20, 0xFB, 0x2E, 0xFB, 0x6F, 0xFB, 0x71, 0xF7, 0x20,
	0xFB, 0x26, 0xF7, 0x5F, 0xF7, 0x08, 0xE5, 0xC1, 0xD2, 0xB1, 0x1F, 0x92, 0xFB, 0x06, 0x05, 0xC4,
	0xF8, 0x18, 0xFB, 0xDB, 0x4B, 0xF7, 0x97, 0x66, 0x06, 0xFB, 0x40, 0xFB, 0x09, 0x51, 0xFB, 0x0C,
	0xFB, 0x35, 0xFB, 0x02, 0xF7, 0x05, 0xF7, 0x4E, 0xF7, 0x4B, 0xF3, 0xF7, 0x0E, 0xF7, 0x39, 0x1E,
	0x0E, 0xF7, 0x24, 0x65, 0x1D, 0xB9, 0xFD, 0x8B, 0x15, 0xB3, 0x76, 0xA2, 0x6C, 0x70, 0x77, 0x76,
	0x6F, 0x72, 0x9F, 0x79, 0xA4, 0x90, 0x54, 0x1D, 0xB7, 0x30, 0x1D, 0xF7, 0x24, 0xF8, 0x18, 0xF9,
	0xAB, 0xAD, 0x1D, 0x6F, 0xA2, 0x75, 0xA7, 0x1F, 0x8A, 0xFB, 0x17, 0x66, 0x1D, 0xEE, 0xB8, 0x1D,
	0xF9, 0x60, 0x44, 0xFB, 0xD3, 0xFC, 0x17, 0xF7, 0xD3, 0x43, 0x3C, 0x1D, 0xEE, 0xB8, 0x1D, 0xF8,
	0xB5, 0xE1, 0xCA, 0x35, 0xF7, 0x00, 0x44, 0xFB, 0x00, 0xFC, 0x17, 0xF7, 0x00, 0x43, 0xFB, 0x00,
	0x38, 0x4C, 0xDE, 0xFC, 0xB5, 0x07, 0xD3, 0xF8, 0x21, 0x15, 0xF7, 0x28, 0xF8, 0x17, 0xFB, 0x28,
	0x07, 0x0E, 0xFB, 0xFC, 0x9E, 0x0A, 0x06, 0x0E, 0xFB, 0xFC, 0xF7, 0x7A, 0xFA, 0x0D, 0x21, 0x1D,
	0x90, 0x55, 0x27, 0x0A, 0xFB, 0xFC, 0xCC, 0xF9, 0x96, 0x83, 0x0A, 0xF7, 0x30, 0x55, 0x27, 0x0A,
	0xFB, 0xFC, 0xBD, 0xF9, 0xAA, 0x7C, 0x1D, 0x66, 0x41, 0x27, 0x0A, 0xFB, 0xFC, 0xF7, 0x0F, 0x4C,
	0x1D, 0xAF, 0x41, 0x27, 0x0A, 0xFB, 0xFC, 0xF7, 0x29, 0xF9, 0x96, 0x58, 0x1D, 0xD6, 0xFB, 0x0C,
	0x05, 0xCD, 0x55, 0x27, 0x0A, 0xFB, 0xFC, 0x92, 0xF9, 0xCE, 0x28, 0x0A, 0xF7, 0x2C, 0xFB, 0x39,
	0x27, 0x0A, 0xFB, 0xFC, 0xF7, 0x03, 0x16, 0x62, 0x78, 0x75, 0x6C, 0x6A, 0x35, 0x0A, 0x99, 0x3A,
	0x1D, 0x84, 0xC3, 0x1D, 0x9D, 0xA6, 0xB2, 0x9C, 0x1F, 0xF9, 0x60, 0x43, 0x3C, 0x1D, 0xFB, 0xFC,
	0xAC, 0xF9, 0xA7, 0x82, 0x1D, 0xF7, 0x43, 0x44, 0x15, 0x43, 0xFD, 0x60, 0xD3, 0x06, 0x0E, 0x2B,
	0x9F, 0xF7, 0x59, 0x68, 0x0A, 0x2B, 0xF7, 0xE2, 0xF9, 0x97, 0x20, 0x1D, 0xFB, 0x90, 0xFC, 0xD2,
	0x68, 0x0A, 0x95, 0x5D, 0x0A, 0x0E, 0x95, 0x5D, 0x0A, 0xF7, 0x72, 0xFC, 0x14, 0x2C, 0x1D, 0x2A,
	0x31, 0x0A, 0x0E, 0x2A, 0xF7, 0x7A, 0xFA, 0x09, 0x21, 0x1D, 0x90, 0x59, 0x9A, 0x0A, 0x0E, 0x2A,
	0x31, 0x0A, 0xC2, 0xF8, 0x83, 0x15, 0xBB, 0x06, 0x9C, 0xF7, 0x2F, 0x05, 0x4A, 0x06, 0x0E, 0x2A,
	0x31, 0x0A, 0xF7, 0x3B, 0xFB, 0x39, 0x2C, 0x1D, 0x2A, 0x31, 0x0A, 0xF7, 0x29, 0xF7, 0x90, 0x15,
	0xA4, 0xA1, 0xA0, 0xA4, 0xA5, 0x75, 0xA1, 0x72, 0x71, 0x76, 0x76, 0x70, 0x72, 0xA1, 0x76, 0xA4,
	0x1F, 0x0E, 0x2A, 0x9B, 0xF7, 0x9A, 0x15, 0xD2, 0xAD, 0x05, 0xFB, 0xBC, 0xF8, 0x25, 0xCD, 0xFB,
	0xDD, 0xF7, 0x9C, 0x07, 0xF7, 0x56, 0xE8, 0x05, 0xCB, 0x07, 0xFB, 0x56, 0x2E, 0x05, 0xF7, 0xD6,
	0x43, 0xFB, 0xF8, 0x07, 0x44, 0x69, 0x05, 0x0E, 0xF7, 0x7D, 0xF7, 0x32, 0x16, 0xF7, 0xF3, 0x07,
	0xF7, 0x01, 0x89, 0xDA, 0x87, 0xA6, 0x1E, 0xF7, 0x7D, 0xFC, 0xCA, 0x05, 0xD0, 0x06, 0xF7, 0x7D,
	0xF8, 0xCD, 0x05, 0x87, 0x5A, 0x89, 0x54, 0xFB, 0x11, 0x1A, 0xFB, 0xE8, 0xD2, 0xF9, 0x60, 0x43,
	0x07, 0xFB, 0x99, 0xFD, 0x0B, 0xFB, 0x99, 0xF9, 0x0B, 0x05, 0x44, 0xFD, 0x60, 0x06, 0x0E, 0xF6,
	0xF7, 0x33, 0x16, 0x30, 0x0A, 0x0E, 0xF6, 0xF8, 0x64, 0x34, 0x1D, 0xFB, 0x79, 0xFD, 0x96, 0x3C,
	0x0A, 0xF6, 0xF7, 0xCE, 0x3F, 0x0A, 0x3C, 0xFE, 0x10, 0x3C, 0x0A, 0xF6, 0xF7, 0x33, 0x16, 0x30,
	0x0A, 0xF7, 0xD6, 0x3B, 0x0A, 0xF6, 0xF8, 0x81, 0xFB, 0x71, 0x15, 0xDF, 0xBB, 0xC3, 0xE7, 0x1F,
	0xF9, 0xA9, 0x44, 0xFC, 0xE8, 0x07, 0xC4, 0x1D, 0xD3, 0xF8, 0xE9, 0x06, 0xF8, 0x22, 0xFC, 0xED,
	0x05, 0x4A, 0x07, 0x50, 0x74, 0x6F, 0x5B, 0x7D, 0x75, 0x8F, 0x91, 0x75, 0x1E, 0x7E, 0x4B, 0x05,
	0x83, 0xA5, 0xA4, 0x88, 0xA6, 0x1B, 0x0E, 0xF6, 0xF7, 0xA0, 0x60, 0x0A, 0x50, 0xFD, 0xA7, 0x3C,
	0x0A, 0xF7, 0x37, 0xF9, 0x69, 0xF7, 0xFA, 0x22, 0x0A, 0xF7, 0x37, 0xF8, 0x7F, 0xFA, 0x0D, 0x22,
	0x1D, 0xC4, 0x06, 0xF7, 0xCA, 0xFC, 0x30, 0x22, 0x0A, 0xF7, 0x37, 0xF7, 0xDA, 0x25, 0x0A, 0xF8,
	0x61, 0xFC, 0x30, 0x22, 0x0A, 0xF7, 0x37, 0xF7, 0xCB, 0x7A, 0x1D, 0xF7, 0xA0, 0xFC, 0x44, 0x22,
	0x0A, 0xF7, 0x37, 0xF8, 0x2E, 0x31, 0x1D, 0xF8, 0x08, 0xFC, 0x30, 0x22, 0x0A, 0xF7, 0x37, 0xF8,
	0x46, 0x8F, 0x1D, 0xF7, 0x99, 0xFC, 0x30, 0x22, 0x0A, 0xF7, 0x37, 0xF7, 0xA0, 0xF9, 0xCE, 0x28,
	0x0A, 0xF8, 0x5D, 0xFC, 0x9F, 0x22, 0x0A, 0xF7, 0x37, 0xF9, 0x69, 0xF7, 0xFA, 0x62, 0x1D, 0xF7,
	0x37, 0xF8, 0x7D, 0xFA, 0x0A, 0x21, 0x1D, 0xF7, 0xCC, 0xFC, 0x2D, 0x62, 0x1D, 0xF7, 0x37, 0xF7,
	0xBA, 0x7D, 0x1D, 0xF8, 0x74, 0xFC, 0x41, 0x22, 0x0A, 0xF8, 0xB8, 0xB6, 0xF7, 0xFC, 0x15, 0xFB,
	0x6B, 0xF7, 0x24, 0xFB, 0x31, 0xF7, 0x60, 0xF7, 0x0F, 0xF6, 0xC6, 0xE9, 0xB9, 0x1E, 0xFB, 0x21,
	0xF8, 0x40, 0xCD, 0xFB, 0xF8, 0xF7, 0x99, 0xF7, 0xD6, 0xCC, 0xFB, 0xD6, 0x39, 0x1D, 0xFB, 0x1A,
	0x07, 0xE5, 0x59, 0xFB, 0x02, 0xC4, 0xFB, 0x0A, 0x1B, 0xFB, 0x5E, 0xFB, 0x24, 0xFB, 0x30, 0xFB,
	0x69, 0x1F, 0xD6, 0x8C, 0x15, 0xF7, 0x45, 0xF7, 0x07, 0xF7, 0x0E, 0xF7, 0x33, 0xF7, 0x34, 0xF7,
	0x07, 0xFB, 0x0E, 0xFB, 0x47, 0xFB, 0x47, 0xFB, 0x06, 0xFB, 0x0F, 0xFB, 0x34, 0xFB, 0x33, 0xFB,
	0x08, 0xF7, 0x11, 0xF7, 0x47, 0x1E, 0x0E, 0x93, 0xF7, 0xFC, 0xF7, 0x9B, 0x15, 0xF7, 0x1D, 0xE3,
	0xED, 0xF7, 0x16, 0xF7, 0x1B, 0x34, 0xE5, 0xFB, 0x1E, 0x1F, 0xFB, 0xA5, 0xFD, 0x60, 0xD3, 0xF7,
	0x9B, 0x06, 0xF7, 0x53, 0xF8, 0x18, 0x15, 0xEE, 0xC8, 0x4F, 0x28, 0x29, 0x4F, 0x49, 0x23, 0x1F,
	0xFB, 0x4F, 0xF7, 0xD7, 0x06, 0x0E, 0x93, 0xF7, 0xFC, 0xF7, 0x24, 0x15, 0xF7, 0x1D, 0xE3, 0xED,
	0xF7, 0x0C, 0xF7, 0x12, 0x34, 0xE5, 0xFB, 0x1E, 0x1F, 0xFB, 0x5D, 0xF7, 0x1E, 0x43, 0xFD, 0x60,
	0xD3, 0xF7, 0x24, 0x06, 0xF7, 0x53, 0xF8, 0x05, 0x15, 0xEE, 0xC8, 0x4F, 0x32, 0x33, 0x4F, 0x48,
	0x23, 0x1F, 0xFB, 0x4F, 0xF7, 0xC4, 0x06, 0x0E, 0xF7, 0x37, 0xF9, 0x20, 0x62, 0x15, 0xBC, 0xB8,
	0x40, 0xDF, 0x05, 0xC9, 0xCC, 0xB0, 0xE9, 0xF7, 0x03, 0x1A, 0x48, 0x1D, 0xD4, 0xCC, 0x9F, 0xB0,
	0xC1, 0x1E, 0xD6, 0xF7, 0xCD, 0x15, 0x33, 0x70, 0x40, 0x5D, 0x56, 0x1E, 0x2C, 0xF5, 0x5B, 0x5E,
	0xE8, 0x22, 0x05, 0x71, 0x63, 0x5A, 0x7C, 0x54, 0x1B, 0xFB, 0x32, 0xFB, 0x00, 0xF7, 0x0E, 0xF7,
	0x47, 0x56, 0x1D, 0xF7, 0x32, 0xF7, 0x01, 0xFB, 0x0E, 0xFB, 0x47, 0x1F, 0x0E, 0xAD, 0x54, 0x0A,
	0x0E, 0xAD, 0xF8, 0x31, 0xFA, 0x0E, 0x22, 0x1D, 0xC3, 0x06, 0xFB, 0x45, 0xFD, 0x97, 0x71, 0x1D,
	0xAD, 0xF7, 0x9A, 0xF9, 0x97, 0x4E, 0x1D, 0x70, 0xFE, 0x11, 0x71, 0x1D, 0xAD, 0x54, 0x0A, 0xF7,
	0x75, 0xFC, 0x61, 0x2F, 0x0A, 0x60, 0x63, 0x1D, 0x0E, 0x60, 0xF8, 0x17, 0xFA, 0x0D, 0x22, 0x1D,
	0xC3, 0x06, 0xFB, 0x9E, 0xFB, 0x84, 0x36, 0x0A, 0x60, 0xF7, 0x80, 0x3F, 0x0A, 0xFB, 0x08, 0xFB,
	0xFE, 0x36, 0x0A, 0x60, 0xF7, 0x72, 0x3E, 0x0A, 0x9A, 0xAC, 0x05, 0xF7, 0x21, 0x90, 0xE5, 0xD9,
	0xF7, 0x0C, 0x1A, 0xEC, 0x51, 0xCB, 0xFB, 0x04, 0xA6, 0x1E, 0x63, 0x0A, 0x29, 0xC6, 0x4B, 0xF7,
	0x04, 0x70, 0x1F, 0x78, 0x0A, 0x93, 0xFB, 0x01, 0xDE, 0x44, 0xF7, 0x11, 0x82, 0x73, 0x58, 0x18,
	0x8E, 0x1D, 0x60, 0xF7, 0x72, 0x25, 0x0A, 0xFB, 0x08, 0xFB, 0x84, 0x36, 0x0A, 0x60, 0x63, 0x1D,
	0xF7, 0xAC, 0xFD, 0x09, 0x2F, 0x0A, 0x46, 0xA1, 0x1D, 0x0E, 0x46, 0xF7, 0x0D, 0xF8, 0x06, 0x15,
	0xF7, 0x03, 0xFC, 0x06, 0xD3, 0xF8, 0x06, 0xF7, 0x04, 0xC9, 0xFB, 0x04, 0xF7, 0x6E, 0xF7, 0x71,
	0xCD, 0xFC, 0x95, 0x49, 0xF7, 0x70, 0xFB, 0x6E, 0xFB, 0x03, 0x06, 0x0E, 0x46, 0xF7, 0x74, 0xF9,
	0x96, 0x15, 0xE3, 0x06, 0xD7, 0xF7, 0x0E, 0x98, 0x0A, 0xFB, 0x1C, 0xFB, 0x86, 0xAA, 0x1D, 0x0E,
	0x46, 0xF7, 0x6A, 0x3E, 0x0A, 0xA0, 0xB8, 0x05, 0x9B, 0xF9, 0x1E, 0xF7, 0x71, 0xCD, 0xFC, 0x95,
	0x49, 0xF7, 0x70, 0xFD, 0x1E, 0x9B, 0x06, 0x6E, 0x4D, 0x94, 0x72, 0x05, 0x94, 0x9F, 0x95, 0x8E,
	0x9E, 0x1B, 0xA3, 0x9B, 0x80, 0x75, 0x75, 0x77, 0x7F, 0x70, 0x77, 0x7A, 0x91, 0x95, 0x78, 0x1F,
	0x0E, 0x46, 0xA1, 0x1D, 0xF7, 0xC4, 0xFD, 0xC3, 0x6D, 0x0A, 0xB6, 0x89, 0xB7, 0x30, 0x1D, 0xE2,
	0xDD, 0xF7, 0x8D, 0x26, 0x1D, 0xE2, 0xF8, 0x5A, 0xFA, 0x0D, 0x22, 0x1D, 0xC3, 0x06, 0xFB, 0xBB,
	0x2E, 0x0A, 0xE2, 0xF7, 0xB5, 0x25, 0x0A, 0xFB, 0x25, 0x2E, 0x0A, 0xE2, 0xF7, 0xA6, 0x7A, 0x1D,
	0xFB, 0xE6, 0xFC, 0xB1, 0x26, 0x1D, 0xE2, 0xF8, 0x09, 0x31, 0x1D, 0xFB, 0x7E, 0x2E, 0x0A, 0xE2,
	0xF8, 0x21, 0x8F, 0x1D, 0xFB, 0xED, 0x2E, 0x0A, 0xE2, 0xF7, 0x7B, 0xF9, 0xCE, 0x28, 0x0A, 0xFB,
	0x29, 0xFD, 0x0C, 0x26, 0x1D, 0xE2, 0xDD, 0xF7, 0x8D, 0x15, 0xFB, 0x37, 0xEF, 0x29, 0xF7, 0x3A,
	0x92, 0x92, 0x8B, 0x8C, 0x92, 0x1E, 0x70, 0x78, 0x7C, 0x71, 0x70, 0x1A, 0x63, 0xA8, 0x6E, 0xB7,
	0x98, 0x97, 0x8D, 0x8F, 0x96, 0x1E, 0xC0, 0x07, 0x88, 0x83, 0x85, 0x8A, 0x84, 0x1B, 0x77, 0x7D,
	0x94, 0xA1, 0xA1, 0x9B, 0xA5, 0xB2, 0x9C, 0x1F, 0xF7, 0x02, 0xA9, 0xCC, 0xE4, 0xF7, 0x17, 0x1A,
	0xF8, 0x67, 0x43, 0xFC, 0x64, 0x07, 0xFB, 0x10, 0x46, 0x45, 0xFB, 0x0E, 0xFB, 0x11, 0x46, 0xCF,
	0xF7, 0x12, 0x1E, 0xF8, 0x64, 0x43, 0x07, 0x0E, 0xE2, 0xF7, 0xEF, 0xF9, 0x93, 0x8B, 0x1D, 0xAC,
	0x5A, 0x1D, 0x69, 0x1F, 0xFB, 0x9D, 0xFC, 0xCA, 0x26, 0x1D, 0xE2, 0xF7, 0x95, 0x7D, 0x1D, 0xFB,
	0x12, 0xFC, 0xAE, 0x26, 0x1D, 0xAE, 0xF7, 0xB0, 0x16, 0xD6, 0x06, 0xF7, 0xA4, 0xF9, 0x60, 0x05,
	0x41, 0x06, 0xFB, 0x52, 0xFC, 0x85, 0x80, 0x70, 0x79, 0x59, 0x7C, 0x57, 0x19, 0x7B, 0xBD, 0x7D,
	0xB2, 0x7C, 0xB2, 0xFB, 0x53, 0xF8, 0x86, 0x18, 0x3E, 0x06, 0x0E, 0xF8, 0x09, 0xF7, 0x78, 0x16,
	0xD0, 0x06, 0xF7, 0x54, 0xF8, 0xF4, 0xF7, 0x54, 0xFC, 0xF4, 0x05, 0xCF, 0x06, 0xF7, 0x6B, 0xF9,
	0x60, 0x05, 0x42, 0x06, 0xFB, 0x28, 0xFC, 0x81, 0x83, 0x70, 0x82, 0x68, 0x80, 0x54, 0x19, 0x80,
	0xB9, 0x81, 0xAF, 0x80, 0xAF, 0xFB, 0x30, 0x3B, 0x1D, 0xFB, 0x30, 0xFC, 0x80, 0x80, 0x68, 0x81,
	0x6C, 0x7F, 0x57, 0x19, 0x82, 0xBA, 0x82, 0xAF, 0x81, 0xAE, 0xFB, 0x25, 0x3B, 0x1D, 0x0E, 0xF8,
	0x09, 0xF8, 0xE8, 0xFA, 0x0D, 0x21, 0x1D, 0xFB, 0xB8, 0x37, 0x0A, 0xF8, 0x09, 0xF8, 0x43, 0x25,
	0x0A, 0xFB, 0x21, 0x37, 0x0A, 0xF8, 0x09, 0xF8, 0x34, 0xF9, 0xAA, 0x2D, 0x1D, 0xFB, 0xE2, 0xFD,
	0xAA, 0x6B, 0x1D, 0xF8, 0x09, 0xF8, 0x97, 0x31, 0x1D, 0xFB, 0x7A, 0x37, 0x0A, 0x91, 0xF7, 0x9C,
	0xF7, 0xF9, 0x15, 0xFB, 0x8D, 0xFB, 0xF9, 0x05, 0xDF, 0x06, 0xF7, 0x65, 0xF7, 0xC2, 0x9D, 0x6B,
	0xA8, 0x5F, 0xA3, 0x69, 0x19, 0xF7, 0x1C, 0xFB, 0x54, 0x05, 0xE1, 0x06, 0xFB, 0x8E, 0xF7, 0xFB,
	0xF7, 0x8A, 0xF7, 0xF9, 0x05, 0x38, 0x06, 0xFB, 0x64, 0xFB, 0xC6, 0x7A, 0xAB, 0x74, 0xB1, 0x69,
	0xBB, 0x19, 0xFB, 0x19, 0xF7, 0x50, 0x05, 0x36, 0x06, 0x0E, 0x6C, 0xF7, 0x91, 0xF7, 0xBF, 0x4F,
	0x0A, 0x6C, 0xF8, 0x1F, 0x34, 0x1D, 0x49, 0x44, 0x1D, 0x6C, 0xF7, 0x7B, 0xF9, 0x96, 0x15, 0xC4,
	0xE4, 0xC4, 0x32, 0x05, 0xCA, 0x06, 0x3F, 0xF7, 0x0E, 0x05, 0x34, 0x06, 0x3E, 0xFB, 0x0E, 0x05,
	0xE0, 0x44, 0x1D, 0x6C, 0xF7, 0x6C, 0xF9, 0xAA, 0x15, 0x2E, 0x1D, 0x28, 0x1D, 0xF7, 0x25, 0x16,
	0xA6, 0xA2, 0xA1, 0xA6, 0xA6, 0x74, 0xA2, 0x70, 0x70, 0x75, 0x74, 0x70, 0x70, 0xA1, 0x75, 0xA6,
	0x1F, 0xFB, 0x00, 0xFC, 0x7F, 0x4F, 0x0A, 0x6C, 0xF7, 0xCE, 0xF9, 0x96, 0x33, 0x0A, 0x86, 0x44,
	0x1D, 0x71, 0xF8, 0xAF, 0x16, 0xCD, 0xFC, 0x30, 0x07, 0xF8, 0x32, 0xF8, 0xDE, 0x05, 0xCB, 0xFC,
	0x85, 0x49, 0xF8, 0x2D, 0x07, 0xFC, 0x30, 0xFC, 0xDC, 0x05, 0x49, 0x07, 0x0E, 0x71, 0xF8, 0x1A,
	0xFA, 0x0D, 0x22, 0x1D, 0xC4, 0x06, 0xF7, 0x75, 0xFD, 0x96, 0x47, 0x1D, 0x71, 0xF7, 0x83, 0x3F,
	0x0A, 0xF8, 0x0C, 0xFE, 0x10, 0x47, 0x1D, 0x71, 0xF7, 0xAF, 0xF9, 0xAA, 0x27, 0x1D, 0x6F, 0x75,
	0x73, 0x70, 0x70, 0xA1, 0x74, 0xA7, 0x1F, 0xF7, 0x94, 0xFD, 0xAA, 0x47, 0x1D, 0xF7, 0x2B, 0x68,
	0x1D, 0x0E, 0x37, 0xF7, 0x67, 0x7F, 0x20, 0x0A, 0x37, 0xF8, 0x08, 0xF9, 0x27, 0x32, 0x0A, 0x36,
	0xFC, 0xBC, 0x20, 0x0A, 0x37, 0xF7, 0xE0, 0xF9, 0x28, 0x82, 0x0A, 0xBB, 0xD7, 0x1E, 0xFB, 0x45,
	0xFD, 0x34, 0x20, 0x0A, 0x37, 0xF7, 0x64, 0x26, 0x0A, 0xCC, 0xFC, 0xBC, 0x20, 0x0A, 0x37, 0xF7,
	0x55, 0xF8, 0xC4, 0x15, 0x2E, 0x1D, 0xA2, 0x75, 0xA6, 0x1F, 0xF7, 0x26, 0x16, 0x2E, 0x1D, 0x28,
	0x1D, 0xFB, 0x14, 0xFC, 0xD0, 0x20, 0x0A, 0x37, 0xF7, 0xB7, 0xF8, 0xB0, 0x33, 0x0A, 0x73, 0xFC,
	0xBC, 0x20, 0x0A, 0x37, 0xF7, 0x2A, 0xF8, 0xE8, 0x47, 0x0A, 0xC8, 0xFD, 0x2B, 0x20, 0x0A, 0x37,
	0xF7, 0x67, 0x7F, 0xB9, 0x1D, 0x94, 0x06, 0x67, 0x0A, 0xF7, 0xCD, 0x07, 0xF7, 0x14, 0x39, 0xC3,
	0xFB, 0x04, 0xFB, 0x0B, 0x3B, 0x4C, 0x29, 0x1E, 0x8A, 0x1D, 0x9B, 0xC3, 0x49, 0x1D, 0x37, 0xF7,
	0x9E, 0xF8, 0xAD, 0x15, 0xC8, 0xBA, 0xBB, 0xC8, 0xC7, 0x5C, 0x6A, 0x0A, 0x54, 0xFC, 0xE9, 0x20,
	0x0A, 0x37, 0xF7, 0xFF, 0xF9, 0xB0, 0x15, 0x45, 0x06, 0x50, 0xFB, 0x06, 0x05, 0xC2, 0x06, 0x3D,
	0xFD, 0x4A, 0xAB, 0x1D, 0xE9, 0x5F, 0xC2, 0x47, 0xA2, 0x1E, 0x9C, 0x9E, 0x95, 0xA4, 0xA8, 0xBB,
	0x1D, 0x94, 0x72, 0x9C, 0x79, 0x1E, 0x42, 0x74, 0x5E, 0x55, 0x42, 0x1A, 0xCA, 0x06, 0xCC, 0xBD,
	0xB1, 0xDF, 0xD2, 0xC4, 0x6D, 0x2C, 0x1E, 0x7B, 0x07, 0xFB, 0x34, 0x7E, 0x05, 0xFB, 0x05, 0x82,
	0x47, 0x53, 0x32, 0x1A, 0x36, 0xC8, 0x51, 0xF2, 0x1E, 0xBF, 0xF8, 0x91, 0x15, 0x40, 0x0A, 0x67,
	0xFC, 0x59, 0x49, 0x1D, 0x37, 0xF7, 0x44, 0xF8, 0xC1, 0x65, 0x0A, 0xE0, 0xFC, 0xCD, 0x20, 0x0A,
	0xF7, 0xA2, 0xBA, 0xF7, 0x1A, 0x61, 0x1D, 0xF7, 0xA2, 0xF8, 0xAC, 0x33, 0x1D, 0xFC, 0x30, 0xFC,
	0x2A, 0x61, 0x1D, 0x75, 0xF7, 0x18, 0x16, 0x92, 0xEE, 0x05, 0x40, 0xAD, 0xCE, 0x67, 0xDC, 0x1B,
	0xF7, 0x21, 0xDF, 0xF7, 0x00, 0xF7, 0x25, 0xF7, 0x26, 0x39, 0xF7, 0x02, 0xFB, 0x21, 0x39, 0x49,
	0x67, 0x44, 0x69, 0x1F, 0xF7, 0xE7, 0x3E, 0x1D, 0xD1, 0xF7, 0x87, 0x15, 0x9B, 0x0A, 0xFB, 0x04,
	0x4E, 0x3B, 0x22, 0x21, 0x4D, 0xDB, 0xF7, 0x04, 0x1E, 0x0E, 0x35, 0xB1, 0xF7, 0x85, 0x2B, 0x1D,
	0x35, 0xF8, 0x06, 0xF9, 0x27, 0x32, 0x0A, 0xFB, 0x94, 0xFB, 0xBF, 0x2B, 0x1D, 0x35, 0xF7, 0x70,
	0xF8, 0xB0, 0x2A, 0x0A, 0x4C, 0x06, 0x22, 0xFC, 0x39, 0x2B, 0x1D, 0x35, 0xB1, 0xF7, 0x85, 0x15,
	0xFB, 0x24, 0xDE, 0x29, 0xF7, 0x11, 0x81, 0x1E, 0x73, 0x58, 0x95, 0x72, 0x05, 0x94, 0x9F, 0x95,
	0x8E, 0x9E, 0x1B, 0xA3, 0x46, 0x1D, 0x6C, 0xA2, 0x65, 0x81, 0x82, 0x89, 0x88, 0x80, 0x1F, 0x9B,
	0xAD, 0xF0, 0x91, 0xD9, 0xCA, 0xA1, 0xE9, 0x19, 0x79, 0x1D, 0x35, 0xF7, 0x62, 0xF8, 0xB0, 0x57,
	0x1D, 0xC9, 0x06, 0x3F, 0xF7, 0x0E, 0x05, 0x34, 0x06, 0x3E, 0xFB, 0x0E, 0x05, 0x22, 0xFB, 0xBF,
	0x2B, 0x1D, 0x35, 0xF7, 0x9B, 0xF8, 0xC4, 0x5E, 0x1D, 0xA6, 0x73, 0xA3, 0x70, 0x70, 0x74, 0x73,
	0x70, 0x70, 0xA2, 0x74, 0xA6, 0x1F, 0xFB, 0x75, 0xFB, 0xD3, 0x2B, 0x1D, 0x75, 0x50, 0x1D, 0xF9,
	0x6D, 0x46, 0xFB, 0xE5, 0x57, 0x0A, 0x70, 0xB1, 0xF7, 0x85, 0x15, 0xFB, 0x25, 0xF3, 0xFB, 0x00,
	0xF7, 0x25, 0xF7, 0x29, 0xF4, 0xF7, 0x00, 0xF7, 0x40, 0xF7, 0x24, 0x5B, 0xF7, 0x05, 0xFB, 0x05,
	0xF7, 0x0E, 0x1E, 0xCF, 0xB0, 0x75, 0xB7, 0x3A, 0x5E, 0x7A, 0x9B, 0x7B, 0x9A, 0x7A, 0x9A, 0x19,
	0x37, 0x06, 0xA7, 0x71, 0xA4, 0x72, 0xA4, 0x72, 0x34, 0x5B, 0x18, 0xA0, 0x5F, 0xF1, 0xC3, 0xCD,
	0x45, 0xB2, 0x51, 0xA7, 0x39, 0x19, 0xC0, 0x62, 0x4C, 0xA9, 0x46, 0x1B, 0xFB, 0x1B, 0xFB, 0x04,
	0x20, 0xFB, 0x22, 0x1F, 0xD1, 0x89, 0x15, 0xF7, 0x00, 0xD6, 0xDB, 0xF7, 0x01, 0xF6, 0xD3, 0x3D,
	0x21, 0xFB, 0x04, 0x40, 0x3A, 0xFB, 0x00, 0x20, 0x42, 0xDB, 0xF7, 0x01, 0x1E, 0x0E, 0x75, 0x50,
	0x1D, 0xF9, 0x6D, 0x46, 0xFB, 0xE5, 0x94, 0x1D, 0xF7, 0xC5, 0xF8, 0xDD, 0x15, 0xBA, 0x06, 0x9C,
	0xF7, 0x30, 0x05, 0x4B, 0x06, 0xFB, 0xB9, 0xFD, 0x3A, 0x91, 0x1D, 0x75, 0x50, 0x1D, 0xF8, 0xD5,
	0xC7, 0xBC, 0x4F, 0xF2, 0x46, 0x24, 0xFB, 0x35, 0x5A, 0xF7, 0x35, 0xFB, 0x4D, 0x57, 0x0A, 0x3D,
	0xF7, 0xA7, 0x7F, 0x21, 0x0A, 0x3D, 0xF8, 0x0D, 0xF9, 0x27, 0x21, 0x1D, 0x71, 0xFC, 0xBC, 0x21,
	0x0A, 0x3D, 0x70, 0x0A, 0xFB, 0x0A, 0xFD, 0x34, 0x21, 0x0A, 0x3D, 0xF7, 0x76, 0xF8, 0xB0, 0x89,
	0x0A, 0xF7, 0x11, 0xFD, 0x36, 0x21, 0x0A, 0x3D, 0x77, 0x0A, 0xF7, 0x11, 0xFC, 0xBC, 0x21, 0x0A,
	0x3D, 0xF7, 0x59, 0xF8, 0xC4, 0x7C, 0x1D, 0x47, 0xFC, 0xD0, 0x21, 0x0A, 0x3D, 0x96, 0x1D, 0x90,
	0xFC, 0xD0, 0x21, 0x0A, 0x3D, 0xF7, 0xBC, 0xF8, 0xB0, 0x58, 0x1D, 0xD6, 0xFB, 0x0C, 0x05, 0xAE,
	0xFC, 0xBC, 0x21, 0x0A, 0x3D, 0xF7, 0x2E, 0x36, 0x1D, 0xF7, 0x0D, 0xFD, 0x2B, 0x21, 0x0A, 0x3D,
	0xF7, 0xA7, 0x7F, 0x15, 0x90, 0x90, 0x8B, 0x90, 0x1B, 0x70, 0x79, 0x7C, 0x71, 0x70, 0x35, 0x0A,
	0x99, 0x97, 0x8D, 0x8F, 0x95, 0x1E, 0xC0, 0x07, 0x88, 0x84, 0xA9, 0x1D, 0xCE, 0xA0, 0xB8, 0xBD,
	0x9E, 0xD5, 0x08, 0x53, 0x0A, 0xFB, 0xC9, 0x9D, 0xF8, 0x78, 0x15, 0x2F, 0x1D, 0xF7, 0x06, 0xC5,
	0xFB, 0x06, 0xE9, 0x07, 0xC4, 0x9B, 0xAA, 0xC8, 0x1E, 0xB4, 0xC6, 0x06, 0x8E, 0x7B, 0x77, 0x8C,
	0x7A, 0x1B, 0x41, 0x4F, 0x34, 0x0A, 0x07, 0x0E, 0x75, 0xB2, 0xF7, 0x94, 0x2A, 0x1D, 0x75, 0xF7,
	0xEE, 0xA6, 0x1D, 0xBA, 0x5B, 0xD7, 0xD5, 0xBB, 0xBB, 0xD8, 0x1E, 0xFB, 0xFF, 0xFC, 0x32, 0x2A,
	0x1D, 0x75, 0xF7, 0x72, 0x8A, 0x0A, 0x3E, 0xFB, 0x0D, 0x05, 0xFB, 0x0C, 0xFB, 0xBA, 0x2A, 0x1D,
	0x75, 0xF7, 0xD9, 0xF8, 0xE3, 0x15, 0xA4, 0x77, 0x9E, 0x73, 0x86, 0x86, 0x8A, 0x8A, 0x86, 0x1E,
	0x8D, 0xA4, 0x9C, 0x9A, 0xA8, 0x8A, 0x08, 0xA9, 0x07, 0x5F, 0x8D, 0x60, 0x67, 0x4D, 0x1A, 0x62,
	0x9F, 0x75, 0xAA, 0xA6, 0x9F, 0xA0, 0xA6, 0x1E, 0xFB, 0xB2, 0xFB, 0xE3, 0x2A, 0x1D, 0x75, 0xF7,
	0xAB, 0xF8, 0xCE, 0x15, 0xA6, 0xA3, 0xA1, 0xA6, 0xA7, 0x73, 0xA2, 0x70, 0x70, 0x74, 0x74, 0x6F,
	0x70, 0x3F, 0x1D, 0xFB, 0x84, 0xFB, 0xCE, 0x2A, 0x1D, 0x5F, 0x66, 0x0A, 0xF7, 0xDD, 0x46, 0xFD,
	0x6C, 0x07, 0x0E, 0x5F, 0x66, 0x0A, 0xF7, 0x45, 0xF7, 0x34, 0xBC, 0xFB, 0x34, 0xF2, 0x46, 0x24,
	0x4E, 0x5A, 0xC8, 0xFC, 0xD4, 0x07, 0x0E, 0x8D, 0x1D, 0x59, 0x1D, 0xF7, 0x6A, 0x33, 0x1D, 0x4A,
	0xFC, 0xB0, 0x25, 0x1D, 0xBC, 0x26, 0x0A, 0xE0, 0xFC, 0xB0, 0x25, 0x1D, 0xAD, 0xF8, 0xC4, 0x15,
	0x2E, 0x1D, 0xA2, 0x75, 0xA6, 0x1F, 0xF7, 0x26, 0x16, 0xA5, 0xA2, 0xA1, 0xA6, 0xA6, 0x74, 0xA2,
	0xBC, 0x1D, 0xFB, 0x00, 0xFC, 0xC4, 0x25, 0x1D, 0xF6, 0xF8, 0xC4, 0xAD, 0x1D, 0x70, 0xA2, 0x74,
	0xA7, 0x1F, 0x68, 0xFC, 0xC4, 0x25, 0x1D, 0xF7, 0x19, 0xF8, 0xB0, 0x15, 0x50, 0xA1, 0x0A, 0x87,
	0xFC, 0xB0, 0x25, 0x1D, 0x82, 0x36, 0x1D, 0xDC, 0xFD, 0x1F, 0x25, 0x1D, 0x8D, 0x1D, 0x9F, 0x06,
	0x80, 0x1D, 0x46, 0x07, 0x0E, 0x9C, 0xF8, 0xC1, 0x90, 0x1D, 0x63, 0x70, 0xC1, 0x55, 0x1B, 0x5A,
	0x6E, 0x63, 0x49, 0x8F, 0x1F, 0xF4, 0xFC, 0xC1, 0x25, 0x1D, 0xF6, 0xF8, 0xFD, 0x15, 0xA6, 0xA3,
	0xA2, 0xA7, 0xA7, 0x73, 0xA3, 0x70, 0x6E, 0x74, 0x73, 0x6F, 0x6F, 0xA2, 0x74, 0xA8, 0x1F, 0xFB,
	0x38, 0xFD, 0xD1, 0x6B, 0x0A, 0xBC, 0x26, 0x0A, 0x5F, 0xFD, 0x84, 0x6B, 0x0A, 0xFB, 0x10, 0x7F,
	0x1D, 0x0E, 0xFB, 0x10, 0x7F, 0x1D, 0xF7, 0x73, 0x3B, 0x0A, 0xFC, 0x17, 0x37, 0x1D, 0x0E, 0xFC,
	0x17, 0xF7, 0x6C, 0x34, 0x1D, 0x8F, 0xFD, 0x96, 0x15, 0xF9, 0x6D, 0x3E, 0x1D, 0x0E, 0xFC, 0x17,
	0x37, 0x1D, 0xF7, 0x10, 0xF8, 0xD1, 0x9F, 0x0A, 0x0E, 0xFC, 0x17, 0x37, 0x1D, 0xDD, 0x3B, 0x0A,
	0xFB, 0xA8, 0x37, 0x1D, 0xF7, 0x5C, 0xF7, 0xCD, 0x15, 0xA5, 0xA2, 0xA2, 0xA5, 0xA6, 0x75, 0xA1,
	0x70, 0x6F, 0x75, 0x75, 0x70, 0x70, 0x3F, 0x1D, 0x0E, 0xFC, 0x17, 0xF7, 0x24, 0x16, 0xF8, 0x07,
	0x07, 0xC9, 0xA9, 0x05, 0xC3, 0x07, 0x4D, 0x6D, 0x05, 0xF7, 0xC2, 0x46, 0xFB, 0xE3, 0x07, 0x4D,
	0x6D, 0x05, 0x54, 0x07, 0xC9, 0xA9, 0x05, 0xFB, 0xE7, 0x07, 0x0E, 0xF7, 0x80, 0xF7, 0x21, 0x16,
	0xF7, 0xC0, 0x07, 0xD5, 0xBC, 0xC7, 0xDC, 0xD4, 0xBA, 0x5B, 0x39, 0x1E, 0xFB, 0xC4, 0xCF, 0xF7,
	0xBF, 0x07, 0xD6, 0xBB, 0xC8, 0xDC, 0xD5, 0xB9, 0x5A, 0x38, 0x1E, 0xFB, 0xC3, 0xCE, 0xF7, 0xD1,
	0x07, 0xF7, 0x04, 0x46, 0xCF, 0x22, 0x3D, 0x50, 0x63, 0x4C, 0x75, 0x1E, 0xCA, 0x74, 0x52, 0xB3,
	0x3F, 0x1B, 0x47, 0x55, 0x6C, 0x58, 0x73, 0x1F, 0x83, 0xD0, 0x05, 0x4F, 0xFC, 0x78, 0x06, 0x0E,
	0x5F, 0x5A, 0x0A, 0x0E, 0x5F, 0xF8, 0x1A, 0x33, 0x1D, 0xFB, 0x40, 0xFC, 0xB0, 0x39, 0x0A, 0x5F,
	0xF7, 0x83, 0xF8, 0xB0, 0x2A, 0x0A, 0x4D, 0x06, 0x75, 0xFD, 0x2A, 0x39, 0x0A, 0x5F, 0x5A, 0x0A,
	0xF7, 0x95, 0x28, 0x2C, 0x1D, 0x5F, 0xF7, 0x21, 0x16, 0xAC, 0x1D, 0xFB, 0xF2, 0x4B, 0x0A, 0x7B,
	0x7F, 0x8D, 0x90, 0x78, 0x1E, 0x7D, 0x4C, 0x05, 0x84, 0xA4, 0x9A, 0x89, 0xA5, 0x1B, 0xDF, 0xBC,
	0xC3, 0xE7, 0x1F, 0xF8, 0x05, 0x07, 0xF7, 0x0E, 0x54, 0xDA, 0xFB, 0x19, 0x45, 0x4B, 0x68, 0x4D,
	0x6B, 0x1E, 0x81, 0xDF, 0x05, 0x4F, 0xFC, 0x78, 0x06, 0x0E, 0x5F, 0xF7, 0x55, 0xF8, 0xC1, 0x5D,
	0x1D, 0xC5, 0x1B, 0xBF, 0xA8, 0xB0, 0xA0, 0x1D, 0x49, 0x8F, 0x1F, 0x89, 0xFC, 0xC1, 0x39, 0x0A,
	0x65, 0xB1, 0xF7, 0x86, 0x29, 0x0A, 0x65, 0xF8, 0x1B, 0x41, 0x0A, 0xFB, 0xA9, 0x2C, 0x0A, 0x65,
	0xF7, 0x76, 0x26, 0x0A, 0xFB, 0x12, 0x2C, 0x0A, 0x65, 0xF7, 0x67, 0xF8, 0xC4, 0x2D, 0x1D, 0xFB,
	0xD3, 0xFB, 0xD2, 0x29, 0x0A, 0x65, 0xF7, 0xCA, 0x43, 0x0A, 0xFB, 0x6B, 0x2C, 0x0A, 0x65, 0xF7,
	0xE2, 0x71, 0x0A, 0xFB, 0xDB, 0x2C, 0x0A, 0x65, 0xF7, 0x3C, 0x36, 0x1D, 0xFB, 0x16, 0xFC, 0x2D,
	0x29, 0x0A, 0x65, 0xB1, 0xF7, 0x86, 0x15, 0x36, 0xAE, 0x43, 0xC3, 0x5E, 0x1E, 0x53, 0x30, 0x05,
	0xCB, 0x06, 0xB2, 0xC9, 0x05, 0x7C, 0xAB, 0xAF, 0x83, 0xB3, 0x1B, 0x5B, 0x1D, 0xDF, 0x69, 0xD2,
	0x55, 0xB8, 0x1F, 0xBD, 0xDD, 0x05, 0x4C, 0x06, 0x6B, 0x57, 0x05, 0x9B, 0x69, 0x65, 0x94, 0x62,
	0x46, 0x0A, 0xD1, 0x8C, 0x15, 0xF7, 0x04, 0xD3, 0xDB, 0xF3, 0xA8, 0xA6, 0x85, 0x7F, 0xA2, 0x1E,
	0xFB, 0x5B, 0xFB, 0xD5, 0x05, 0x68, 0xAE, 0x76, 0xBE, 0xC8, 0x1A, 0xF7, 0xF4, 0x16, 0xFB, 0x06,
	0x42, 0x3C, 0x24, 0x70, 0x71, 0x91, 0x95, 0x75, 0x1E, 0xF7, 0x59, 0xF7, 0xD3, 0x05, 0xAD, 0x69,
	0x9F, 0x59, 0x51, 0x1A, 0x0E, 0x65, 0xF8, 0x1B, 0x41, 0x0A, 0xFB, 0xA9, 0xFB, 0xBE, 0x15, 0x36,
	0xAE, 0x43, 0xC3, 0x5E, 0x1E, 0x53, 0x30, 0x05, 0xCB, 0x06, 0xB2, 0xC9, 0x05, 0x7C, 0xAB, 0xAF,
	0x83, 0xB3, 0x1B, 0x5B, 0x1D, 0xDF, 0x69, 0xD2, 0x55, 0xB8, 0x1F, 0xBD, 0xDD, 0x05, 0x4C, 0x06,
	0x6B, 0x57, 0x05, 0x9B, 0x69, 0x65, 0x94, 0x62, 0x46, 0x0A, 0xD1, 0x8C, 0x15, 0xF7, 0x04, 0xD3,
	0xDB, 0xF3, 0xA8, 0xA6, 0x85, 0x7F, 0xA2, 0x1E, 0xFB, 0x5B, 0xFB, 0xD5, 0x05, 0x68, 0xAE, 0x76,
	0xBE, 0xC8, 0x1A, 0xF7, 0xF4, 0x16, 0xFB, 0x06, 0x42, 0x3C, 0x24, 0x70, 0x71, 0x91, 0x95, 0x75,
	0x1E, 0xF7, 0x59, 0xF7, 0xD3, 0x05, 0xAD, 0x69, 0x9F, 0x59, 0x51, 0x1A, 0x0E, 0x65, 0xF7, 0x56,
	0xF8, 0xC1, 0x88, 0x1D, 0x6F, 0x63, 0x49, 0x8F, 0x1F, 0x20, 0xFB, 0xCF, 0x29, 0x0A, 0xF7, 0xEF,
	0xB1, 0xF7, 0x86, 0x15, 0xFB, 0x27, 0xF3, 0x20, 0xF7, 0x22, 0xE8, 0xD7, 0xB9, 0xD4, 0xB4, 0x1E,
	0x41, 0xB2, 0xD4, 0x5E, 0xE8, 0x1B, 0xF7, 0x06, 0xD7, 0xC1, 0x1D, 0x57, 0x69, 0x3C, 0x1B, 0x24,
	0x4C, 0xB4, 0x1D, 0x33, 0xE8, 0xFB, 0x18, 0x30, 0x44, 0x5E, 0x41, 0x65, 0x1E, 0xD4, 0x61, 0x40,
	0xB9, 0x2E, 0x46, 0x0A, 0xF9, 0x24, 0xF7, 0x58, 0x8C, 0x0A, 0xFC, 0xDE, 0xFB, 0x57, 0x74, 0x0A,
	0x75, 0xD3, 0xFB, 0x67, 0x15, 0xD0, 0xF7, 0xC4, 0x06, 0x45, 0xAD, 0xCC, 0x68, 0xDD, 0x1B, 0xF7,
	0x23, 0xDC, 0xF7, 0x02, 0xF7, 0x26, 0xF7, 0x26, 0x37, 0xF6, 0xFB, 0x20, 0x3A, 0x47, 0x67, 0x40,
	0x69, 0x1F, 0x84, 0xED, 0x05, 0x4F, 0x06, 0xD1, 0xFB, 0x86, 0x15, 0x4C, 0x0A, 0xF4, 0xC8, 0x3B,
	0xFB, 0x04, 0xFB, 0x03, 0x4E, 0x3A, 0x22, 0x21, 0x4D, 0xDC, 0xF7, 0x03, 0x1E, 0x0E, 0x75, 0xF8,
	0xB6, 0xF7, 0x87, 0x15, 0xF7, 0x26, 0x38, 0xF7, 0x00, 0xFB, 0x20, 0x39, 0x49, 0x67, 0x44, 0x69,
	0x1E, 0xF7, 0xE7, 0x46, 0xFE, 0x40, 0xD0, 0xF7, 0xC4, 0x07, 0x45, 0xAD, 0xCC, 0x68, 0xDD, 0x1B,
	0xF7, 0x23, 0xDC, 0xF7, 0x02, 0xF7, 0x25, 0x1F, 0x45, 0x16, 0xFB, 0x03, 0x4E, 0x39, 0x22, 0x21,
	0x4D, 0xDC, 0xF7, 0x04, 0x9B, 0x0A, 0x1E, 0x0E, 0x75, 0xB1, 0xF7, 0x88, 0x15, 0xFB, 0x26, 0xDC,
	0xFB, 0x02, 0xF7, 0x23, 0xDD, 0xCC, 0xAE, 0xD1, 0xAD, 0x1E, 0xFB, 0xC4, 0xD0, 0xF9, 0x4B, 0x4F,
	0x07, 0x84, 0x29, 0x05, 0xD6, 0x68, 0x48, 0xAF, 0x3A, 0x1B, 0xFB, 0x20, 0x37, 0x20, 0xFB, 0x26,
	0x1F, 0xD1, 0x89, 0x15, 0xF7, 0x04, 0xC8, 0xDB, 0xF4, 0xF5, 0xC9, 0x3B, 0xFB, 0x04, 0xFB, 0x03,
	0x4D, 0x3A, 0x21, 0x22, 0x4E, 0xDC, 0xF7, 0x03, 0x1E, 0x0E, 0xFB, 0x99, 0x84, 0x1D, 0x0E, 0xFB,
	0x99, 0xF7, 0xB3, 0xF9, 0x2D, 0x21, 0x1D, 0xF7, 0x06, 0x53, 0x86, 0x1D, 0xFB, 0x99, 0xF7, 0x1C,
	0xF8, 0xB6, 0x15, 0xE3, 0x06, 0xD7, 0xF7, 0x0D, 0x98, 0x0A, 0xF7, 0x9D, 0xFB, 0x45, 0x86, 0x1D,
	0xFB, 0x99, 0x84, 0x1D, 0xFB, 0x3F, 0xFC, 0xA3, 0x81, 0x1D, 0xFB, 0x40, 0x50, 0x0A, 0x0E, 0xFB,
	0x40, 0xF7, 0xD6, 0xF9, 0x3F, 0x22, 0x1D, 0xC4, 0x06, 0xFB, 0x6B, 0x69, 0x1D, 0xFB, 0x40, 0xF7,
	0x3F, 0xF8, 0xC8, 0x4E, 0x1D, 0x4B, 0xFC, 0xBA, 0x45, 0x1D, 0x0E, 0xFB, 0x40, 0xAA, 0xF7, 0x1C,
	0x15, 0x38, 0xC5, 0x53, 0xE9, 0x83, 0x1E, 0x73, 0x58, 0x95, 0x72, 0x05, 0x94, 0x9F, 0x95, 0x8E,
	0x9E, 0x1B, 0xA3, 0x46, 0x1D, 0x6C, 0xA2, 0x65, 0x81, 0x81, 0x89, 0x88, 0x81, 0x1F, 0x9A, 0xAC,
	0x05, 0xF1, 0x90, 0xCF, 0xC3, 0xDE, 0x1A, 0xD1, 0x65, 0xB2, 0x37, 0xA0, 0x1E, 0x38, 0xA0, 0x05,
	0x56, 0x98, 0x71, 0xA5, 0xB0, 0x1A, 0xBF, 0x49, 0x0A, 0x53, 0x8D, 0x1E, 0xCE, 0x06, 0xE5, 0x88,
	0x49, 0xC3, 0x25, 0x1B, 0x23, 0x44, 0x55, 0x36, 0x49, 0xB4, 0x5F, 0xDF, 0x76, 0x1F, 0xDE, 0x76,
	0x05, 0xC4, 0x7D, 0x9F, 0x74, 0x63, 0x1A, 0x57, 0x5F, 0x6B, 0x40, 0x47, 0x61, 0xAE, 0xC3, 0x1E,
	0x0E, 0xFB, 0x40, 0xF7, 0x31, 0xF8, 0xC8, 0x20, 0x1D, 0x4B, 0x69, 0x1D, 0xFB, 0x40, 0x50, 0x0A,
	0xF7, 0x34, 0xFB, 0x7F, 0x2C, 0x1D, 0x60, 0xF7, 0x21, 0x16, 0xF8, 0x9C, 0x07, 0xE8, 0xC7, 0xC3,
	0xDF, 0xD9, 0xB7, 0x58, 0x48, 0x42, 0x59, 0x5C, 0x3E, 0x1E, 0x59, 0x50, 0xBD, 0x06, 0xF7, 0x0A,
	0xCA, 0x52, 0x2C, 0x34, 0x4E, 0x45, 0xFB, 0x04, 0x1F, 0x31, 0x52, 0x06, 0x87, 0x9E, 0xB4, 0x89,
	0xA7, 0x1B, 0xF7, 0x30, 0xE3, 0xEB, 0xF7, 0x0F, 0xE8, 0x52, 0xD5, 0x2C, 0xA1, 0x1F, 0xC9, 0xA1,
	0xAF, 0xC5, 0xCC, 0x1A, 0xF5, 0x3F, 0xD1, 0xFB, 0x08, 0xFB, 0x11, 0x34, 0x3B, 0xFB, 0x19, 0x1E,
	0xFC, 0x98, 0x07, 0x0E, 0xFB, 0xC8, 0x7F, 0x0A, 0x0E, 0xFB, 0xC8, 0xF7, 0x4B, 0x16, 0xF7, 0x87,
	0xD2, 0xC2, 0x44, 0xF7, 0x14, 0xB6, 0x1D, 0xFB, 0x14, 0x44, 0x54, 0xD2, 0xFB, 0x87, 0x07, 0x0E,
	0xFB, 0xC8, 0xF7, 0x7E, 0xF8, 0xC6, 0x9F, 0x0A, 0x58, 0xFD, 0x62, 0x15, 0xF8, 0x3E, 0xEC, 0xC5,
	0x2A, 0x92, 0x0A, 0xFB, 0xC8, 0x85, 0x0A, 0x98, 0x07, 0x6E, 0x4D, 0x94, 0x72, 0x05, 0x94, 0xA0,
	0x95, 0x8E, 0x9D, 0x1B, 0xA4, 0x46, 0x1D, 0x6B, 0xA2, 0x66, 0x81, 0x81, 0x89, 0x88, 0x81, 0x1F,
	0xA0, 0xB8, 0x05, 0x0E, 0xFB, 0xC8, 0x7F, 0x0A, 0xDD, 0x28, 0x2C, 0x1D, 0x56, 0xF8, 0x30, 0xF8,
	0x78, 0x15, 0x83, 0x1D, 0xC7, 0xF8, 0x78, 0x06, 0x0E, 0x56, 0xF8, 0x0E, 0x41, 0x0A, 0xF7, 0x02,
	0x53, 0x23, 0x0A, 0x56, 0xF7, 0x69, 0x26, 0x0A, 0xF7, 0x99, 0x53, 0x23, 0x0A, 0x56, 0xF7, 0x5A,
	0xF8, 0xC4, 0x2D, 0x1D, 0xCF, 0x3F, 0x23, 0x0A, 0x56, 0xF7, 0xBD, 0xF8, 0xB0, 0x52, 0x1D, 0xF7,
	0x40, 0x53, 0x23, 0x0A, 0x56, 0xF7, 0xD5, 0x71, 0x0A, 0xC7, 0x53, 0x23, 0x0A, 0x56, 0xF7, 0x2F,
	0x36, 0x1D, 0xF7, 0x95, 0xFB, 0x3B, 0x23, 0x0A, 0x56, 0xF8, 0x44, 0x7E, 0x1D, 0x46, 0xFB, 0x95,
	0x07, 0xFB, 0x07, 0x54, 0x4D, 0x2E, 0x3E, 0x58, 0xB4, 0xF7, 0x07, 0x1E, 0xF7, 0xAB, 0x45, 0xFB,
	0xC1, 0x07, 0xFB, 0x0A, 0xC9, 0x3D, 0xF7, 0x06, 0xD7, 0xCE, 0xB1, 0xC3, 0xA6, 0x1E, 0x94, 0x39,
	0x05, 0x0E, 0x56, 0xF7, 0xA3, 0xF8, 0xAD, 0x8B, 0x1D, 0xAD, 0x5A, 0x1D, 0x68, 0x1F, 0xF7, 0x21,
	0x26, 0x23, 0x0A, 0x56, 0xF7, 0x49, 0xF8, 0xC1, 0x82, 0x1D, 0xF7, 0xAC, 0x42, 0x23, 0x0A, 0xFB,
	0x0C, 0xF7, 0x63, 0x16, 0xD0, 0x06, 0xF7, 0x5D, 0xF8, 0x78, 0x05, 0x44, 0x06, 0xFB, 0x13, 0xFB,
	0xCC, 0x7D, 0x68, 0x7E, 0x6B, 0x82, 0x6A, 0x19, 0x82, 0xAB, 0x7E, 0xAC, 0x7E, 0xAE, 0xFB, 0x11,
	0xF7, 0xCC, 0x18, 0x41, 0x06, 0x0E, 0xF7, 0x1C, 0xF7, 0x42, 0x16, 0xD0, 0x06, 0xEF, 0xF7, 0xC4,
	0x98, 0xB3, 0x93, 0xA8, 0x92, 0xA5, 0x19, 0x91, 0x6E, 0x93, 0x6D, 0x97, 0x67, 0xEF, 0xFB, 0xC4,
	0x18, 0xCE, 0x06, 0xF7, 0x38, 0xF8, 0x78, 0x05, 0x43, 0x06, 0x2B, 0xFB, 0xB8, 0x7A, 0x57, 0x89,
	0x7F, 0x81, 0x63, 0x19, 0x82, 0xAF, 0x7F, 0xB5, 0x82, 0xA5, 0x2C, 0xF7, 0xB8, 0x18, 0x44, 0x06,
	0x2B, 0xFB, 0xB8, 0x86, 0x7B, 0x7B, 0x5A, 0x83, 0x64, 0x19, 0x81, 0xB2, 0x82, 0xAC, 0x80, 0xAB,
	0x48, 0x0A, 0x0E, 0xF7, 0x1C, 0xF8, 0x72, 0xF9, 0x27, 0x21, 0x1D, 0xFB, 0x78, 0x41, 0x1D, 0xF7,
	0x1C, 0xF7, 0xCD, 0x26, 0x0A, 0x3E, 0x41, 0x1D, 0xF7, 0x1C, 0xF7, 0xBE, 0xF8, 0xC4, 0x2D, 0x1D,
	0xFB, 0xA2, 0xFC, 0xC4, 0x15, 0xD0, 0x06, 0xEF, 0xF7, 0xC4, 0x98, 0xB3, 0x93, 0xA8, 0x92, 0xA5,
	0x19, 0x91, 0x6E, 0x93, 0x6D, 0x97, 0x67, 0xEF, 0xFB, 0xC4, 0x18, 0xCE, 0x06, 0xF7, 0x38, 0xF8,
	0x78, 0x05, 0x43, 0x06, 0x2B, 0xFB, 0xB8, 0x7A, 0x57, 0x89, 0x7F, 0x81, 0x63, 0x19, 0x82, 0xAF,
	0x7F, 0xB5, 0x82, 0xA5, 0x48, 0x0A, 0x2B, 0xFB, 0xB8, 0x86, 0x7B, 0x7B, 0x5A, 0x83, 0x64, 0x19,
	0x81, 0xB2, 0x82, 0xAC, 0x80, 0xAB, 0x48, 0x0A, 0x0E, 0xF7, 0x1C, 0xF8, 0x21, 0x43, 0x0A, 0xFB,
	0x3A, 0x41, 0x1D, 0xFB, 0x2B, 0xE6, 0x16, 0xF7, 0x1B, 0xF7, 0x56, 0xF7, 0x1C, 0xFB, 0x56, 0x05,
	0xDD, 0x06, 0xFB, 0x3F, 0xF7, 0x85, 0xF7, 0x40, 0xF7, 0x87, 0x05, 0x3B, 0x06, 0xFB, 0x1C, 0xFB,
	0x56, 0xFB, 0x1D, 0xF7, 0x56, 0x05, 0x3A, 0x06, 0xF7, 0x40, 0xFB, 0x86, 0xFB, 0x41, 0xFB, 0x86,
	0x05, 0x0E, 0xFB, 0x1B, 0xA2, 0xFB, 0x67, 0x43, 0x1D, 0xFB, 0x1B, 0xF7, 0xEA, 0x33, 0x1D, 0xFB,
	0x86, 0x38, 0x0A, 0xFB, 0x1B, 0xF7, 0x45, 0xF8, 0xB0, 0x20, 0x1D, 0x2F, 0x38, 0x0A, 0xFB, 0x1B,
	0xF7, 0x36, 0xF8, 0xC4, 0x15, 0xA5, 0xA2, 0xA1, 0xA6, 0xA6, 0x74, 0x35, 0x1D, 0x74, 0x74, 0x70,
	0x70, 0x3F, 0x1D, 0xFB, 0xB1, 0xFD, 0x97, 0x43, 0x1D, 0xFB, 0x1B, 0xF7, 0x99, 0x43, 0x0A, 0xFB,
	0x49, 0x38, 0x0A, 0xFB, 0x37, 0xF8, 0x28, 0x16, 0xC5, 0xFB, 0xAD, 0x07, 0xF7, 0xAD, 0xF8, 0x06,
	0x05, 0xC3, 0xFC, 0x01, 0x51, 0xF7, 0xAC, 0x07, 0xFB, 0xAC, 0xFC, 0x07, 0x05, 0x54, 0x07, 0x0E,
	0xFB, 0x37, 0xF7, 0xDC, 0xF9, 0x27, 0x32, 0x0A, 0xF7, 0x2C, 0xFC, 0xB0, 0x3D, 0x0A, 0xFB, 0x37,
	0xF7, 0x46, 0xF8, 0xB0, 0x2A, 0x0A, 0x4C, 0x06, 0xF7, 0xC3, 0xFD, 0x2A, 0x3D, 0x0A, 0xFB, 0x37,
	0xF7, 0x71, 0xF8, 0xC4, 0x5E, 0x1D, 0xA6, 0x73, 0xA3, 0x70, 0x70, 0x74, 0x73, 0x70, 0x70, 0xA2,
	0x74, 0xA6, 0x1F, 0xF7, 0x4B, 0xFC, 0xC4, 0x3D, 0x0A, 0x78, 0xF8, 0x5A, 0xF8, 0x78, 0x15, 0x87,
	0x1D, 0xCA, 0xF8, 0x78, 0x06, 0x42, 0xFB, 0x86, 0x58, 0x0A, 0x3E, 0xC6, 0xF7, 0xC7, 0x29, 0x1D,
	0xFB, 0xB2, 0x59, 0x0A, 0x0E, 0x81, 0x4D, 0x1D, 0xF7, 0x06, 0xC5, 0xFB, 0x06, 0x74, 0x1D, 0xF7,
	0x72, 0x4D, 0x1D, 0xF7, 0x7A, 0xFC, 0x3E, 0xD0, 0xF8, 0x78, 0xFB, 0xBF, 0xE9, 0x07, 0xC4, 0x9B,
	0xA9, 0xC6, 0x53, 0x1D, 0x43, 0x4F, 0x34, 0x0A, 0xFB, 0x7A, 0xE9, 0x07, 0x4B, 0x1D, 0x07, 0xF9,
	0x0C, 0xF7, 0x28, 0x15, 0xA7, 0x9F, 0x9F, 0xA6, 0xA7, 0x77, 0xA1, 0x6F, 0x70, 0x76, 0x75, 0x6F,
	0x70, 0xA0, 0x77, 0xA6, 0x1F, 0x0E, 0xF7, 0x6D, 0x4D, 0x1D, 0xF7, 0x6F, 0xFC, 0x3E, 0xCF, 0xF9,
	0x6D, 0x47, 0xFB, 0x89, 0xFB, 0x6F, 0x74, 0x1D, 0x7D, 0xF8, 0x71, 0x16, 0xF8, 0x3E, 0xC6, 0x1D,
	0xFB, 0x8C, 0xE9, 0x07, 0x6C, 0x0A, 0xF7, 0x8C, 0xFC, 0x3E, 0x07, 0x0E, 0xF7, 0x32, 0xF7, 0xD0,
	0xFB, 0x67, 0x15, 0x86, 0xA1, 0xA1, 0x89, 0xA7, 0x1B, 0xD3, 0xB8, 0xAC, 0xD5, 0x7D, 0x0A, 0xFC,
	0x3B, 0xFB, 0x31, 0xF8, 0x3B, 0x05, 0xFB, 0x69, 0xE9, 0x06, 0x4B, 0x1D, 0x41, 0x2F, 0x1D, 0xF7,
	0x37, 0x07, 0xF7, 0x42, 0xFC, 0x5B, 0x76, 0x52, 0x05, 0x4A, 0x73, 0x60, 0x88, 0x62, 0x1B, 0x56,
	0x06, 0x0E, 0x3E, 0xF8, 0x1B, 0x16, 0xD0, 0xF8, 0x78, 0xFB, 0xBF, 0xE9, 0x06, 0x6C, 0x0A, 0xF7,
	0x7A, 0x07, 0xAD, 0xF7, 0x58, 0x9F, 0x1D, 0x0E, 0x38, 0xF8, 0x54, 0x16, 0xF9, 0x6D, 0x46, 0xFB,
	0x89, 0xFB, 0x6E, 0xE9, 0x07, 0xC4, 0x9A, 0xA9, 0xC6, 0x53, 0x1D, 0x43, 0x50, 0x34, 0x0A, 0x41,
	0x2F, 0x1D, 0xF7, 0x6E, 0xFC, 0x3E, 0x07, 0x0E, 0x44, 0xF8, 0x44, 0xF9, 0x02, 0x9F, 0x1D, 0xFB,
	0x8D, 0xFD, 0x02, 0x15, 0xF8, 0x3E, 0xF7, 0x6A, 0xFC, 0x3E, 0xD0, 0xF8, 0x78, 0xFB, 0xAF, 0x92,
	0x0A, 0x7E, 0xF7, 0x4B, 0x16, 0xF8, 0x3F, 0xF7, 0x77, 0xFC, 0x3F, 0xD0, 0xF8, 0x3F, 0xEB, 0xC4,
	0x2B, 0xF7, 0x2D, 0x46, 0xFB, 0x2D, 0xFB, 0x77, 0x99, 0x0A, 0x07, 0x0E, 0xF7, 0x39, 0xF7, 0x4B,
	0x16, 0xF8, 0x3F, 0xF7, 0x28, 0x07, 0xF7, 0x41, 0xFC, 0x5D, 0x77, 0x53, 0x05, 0x4A, 0x73, 0x60,
	0x88, 0x62, 0x1B, 0x55, 0x52, 0x06, 0x86, 0xA1, 0xA2, 0x89, 0xA7, 0x1B, 0xD3, 0xB8, 0xAC, 0xD5,
	0x7D, 0x0A, 0xFC, 0x3B, 0xFB, 0x31, 0xF8, 0x3B, 0x05, 0xFB, 0x5A, 0x99, 0x0A, 0x06, 0x0E, 0xAD,
	0xF7, 0xAA, 0x16, 0xC5, 0x07, 0x32, 0xAD, 0x58, 0xDF, 0xDF, 0x1A, 0xF5, 0xDD, 0xD0, 0xF0, 0xEF,
	0xDD, 0x46, 0x21, 0x3B, 0x5D, 0x37, 0x2C, 0x65, 0x1E, 0x51, 0xF7, 0x5F, 0xC5, 0x24, 0x07, 0xCE,
	0xBD, 0xB0, 0xD7, 0xDC, 0x1A, 0xF7, 0x1A, 0x23, 0xED, 0xFB, 0x21, 0xFB, 0x21, 0x21, 0x29, 0xFB,
	0x1B, 0x3C, 0xAF, 0x3F, 0xCF, 0x58, 0x1E, 0x24, 0x51, 0x06, 0x0E, 0x87, 0xF7, 0x08, 0x16, 0xCF,
	0xF8, 0x3B, 0xF7, 0x5F, 0xFB, 0xCC, 0x06, 0x3A, 0xAC, 0x6C, 0xCF, 0xA2, 0xA4, 0x8C, 0x8F, 0xA4,
	0x1E, 0xC3, 0x07, 0x54, 0x8C, 0x05, 0x6D, 0x8C, 0x77, 0x98, 0xB6, 0x1A, 0xF7, 0xC5, 0xF4, 0xC8,
	0xFC, 0xB2, 0x4E, 0xEC, 0x07, 0x0E, 0xD8, 0xC2, 0xF7, 0xFA, 0x15, 0xFB, 0x73, 0xF6, 0xFB, 0x28,
	0xF7, 0x48, 0xF7, 0x47, 0xF6, 0xF7, 0x28, 0xF7, 0x73, 0xF7, 0x72, 0xFB, 0x01, 0xF7, 0x2A, 0xFB,
	0x45, 0xFB, 0x46, 0xFB, 0x01, 0xFB, 0x2A, 0xFB, 0x72, 0x1E, 0xD2, 0x16, 0xF7, 0x4F, 0xDA, 0xF7,
	0x0B, 0xF7, 0x1D, 0xF7, 0x1D, 0xDA, 0xFB, 0x0B, 0xFB, 0x4F, 0xFB, 0x4E, 0x3C, 0xFB, 0x0C, 0xFB,
	0x1D, 0xFB, 0x1D, 0x3C, 0xF7, 0x0C, 0xF7, 0x4E, 0x1E, 0x0E, 0xFB, 0xA4, 0xF7, 0x49, 0xF9, 0x1F,
	0x15, 0xFD, 0x1F, 0xD0, 0xF9, 0x60, 0xFB, 0x6B, 0x4A, 0x07, 0x0E, 0x5F, 0xF8, 0x99, 0x16, 0xCE,
	0xFB, 0xFD, 0x07, 0xF7, 0x3B, 0xF7, 0x26, 0x05, 0xF7, 0x23, 0x8C, 0x1D, 0xEE, 0x1B, 0xEA, 0x99,
	0x1D, 0x65, 0xF7, 0x91, 0xF8, 0x14, 0x15, 0xF7, 0x14, 0xD1, 0x4E, 0x29, 0x23, 0x46, 0x47, 0x20,
	0x26, 0x4B, 0xC9, 0xF2, 0x1F, 0x44, 0x8B, 0x0A, 0x2B, 0x96, 0x0A, 0xFC, 0x46, 0xB0, 0x1D, 0xA0,
	0x5E, 0x0A, 0x74, 0xF7, 0xB6, 0x8D, 0x0A, 0x53, 0x57, 0x79, 0x6B, 0x63, 0x1F, 0xC1, 0xF7, 0x75,
	0xB7, 0x1D, 0xC4, 0x79, 0x05, 0xB6, 0xB2, 0x89, 0x1D, 0x88, 0xF7, 0x1C, 0xF8, 0x6F, 0x15, 0x48,
	0x2F, 0x74, 0x51, 0x38, 0x1A, 0xFB, 0x23, 0xF7, 0x05, 0xFB, 0x03, 0xF7, 0x24, 0xF7, 0x23, 0xF7,
	0x03, 0xF6, 0xF7, 0x27, 0xF7, 0x20, 0x28, 0xF7, 0x01, 0xFB, 0x29, 0x6A, 0x6C, 0x84, 0x7A, 0x69,
	0x1E, 0xF7, 0x50, 0xF7, 0x8D, 0x05, 0x37, 0x06, 0xFB, 0x58, 0xFC, 0x6F, 0x15, 0xF7, 0x01, 0xD6,
	0xD9, 0xF7, 0x01, 0xF5, 0xD7, 0x3D, 0xFB, 0x01, 0xFB, 0x01, 0x3F, 0x3C, 0x21, 0xFB, 0x01, 0x40,
	0xDA, 0xF7, 0x01, 0x1E, 0x0E, 0x25, 0x94, 0xF9, 0x60, 0x15, 0x49, 0xF8, 0x32, 0x07, 0xFB, 0xAF,
	0xFD, 0x1E, 0x05, 0xD5, 0x06, 0xF7, 0xAE, 0xF9, 0x1E, 0x05, 0xCD, 0x07, 0x0E, 0x91, 0xBE, 0xF7,
	0x57, 0x15, 0xFB, 0x0F, 0xF2, 0x37, 0xF7, 0x2C, 0xF7, 0x2C, 0xF2, 0xDF, 0xF7, 0x0E, 0xE5, 0x54,
	0xD3, 0x38, 0xA5, 0x1E, 0xD2, 0xA6, 0xB3, 0xC6, 0xD6, 0x1A, 0xF7, 0x03, 0x30, 0xD6, 0xFB, 0x1C,
	0xFB, 0x1D, 0x2D, 0x40, 0xFB, 0x02, 0x41, 0xB4, 0x50, 0xD3, 0x6E, 0x1E, 0x36, 0xB1, 0x1D, 0xED,
	0xEC, 0xCA, 0x5B, 0x3E, 0x3C, 0x4C, 0x58, 0x2A, 0x29, 0x4B, 0xC0, 0xDA, 0x1E, 0x75, 0xFB, 0xE9,
	0x15, 0xE3, 0xD3, 0xC4, 0xF7, 0x03, 0xF7, 0x05, 0xD3, 0x52, 0x33, 0x32, 0x41, 0x50, 0xFB, 0x01,
	0xFB, 0x03, 0x41, 0xC6, 0xE4, 0x1E, 0x0E, 0x88, 0xF8, 0x67, 0xF7, 0x86, 0x15, 0xCF, 0xE6, 0xA1,
	0xC5, 0xDE, 0x1A, 0xF7, 0x24, 0xFB, 0x05, 0xF7, 0x03, 0xFB, 0x24, 0xFB, 0x23, 0x8F, 0x0A, 0xAA,
	0x91, 0x9D, 0xAC, 0x1E, 0xFB, 0x50, 0xFB, 0x8E, 0x93, 0x0A, 0xFB, 0x01, 0x21, 0x3F, 0xD9, 0xF7,
	0x00, 0xF7, 0x01, 0xD7, 0xDA, 0xF5, 0xF7, 0x01, 0xD7, 0x3C, 0xFB, 0x01, 0x1E, 0x0E, 0xC1, 0xBB,
	0xF7, 0xF9, 0x15, 0xFB, 0x74, 0xF4, 0xFB, 0x27, 0xF7, 0x45, 0xF7, 0x45, 0xF4, 0xF7, 0x27, 0xF7,
	0x74, 0xF7, 0x73, 0x21, 0xF7, 0x29, 0xFB, 0x44, 0xFB, 0x44, 0x21, 0xFB, 0x29, 0xFB, 0x73, 0x1E,
	0xD2, 0x16, 0xF7, 0x4E, 0xD6, 0xF7, 0x0C, 0xF7, 0x1C, 0xF7, 0x1C, 0xD6, 0xFB, 0x0C, 0xFB, 0x4E,
	0xFB, 0x4D, 0x40, 0xFB, 0x0C, 0xFB, 0x1C, 0xFB, 0x1C, 0x40, 0xF7, 0x0C, 0xF7, 0x4D, 0x1E, 0x0E,
	0xC1, 0xF7, 0xD1, 0xCC, 0x15, 0xFB, 0x5C, 0x4A, 0xF8, 0x5C, 0xCC, 0xFB, 0x4E, 0xF9, 0x1F, 0xFB,
	0x96, 0x4A, 0xF7, 0x50, 0x06, 0x0E, 0xC1, 0xF8, 0xCB, 0x16, 0xCE, 0xFB, 0xFC, 0x07, 0xF7, 0x3A,
	0xF7, 0x26, 0x05, 0xF7, 0x24, 0x8C, 0x1D, 0xED, 0x1B, 0xEB, 0x99, 0x1D, 0xC1, 0xF7, 0xBC, 0xF8,
	0x14, 0x15, 0xF7, 0x13, 0xD2, 0x4E, 0x29, 0x23, 0x45, 0x47, 0x21, 0x26, 0x4B, 0xC9, 0xF2, 0x1F,
	0x43, 0x8B, 0x0A, 0x2C, 0x96, 0x0A, 0xFC, 0x47, 0xB0, 0x1D, 0xC1, 0x5E, 0x0A, 0xC1, 0xF7, 0xD6,
	0x8D, 0x0A, 0x54, 0x56, 0x79, 0x6C, 0x63, 0x1F, 0xC1, 0xF7, 0x74, 0xB7, 0x1D, 0xC3, 0x79, 0x05,
	0xB6, 0xB3, 0x89, 0x1D, 0xC1, 0xF7, 0x39, 0xF8, 0x6F, 0x15, 0x47, 0x2F, 0x74, 0x51, 0x38, 0x1A,
	0xFB, 0x23, 0xF7, 0x05, 0xFB, 0x03, 0xF7, 0x24, 0xF7, 0x24, 0xF7, 0x03, 0xF6, 0xF7, 0x27, 0xF7,
	0x20, 0x28, 0xF7, 0x01, 0xFB, 0x29, 0x69, 0x6C, 0x84, 0x79, 0x69, 0x1E, 0xF7, 0x51, 0xF7, 0x8E,
	0x05, 0x37, 0x06, 0xFB, 0x59, 0xFC, 0x6F, 0x15, 0xF7, 0x01, 0xD7, 0xD9, 0xF7, 0x00, 0xF6, 0xD6,
	0x3D, 0xFB, 0x01, 0xFB, 0x01, 0x40, 0x3C, 0x20, 0xFB, 0x00, 0x3F, 0xDA, 0xF7, 0x01, 0x1E, 0x0E,
	0xC1, 0xE2, 0xF9, 0x60, 0x15, 0x49, 0xF8, 0x32, 0x07, 0xFB, 0xB0, 0xFD, 0x1E, 0x05, 0xD6, 0x06,
	0xF7, 0xAD, 0xF9, 0x1E, 0x05, 0xCD, 0x07, 0x0E, 0xC1, 0xD7, 0xF7, 0x57, 0x15, 0xFB, 0x0F, 0xF1,
	0x37, 0xF7, 0x2D, 0xF7, 0x2B, 0xF2, 0xDF, 0xF7, 0x0E, 0xE5, 0x55, 0xD3, 0x38, 0xA5, 0x1E, 0xD1,
	0xA6, 0xB4, 0xC6, 0xD6, 0x1A, 0xF7, 0x03, 0x2F, 0xD6, 0xFB, 0x1C, 0xFB, 0x1D, 0x2E, 0x40, 0xFB,
	0x02, 0x41, 0xB3, 0x50, 0xD3, 0x6E, 0x1E, 0x37, 0xB1, 0x1D, 0xEC, 0xED, 0xC9, 0x5B, 0x3E, 0x3C,
	0x4D, 0x58, 0x29, 0x2A, 0x4B, 0xC0, 0xDA, 0x1E, 0x74, 0xFB, 0xE9, 0x15, 0xE3, 0xD3, 0xC4, 0xF7,
	0x04, 0xF7, 0x04, 0xD3, 0x52, 0x33, 0x32, 0x42, 0x50, 0xFB, 0x02, 0xFB, 0x02, 0x40, 0xC6, 0xE4,
	0x1E, 0x0E, 0xC1, 0xF8, 0x83, 0xF7, 0x86, 0x15, 0xCF, 0xE6, 0xA2, 0xC5, 0xDE, 0x1A, 0xF7, 0x24,
	0xFB, 0x05, 0xF7, 0x03, 0xFB, 0x24, 0xFB, 0x24, 0x8F, 0x0A, 0xAB, 0x92, 0x9D, 0xAD, 0x1E, 0xFB,
	0x52, 0xFB, 0x8F, 0x93, 0x0A, 0xFB, 0x00, 0x20, 0x40, 0xD9, 0xF7, 0x00, 0xF7, 0x01, 0xD6, 0xDA,
	0xF6, 0xF7, 0x00, 0xD7, 0x3C, 0xFB, 0x01, 0x1E, 0x0E, 0xFB, 0x52, 0xAA, 0xF7, 0x07, 0x15, 0xFB,
	0x1A, 0xCD, 0x32, 0xF7, 0x03, 0xF7, 0x01, 0xCF, 0xE4, 0xF7, 0x1A, 0xF7, 0x1B, 0xA3, 0x0A, 0xFB,
	0x1B, 0x1E, 0xC2, 0x16, 0xF7, 0x01, 0xB7, 0xCD, 0xD9, 0xD8, 0xB7, 0x49, 0xFB, 0x01, 0x20, 0x5F,
	0x49, 0x3E, 0x3D, 0x5F, 0xCD, 0xF6, 0x1E, 0x0E, 0xFC, 0x18, 0xF7, 0x08, 0xF7, 0xAE, 0x94, 0x0A,
	0xFB, 0x9A, 0xF7, 0xD2, 0x27, 0x76, 0x1D, 0xFB, 0x98, 0xF7, 0x22, 0xF7, 0x10, 0x6F, 0x1D, 0xFB,
	0x7A, 0xF7, 0xF9, 0x7E, 0x15, 0xBD, 0x57, 0xF7, 0xBC, 0x44, 0x07, 0xFB, 0x69, 0xFB, 0xBB, 0x05,
	0x58, 0xF7, 0x7B, 0x34, 0xC0, 0xE2, 0x07, 0xFB, 0x71, 0xBD, 0x15, 0xF7, 0x3C, 0xF7, 0x7F, 0x05,
	0xFB, 0x7F, 0x07, 0x0E, 0xFB, 0x91, 0xA1, 0xB3, 0x55, 0x0A, 0xFB, 0x7D, 0xE1, 0xF7, 0x56, 0x72,
	0x1D, 0xFB, 0xB0, 0xF7, 0xC7, 0xF7, 0xAE, 0xA3, 0x1D, 0xFB, 0x82, 0xA7, 0x9C, 0x64, 0x1D, 0xFB,
	0x7D, 0xF7, 0xB4, 0xB4, 0x73, 0x1D, 0xFB, 0x97, 0xA8, 0xF7, 0x3C, 0x95, 0x0A, 0xD3, 0x2F, 0x34,
	0x53, 0x46, 0xB5, 0x1D, 0x59, 0x3D, 0x3E, 0x69, 0x59, 0x4E, 0x50, 0x69, 0xBC, 0xD9, 0x1E, 0x0E,
	0xFC, 0x30, 0xEE, 0xF7, 0xB5, 0x15, 0xFB, 0xB5, 0xBC, 0xF7, 0xE3, 0xFB, 0x14, 0x5D, 0x07, 0x0E,
	0xFB, 0xD7, 0xF7, 0x99, 0xA7, 0x1D, 0x5E, 0xB6, 0x45, 0x46, 0x5B, 0x9C, 0x0A, 0xA4, 0x71, 0x62,
	0x67, 0x79, 0x6E, 0x5B, 0x63, 0x1E, 0xFB, 0x01, 0x33, 0x05, 0x68, 0x07, 0x0E, 0xFB, 0xDE, 0xA0,
	0xF5, 0x15, 0x47, 0xBC, 0x5F, 0xCE, 0xD1, 0xBA, 0xB5, 0xCF, 0xC6, 0x62, 0xB1, 0x53, 0x91, 0x1E,
	0xE5, 0xDE, 0x5C, 0x1D, 0x35, 0x05, 0x6A, 0xA6, 0x07, 0xC2, 0xA9, 0x71, 0x5F, 0x66, 0x72, 0x74,
	0x62, 0x62, 0x72, 0xA4, 0xB4, 0x1F, 0x0E, 0xFB, 0xC4, 0xF7, 0x4F, 0x69, 0x0A, 0xFB, 0xCF, 0xF7,
	0x24, 0x86, 0x15, 0xD3, 0xBD, 0xBC, 0xD0, 0xCA, 0x60, 0xBE, 0x85, 0x1D, 0x60, 0x6F, 0x6E, 0x60,
	0x61, 0x6F, 0xA5, 0xB6, 0x1F, 0x58, 0x06, 0x45, 0xBF, 0x5E, 0xCF, 0x1E, 0x0E, 0xFB, 0xBE, 0xD2,
	0xF7, 0x7B, 0x15, 0x6B, 0x60, 0x81, 0x6F, 0x61, 0x1A, 0x46, 0xC2, 0x55, 0xD2, 0xD1, 0xC1, 0xC0,
	0xD1, 0xCF, 0x59, 0xBC, 0x45, 0x7F, 0x81, 0x89, 0x87, 0x80, 0x1E, 0xDC, 0xF5, 0x05, 0x50, 0x06,
	0x46, 0xFB, 0x6E, 0x15, 0xB6, 0xAA, 0xAA, 0xB8, 0xB6, 0xAA, 0x6C, 0x60, 0x5E, 0x6D, 0x6C, 0x5F,
	0x5E, 0x6C, 0xAA, 0xB8, 0x1E, 0x0E, 0xFB, 0xF1, 0xF7, 0x57, 0xF7, 0xB4, 0x9E, 0x1D, 0x0E, 0xFB,
	0xCA, 0xA6, 0xE6, 0x15, 0x50, 0xBD, 0x66, 0xD2, 0xD3, 0xBC, 0x90, 0x0A, 0xAA, 0x97, 0x9E, 0x51,
	0x0A, 0xFB, 0xBE, 0xF7, 0x81, 0xF3, 0x15, 0xAB, 0xB6, 0x95, 0xA6, 0xB6, 0x1A, 0xD0, 0x54, 0xC1,
	0x44, 0x45, 0x55, 0x56, 0x45, 0x47, 0xBE, 0x5A, 0xD0, 0x97, 0x95, 0x8D, 0x8F, 0x96, 0x1E, 0x3A,
	0x21, 0x05, 0xC6, 0x06, 0xD0, 0xF7, 0x6E, 0x15, 0x60, 0x6C, 0x6C, 0x5E, 0x60, 0x6C, 0xAA, 0xB6,
	0xB7, 0xA9, 0xAB, 0xB7, 0xB8, 0xAA, 0x6C, 0x5E, 0x1E, 0x0E, 0xFB, 0x97, 0xA8, 0xF8, 0xB9, 0x95,
	0x0A, 0xD4, 0x2F, 0x34, 0x53, 0x45, 0xB5, 0x1D, 0x5A, 0x3C, 0x3F, 0x69, 0x58, 0x4E, 0x50, 0x69,
	0xBD, 0xD8, 0x1E, 0x0E, 0xFC, 0x30, 0x92, 0x1D, 0x0E, 0xFB, 0xD7, 0xF7, 0x99, 0xF8, 0x11, 0x15,
	0xB9, 0xFB, 0x28, 0x07, 0xC3, 0xB9, 0x05, 0xC9, 0xBE, 0xA2, 0xB0, 0xBD, 0x1A, 0xCE, 0x5E, 0xB7,
	0x45, 0x46, 0x5B, 0x5D, 0x49, 0x1E, 0xBD, 0x06, 0xB4, 0xA5, 0xA4, 0xB3, 0xB3, 0xA4, 0x72, 0x61,
	0x67, 0x79, 0x6F, 0x5B, 0x63, 0x1E, 0xFB, 0x01, 0x33, 0x05, 0x67, 0x07, 0x0E, 0xFB, 0xDE, 0xA0,
	0xF8, 0x7B, 0x15, 0x47, 0xBC, 0x5F, 0xCE, 0xD1, 0xBA, 0xB6, 0xCF, 0xC5, 0x63, 0xB2, 0x53, 0x91,
	0x1E, 0xE4, 0xDD, 0x5C, 0x1D, 0x36, 0x05, 0x69, 0xA6, 0x07, 0xC2, 0xA9, 0x71, 0x60, 0x66, 0x72,
	0x73, 0x62, 0x62, 0x72, 0xA5, 0xB3, 0x1F, 0x0E, 0xFB, 0xC4, 0xF7, 0x4F, 0xF8, 0x55, 0x15, 0x47,
	0xBB, 0xCF, 0xB5, 0xB8, 0x61, 0xF7, 0x72, 0x4F, 0x07, 0xFB, 0x34, 0xFB, 0x74, 0x05, 0x60, 0x07,
	0xC2, 0xB8, 0x15, 0xF7, 0x09, 0xF7, 0x37, 0x05, 0xFB, 0x37, 0x07, 0x0E, 0xFB, 0xCF, 0x52, 0x0A,
	0x0E, 0xFB, 0xBE, 0xD2, 0xF8, 0xF8, 0x15, 0x6B, 0x60, 0x81, 0x70, 0x60, 0x1A, 0x46, 0xC2, 0x55,
	0xD2, 0xD1, 0xC1, 0xC0, 0xD1, 0xD0, 0x59, 0xBB, 0x45, 0x7F, 0x80, 0x89, 0x87, 0x81, 0x1E, 0xDC,
	0xF5, 0x05, 0x50, 0x06, 0x46, 0xFB, 0x6D, 0x15, 0xB6, 0xAA, 0xA9, 0xB8, 0xB6, 0xAA, 0x6D, 0x60,
	0x5E, 0x6D, 0x6B, 0x5F, 0x5E, 0x6C, 0xAA, 0xB9, 0x1E, 0x0E, 0xFB, 0xF1, 0x95, 0x1D, 0x0E, 0xFB,
	0xCA, 0xA6, 0xF8, 0x6D, 0x15, 0x50, 0xBD, 0x65, 0xD2, 0xD3, 0xBC, 0xB1, 0xC6, 0xB3, 0x73, 0xAD,
	0x64, 0x98, 0x1E, 0xA9, 0x96, 0x9E, 0xA8, 0xAD, 0x1A, 0xC2, 0x5E, 0xAC, 0x4D, 0x4D, 0x5E, 0x69,
	0x55, 0x69, 0x9E, 0x6F, 0xA9, 0x7F, 0x1E, 0x64, 0x7E, 0x73, 0x6A, 0x62, 0x1A, 0xC6, 0xF7, 0x30,
	0x15, 0xAA, 0xA5, 0x9D, 0xAF, 0xAF, 0xA5, 0x79, 0x6C, 0x6E, 0x73, 0x77, 0x65, 0x63, 0x75, 0x9F,
	0xA8, 0x1E, 0x83, 0xFB, 0x2A, 0x45, 0x0A, 0x66, 0x6D, 0x76, 0x62, 0x63, 0x6D, 0x9F, 0xB1, 0x1E,
	0x0E, 0xFB, 0xBE, 0xF7, 0x81, 0xF8, 0x7A, 0x15, 0xAB, 0xB6, 0x95, 0xA6, 0xB5, 0x1A, 0xD0, 0x54,
	0xC2, 0x44, 0x45, 0x55, 0x56, 0x44, 0x47, 0xBE, 0x5B, 0xD0, 0x97, 0x96, 0x8D, 0x8F, 0x95, 0x1E,
	0x3A, 0x20, 0x05, 0xC6, 0x06, 0xD0, 0xF7, 0x6E, 0x15, 0x60, 0x6C, 0x6C, 0x5E, 0x60, 0x6C, 0xAA,
	0xB6, 0xB8, 0xA9, 0xAB, 0xB7, 0xB8, 0xAA, 0x6C, 0x5D, 0x1E, 0x0E, 0xFB, 0x53, 0xAA, 0xF8, 0xAE,
	0x15, 0xFB, 0x1A, 0xCD, 0x31, 0xF7, 0x03, 0xF7, 0x01, 0xCF, 0xE5, 0xF7, 0x1A, 0xF7, 0x1A, 0xA3,
	0x0A, 0xFB, 0x1A, 0x1E, 0xC2, 0x16, 0xF7, 0x00, 0xB7, 0xCD, 0xD9, 0xD8, 0xB7, 0x49, 0xFB, 0x00,
	0xFB, 0x00, 0x5F, 0x49, 0x3E, 0x3D, 0x5F, 0xCD, 0xF7, 0x00, 0x1E, 0x0E, 0xFC, 0x18, 0xF7, 0x08,
	0xF9, 0x5C, 0x94, 0x0A, 0xFB, 0x9A, 0xF7, 0xD2, 0xF7, 0xDE, 0x76, 0x1D, 0xFB, 0x98, 0xF7, 0x22,
	0xF8, 0xBE, 0x6F, 0x1D, 0xFB, 0x7E, 0xF7, 0xF9, 0xF8, 0x35, 0x15, 0xBD, 0x57, 0xF7, 0xBC, 0x44,
	0x07, 0xFB, 0x69, 0xFB, 0xBB, 0x05, 0x58, 0xF7, 0x7B, 0x34, 0xC0, 0xE2, 0x07, 0xFB, 0x71, 0xBD,
	0x15, 0xF7, 0x3C, 0xF7, 0x7F, 0x05, 0xFB, 0x7F, 0x07, 0x0E, 0xFB, 0x91, 0xA1, 0xF8, 0x6A, 0x55,
	0x0A, 0xFB, 0x7D, 0xE1, 0xF9, 0x04, 0x72, 0x1D, 0xFB, 0xB0, 0xF7, 0xC7, 0xF9, 0x5C, 0xA3, 0x1D,
	0xFB, 0x82, 0xA7, 0xF8, 0x53, 0x64, 0x1D, 0xFB, 0x7D, 0xF7, 0xB4, 0xF8, 0x6B, 0x73, 0x1D, 0xFC,
	0x7D, 0xF7, 0xD4, 0xF9, 0x5A, 0x32, 0x1D, 0x0E, 0xA7, 0x4F, 0x1D, 0xF8, 0x9A, 0xA7, 0x1D, 0x5D,
	0xB6, 0x46, 0x45, 0x5C, 0x9C, 0x0A, 0xA3, 0x71, 0x62, 0x67, 0x7A, 0x6E, 0x5B, 0x63, 0x1E, 0xFB,
	0x01, 0x33, 0x05, 0x68, 0x07, 0x0E, 0x88, 0x4F, 0x1D, 0xF8, 0x1E, 0x7E, 0x0A, 0xC1, 0xB8, 0x15,
	0xF7, 0x0A, 0xF7, 0x39, 0x05, 0xFB, 0x39, 0x07, 0x0E, 0xB2, 0x6E, 0x1D, 0xF8, 0x1E, 0x69, 0x0A,
	0xB4, 0x4F, 0x1D, 0xF7, 0xB0, 0xE6, 0x15, 0x50, 0xBC, 0x66, 0xD3, 0x4E, 0x0A, 0xDE, 0x6E, 0x1D,
	0xF7, 0xB0, 0xE6, 0x15, 0x50, 0xBD, 0x66, 0xD2, 0xD2, 0xBD, 0x90, 0x0A, 0xA9, 0x97, 0x9F, 0x51,
	0x0A, 0xED, 0x52, 0x0A, 0xF8, 0x67, 0xF7, 0xE2, 0x15, 0x4B, 0x06, 0xFC, 0x60, 0xFD, 0x5A, 0x05,
	0xCA, 0x06, 0xF7, 0xB0, 0xE6, 0x15, 0x50, 0xBD, 0x66, 0xD2, 0xD3, 0xBC, 0xA6, 0x0A, 0x64, 0x97,
	0x1E, 0xA9, 0x97, 0x9E, 0xA7, 0xAE, 0x1A, 0xC1, 0x5E, 0xAC, 0x4E, 0x4D, 0x5E, 0x69, 0x56, 0x69,
	0x9E, 0x6F, 0xA8, 0x7E, 0x1E, 0x65, 0x7E, 0x72, 0xA5, 0x1D, 0x74, 0x77, 0x64, 0x63, 0x75, 0xA0,
	0xA8, 0x1E, 0x83, 0xFB, 0x2B, 0x45, 0x0A, 0x67, 0x6D, 0x76, 0x62, 0x64, 0x6C, 0x9F, 0xB0, 0x1E,
	0x0E, 0xA3, 0x95, 0x1D, 0xF8, 0xA1, 0xB4, 0x32, 0x1D, 0xF7, 0xB0, 0xE6, 0x15, 0x50, 0xBD, 0x66,
	0xD2, 0x4E, 0x0A, 0xFB, 0x5F, 0xE7, 0xF8, 0xCD, 0x15, 0xA8, 0x80, 0xA4, 0x85, 0xA9, 0x87, 0x79,
	0x7A, 0x79, 0x79, 0x76, 0x6C, 0x66, 0x55, 0x18, 0xB2, 0x70, 0xB2, 0xC0, 0xA1, 0xAA, 0x96, 0xA1,
	0x92, 0xA2, 0x19, 0x94, 0x75, 0x97, 0x73, 0xA0, 0x6D, 0xB1, 0x56, 0x18, 0xB2, 0xA6, 0x66, 0xC1,
	0x75, 0xAA, 0x7D, 0x9C, 0x77, 0x9D, 0x19, 0xA2, 0x8E, 0xA6, 0x91, 0xAD, 0x97, 0xCB, 0xA1, 0x18,
	0x78, 0xB8, 0x4E, 0x75, 0x68, 0x7F, 0x76, 0x7F, 0x75, 0x7E, 0x19, 0x90, 0xA3, 0x8F, 0xA5, 0xAF,
	0x1A, 0xCE, 0x5C, 0x48, 0x07, 0x67, 0x8E, 0x72, 0x91, 0x72, 0x1E, 0x75, 0x99, 0x75, 0x96, 0x67,
	0x97, 0x4E, 0xA0, 0x18, 0x7A, 0x5F, 0x05, 0x0E, 0xF7, 0xA4, 0xF7, 0xDD, 0xF8, 0xD1, 0x15, 0xAE,
	0x7F, 0xA6, 0x86, 0xA2, 0x88, 0x79, 0x7A, 0x7A, 0x78, 0x75, 0x6D, 0x65, 0x55, 0x18, 0xB3, 0x6F,
	0xB1, 0xC1, 0xA0, 0xA8, 0x97, 0xA2, 0x93, 0xA3, 0x19, 0x93, 0x75, 0x97, 0x73, 0xA1, 0x6D, 0xB0,
	0x55, 0x18, 0xB2, 0xA7, 0x66, 0xC1, 0x75, 0xAA, 0x7D, 0x9C, 0x77, 0x9D, 0x19, 0xA3, 0x8E, 0xA5,
	0x90, 0xAD, 0x97, 0xCA, 0xA2, 0x18, 0x7A, 0xB7, 0x4E, 0x76, 0x67, 0x7E, 0x7A, 0x82, 0x71, 0x7B,
	0x19, 0x91, 0xA4, 0x8D, 0xA4, 0xB0, 0x1A, 0xCD, 0x5C, 0x49, 0x07, 0x66, 0x8F, 0x73, 0x90, 0x71,
	0x1E, 0x76, 0x99, 0x75, 0x97, 0x68, 0x97, 0x4F, 0x9F, 0x18, 0x79, 0x60, 0x05, 0xFB, 0x42, 0xFC,
	0x27, 0x15, 0xAF, 0x7E, 0xA5, 0x88, 0xA1, 0x88, 0x79, 0x79, 0x7A, 0x78, 0x75, 0x6D, 0x66, 0x55,
	0x18, 0xB1, 0x70, 0xB3, 0xC0, 0xA0, 0xA9, 0x96, 0xA2, 0x92, 0xAE, 0x1D, 0x67, 0xC1, 0x74, 0xAA,
	0x7E, 0x99, 0x76, 0xA1, 0x19, 0xA3, 0x8E, 0xA6, 0x90, 0xAD, 0x97, 0xCA, 0xA1, 0x18, 0x79, 0xB8,
	0x4E, 0x76, 0x68, 0x7E, 0x75, 0x80, 0x76, 0x9D, 0x0A, 0x5C, 0x8E, 0x0A, 0x4E, 0xA0, 0x18, 0x79,
	0x5E, 0x05, 0xF8, 0xAE, 0x74, 0x15, 0xAF, 0x7E, 0xA5, 0x88, 0xA1, 0x88, 0x78, 0x79, 0x7A, 0x78,
	0x76, 0x6D, 0x65, 0x55, 0x18, 0xB2, 0x70, 0xB2, 0xC0, 0xA0, 0xA9, 0x96, 0xA2, 0x93, 0xAE, 0x1D,
	0x66, 0xC1, 0x75, 0xAA, 0x7E, 0x99, 0x76, 0xA1, 0x19, 0xA3, 0x8E, 0xA5, 0x90, 0xAD, 0x97, 0xCB,
	0xA1, 0x18, 0x79, 0xB8, 0x4D, 0x76, 0x68, 0x7E, 0x77, 0x80, 0x75, 0x9D, 0x0A, 0x5B, 0x8E, 0x0A,
	0x4F, 0x9F, 0x18, 0x79, 0x5F, 0x05, 0x0E, 0xFB, 0x95, 0xD0, 0xF9, 0x60, 0x15, 0x46, 0x06, 0xF7,
	0xAC, 0xFD, 0x60, 0x05, 0xD0, 0x06, 0x0E, 0xFB, 0xDF, 0xF7, 0x1E, 0xF7, 0x3F, 0x15, 0xB9, 0xB3,
	0xB2, 0xB9, 0xBB, 0x64, 0xB2, 0x5C, 0x5B, 0x64, 0x64, 0x5B, 0x5D, 0xB3, 0x64, 0xBA, 0x1F, 0x0E,
	0xFB, 0x7A, 0xF7, 0x51, 0xF7, 0x13, 0x15, 0xD5, 0xC9, 0xCA, 0xD4, 0xD5, 0x4D, 0xCA, 0x41, 0x3F,
	0x4D, 0x4C, 0x41, 0x41, 0xCA, 0x4D, 0xD6, 0x1F, 0x0E, 0xFB, 0xD8, 0x79, 0x0A, 0xFC, 0x13, 0x04,
	0xAD, 0xA8, 0xA7, 0xAC, 0xAD, 0x6E, 0xA8, 0x69, 0x69, 0x6E, 0x6E, 0x69, 0x6A, 0xA8, 0x6F, 0xAD,
	0x1F, 0x0E, 0xFB, 0xEC, 0xF7, 0x56, 0xAD, 0x15, 0xBD, 0x6C, 0xA8, 0x67, 0x68, 0x73, 0x72, 0x68,
	0x69, 0xA3, 0x77, 0xA7, 0x97, 0x93, 0x8E, 0x8F, 0x91, 0x1E, 0x6F, 0x71, 0x71, 0x67, 0x85, 0x1E,
	0x66, 0x07, 0xC9, 0x94, 0xBB, 0xC1, 0xC9, 0x1A, 0x0E, 0xE1, 0x98, 0x1D, 0xF7, 0x6B, 0xA0, 0x0A,
	0x68, 0x6F, 0x6E, 0x69, 0x6A, 0xA7, 0x6F, 0xAE, 0x1F, 0xF7, 0x6A, 0xA0, 0x0A, 0x69, 0x6F, 0x6E,
	0x69, 0x6A, 0xA7, 0x6F, 0xAD, 0x1F, 0x0E, 0xFB, 0xE3, 0xF7, 0x34, 0xF7, 0x6B, 0x15, 0x93, 0xD2,
	0x90, 0xF7, 0x17, 0xF7, 0x16, 0x1A, 0xF7, 0x3D, 0x40, 0xFB, 0x3D, 0x07, 0xFB, 0x15, 0x8F, 0xFB,
	0x18, 0x93, 0x44, 0x1E, 0xA5, 0xFB, 0x79, 0x15, 0xAC, 0xA8, 0xA8, 0xAD, 0xAD, 0x6E, 0xA7, 0x6A,
	0x68, 0x6F, 0x6F, 0x69, 0x69, 0xA7, 0x6E, 0xAE, 0x1F, 0x0E, 0xFB, 0xE3, 0xF7, 0x1C, 0xF9, 0x6E,
	0x15, 0xC5, 0x1D, 0xAC, 0xA8, 0xA8, 0xAD, 0xAD, 0x6E, 0xA7, 0x6A, 0x1F, 0x71, 0xFB, 0x78, 0x15,
	0x83, 0x43, 0x87, 0xFB, 0x17, 0xFB, 0x16, 0x1A, 0xFB, 0x3D, 0xD6, 0xF7, 0x3D, 0x07, 0xF7, 0x17,
	0x86, 0xF7, 0x17, 0x83, 0xD2, 0x1E, 0x0E, 0xD0, 0xC7, 0xF7, 0xA8, 0x15, 0x7E, 0x4A, 0x05, 0xF4,
	0x4A, 0x0A, 0xD0, 0x06, 0xB4, 0xF7, 0x67, 0x05, 0xF7, 0x44, 0x4A, 0x0A, 0xD0, 0x06, 0xB5, 0xF7,
	0x67, 0x05, 0xF7, 0x03, 0x06, 0x97, 0xCC, 0x05, 0xFB, 0x03, 0x06, 0xAC, 0xF7, 0x38, 0x05, 0xF4,
	0x06, 0x98, 0xCC, 0x05, 0x21, 0x06, 0xB5, 0xF7, 0x67, 0x05, 0x46, 0x06, 0x61, 0xFB, 0x67, 0x05,
	0xFB, 0x43, 0x06, 0xB4, 0xF7, 0x67, 0x05, 0x47, 0x4A, 0x0A, 0xFB, 0x0E, 0x06, 0x7F, 0x4A, 0x05,
	0xF7, 0x0E, 0x06, 0x6A, 0xFB, 0x38, 0x05, 0xD0, 0x16, 0xAB, 0xF7, 0x38, 0x05, 0xF7, 0x44, 0x06,
	0x6A, 0xFB, 0x38, 0x05, 0x0E, 0xFB, 0xEC, 0x98, 0x1D, 0x0E, 0x30, 0xF7, 0x9D, 0xF7, 0x38, 0x15,
	0xA5, 0x07, 0xC0, 0xAE, 0xAC, 0xC3, 0xB3, 0x1E, 0xC6, 0xB7, 0xCD, 0xBE, 0xF2, 0x1A, 0xF7, 0x0E,
	0x36, 0xE8, 0xFB, 0x1D, 0xFB, 0x12, 0x28, 0x2A, 0xFB, 0x11, 0x1E, 0xD1, 0x06, 0xE2, 0xCF, 0xD0,
	0xE2, 0xE7, 0xC6, 0x49, 0x36, 0x42, 0x5A, 0x62, 0x57, 0x63, 0x1E, 0x53, 0x61, 0x56, 0x5F, 0x39,
	0x1A, 0x71, 0x07, 0xB0, 0xFB, 0x46, 0x15, 0xAD, 0xA7, 0xA8, 0xAD, 0xAD, 0x6F, 0xA7, 0x69, 0xC5,
	0x1D, 0x1F, 0x0E, 0x30, 0xF7, 0xAA, 0xF9, 0x6E, 0x15, 0x6A, 0x6E, 0x6E, 0x69, 0x69, 0xA8, 0x6F,
	0xAC, 0xAE, 0xA8, 0xA7, 0xAD, 0xAD, 0x6E, 0xA8, 0x68, 0x1F, 0x6F, 0xFB, 0x46, 0x15, 0x70, 0x07,
	0x56, 0x68, 0x6B, 0x54, 0x63, 0x1E, 0x4F, 0x5F, 0x49, 0x58, 0x23, 0x1A, 0xFB, 0x0E, 0xE0, 0x2F,
	0xF7, 0x1D, 0xF7, 0x12, 0xEE, 0xEB, 0xF7, 0x12, 0x1E, 0x45, 0x06, 0x33, 0x47, 0x47, 0x35, 0x2E,
	0x50, 0xCD, 0xE0, 0xD4, 0xBD, 0xB3, 0xBF, 0xB3, 0x1E, 0xC3, 0xB6, 0xBF, 0xB7, 0xDC, 0x1A, 0xA6,
	0x07, 0x0E, 0xFB, 0xB5, 0x76, 0x0A, 0xF7, 0x34, 0xF7, 0x5B, 0x9B, 0x1D, 0x0E, 0xFC, 0x42, 0x76,
	0x0A, 0x0E, 0xFB, 0xD8, 0x79, 0x0A, 0xCA, 0xFB, 0xE6, 0x15, 0xBD, 0x6C, 0xA8, 0x67, 0x68, 0x73,
	0x72, 0x68, 0x69, 0xA3, 0x77, 0xA7, 0x97, 0x93, 0x8E, 0x8F, 0x91, 0x1E, 0x6F, 0x71, 0x71, 0x67,
	0x85, 0x1E, 0x66, 0x07, 0xC9, 0x94, 0xBB, 0xC1, 0xC9, 0x1A, 0x0E, 0xFB, 0x95, 0xCF, 0x16, 0xF7,
	0xAD, 0xF9, 0x60, 0x05, 0x45, 0x06, 0xFB, 0xAB, 0xFD, 0x60, 0x05, 0x0E, 0x33, 0xC7, 0x3D, 0x15,
	0xF8, 0x22, 0xC6, 0xFC, 0x22, 0x06, 0x0E, 0xFB, 0xCE, 0xB8, 0xF7, 0xDF, 0x15, 0xCE, 0x9F, 0x6D,
	0x63, 0x1F, 0xFB, 0x76, 0x07, 0x53, 0xB0, 0x65, 0xC9, 0x1E, 0xC3, 0xC3, 0x59, 0x06, 0x71, 0x7B,
	0x9D, 0xA5, 0x1F, 0xF7, 0x74, 0x07, 0xBC, 0x79, 0xAA, 0x5C, 0x9B, 0x1E, 0xBA, 0x99, 0x9D, 0xAA,
	0xBC, 0x1A, 0xF7, 0x74, 0x07, 0xA5, 0x9B, 0x9D, 0xA5, 0x1E, 0xBD, 0xC3, 0x53, 0x06, 0x4D, 0x66,
	0x65, 0x53, 0x1F, 0xFB, 0x76, 0x07, 0x63, 0x77, 0x6E, 0x48, 0x1E, 0x0E, 0xFB, 0xCE, 0xC8, 0x50,
	0x15, 0xC8, 0xB1, 0xB1, 0xC3, 0x1F, 0xF7, 0x76, 0x07, 0xB3, 0x9F, 0xA9, 0xCE, 0x1E, 0xC6, 0x07,
	0x48, 0x77, 0xA8, 0xB3, 0x1F, 0xF7, 0x76, 0x07, 0xC3, 0x65, 0xB1, 0x4E, 0x1E, 0x53, 0x53, 0xBC,
	0x06, 0xA6, 0x9B, 0x79, 0x71, 0x1F, 0xFB, 0x74, 0x07, 0x5A, 0x9C, 0x6C, 0xBA, 0x7D, 0x1E, 0x5C,
	0x7B, 0x7A, 0x6C, 0x5A, 0x1A, 0xFB, 0x74, 0x07, 0x71, 0x7B, 0x79, 0x70, 0x1E, 0x5A, 0x53, 0x06,
	0x0E, 0xFB, 0xF3, 0xF7, 0x07, 0x88, 0x15, 0xF9, 0x6A, 0xF7, 0x1B, 0xC3, 0xFB, 0x5A, 0xFD, 0xDA,
	0xF7, 0x5A, 0xC3, 0x07, 0x0E, 0xFB, 0xF3, 0x90, 0x50, 0x15, 0xF7, 0x5A, 0xF9, 0xDA, 0xFB, 0x5A,
	0x53, 0xF7, 0x1B, 0xFD, 0x6A, 0xFB, 0x1B, 0x06, 0x0E, 0xFB, 0xF4, 0xF7, 0x92, 0xFB, 0x31, 0x15,
	0x3C, 0xF7, 0x02, 0x57, 0xF7, 0x3F, 0xF7, 0x44, 0x1A, 0xF7, 0x48, 0xC1, 0xF7, 0x3C, 0xD8, 0xF7,
	0x00, 0x1E, 0x4C, 0x06, 0x35, 0xFB, 0x0B, 0x56, 0xFB, 0x40, 0xFB, 0x39, 0x1A, 0xFB, 0x40, 0xC2,
	0xFB, 0x3E, 0xDF, 0xFB, 0x07, 0x1E, 0x0E, 0xFB, 0xF4, 0xCA, 0xFB, 0x31, 0x15, 0xDF, 0xF7, 0x07,
	0xC2, 0xF7, 0x3E, 0xF7, 0x40, 0x1A, 0xF7, 0x39, 0x57, 0xF7, 0x40, 0x34, 0xF7, 0x0B, 0x1E, 0x4C,
	0x06, 0xD8, 0xFB, 0x00, 0xC2, 0xFB, 0x3C, 0xFB, 0x48, 0x1A, 0xFB, 0x44, 0x56, 0xFB, 0x3F, 0x3C,
	0xFB, 0x02, 0x1E, 0x0E, 0xF8, 0xA8, 0xCD, 0xF7, 0x7C, 0x15, 0xFA, 0x82, 0xC8, 0xFE, 0x82, 0x06,
	0x0E, 0xF7, 0xD5, 0xCD, 0xF7, 0x7C, 0x15, 0xF9, 0xAF, 0xC8, 0xFD, 0xAF, 0x06, 0x0E, 0xFB, 0x50,
	0xCB, 0xF7, 0x7C, 0x15, 0xF7, 0xB6, 0xC9, 0xFB, 0xB6, 0x06, 0x0E, 0x7F, 0x7C, 0x0A, 0xF8, 0x45,
	0xFB, 0x86, 0x15, 0xDC, 0x06, 0xFB, 0x68, 0xF7, 0x86, 0xF7, 0x68, 0x5F, 0x1D, 0xFB, 0x68, 0xFB,
	0x86, 0x05, 0x0E, 0x7F, 0x75, 0x0A, 0xF7, 0xC2, 0x97, 0x1D, 0x0E, 0xFB, 0x7D, 0x7C, 0x0A, 0x0E,
	0xFB, 0x7D, 0x75, 0x0A, 0x0E, 0xFB, 0x5B, 0x62, 0x0A, 0xF7, 0x36, 0x16, 0xBC, 0x6D, 0xA7, 0x68,
	0x68, 0x73, 0x72, 0x6A, 0x68, 0xC0, 0x1D, 0x6F, 0x71, 0x71, 0x68, 0x85, 0x97, 0x0A, 0xFB, 0x5B,
	0x5F, 0x0A, 0xF7, 0x36, 0x16, 0xAE, 0x74, 0x9E, 0x71, 0x7F, 0x82, 0x89, 0x87, 0x85, 0x1E, 0xA7,
	0xA5, 0xA4, 0xAE, 0x92, 0x1E, 0xB0, 0x07, 0x4D, 0x81, 0x5C, 0x56, 0x4D, 0x1A, 0x59, 0xAA, 0x6F,
	0xAD, 0xAE, 0xA3, 0xA4, 0xAC, 0x1E, 0x0E, 0xFB, 0x5B, 0x61, 0x0A, 0xF7, 0x36, 0x16, 0xBC, 0x6D,
	0xA8, 0x68, 0x68, 0x73, 0x72, 0x69, 0x69, 0xC0, 0x1D, 0x6E, 0x71, 0x72, 0x68, 0x84, 0x97, 0x0A,
	0xFB, 0xFD, 0x5F, 0x0A, 0x0E, 0xFB, 0xFD, 0x61, 0x0A, 0x0E, 0xFB, 0xFD, 0x62, 0x0A, 0x0E, 0xFB,
	0xDD, 0x0E, 0x53, 0xF7, 0x93, 0x8A, 0x15, 0xC9, 0xF6, 0x06, 0xF0, 0x95, 0xCF, 0xC9, 0x9F, 0xE6,
	0x08, 0x45, 0x06, 0x4D, 0x77, 0x5B, 0x65, 0x3B, 0x1B, 0x28, 0x44, 0xD6, 0xF7, 0x05, 0xF7, 0x08,
	0xD0, 0xD5, 0xED, 0xD6, 0xC3, 0x68, 0x48, 0x9D, 0x1F, 0xD2, 0x06, 0x79, 0xE5, 0x47, 0xC9, 0x25,
	0x96, 0x08, 0xF7, 0x00, 0x4D, 0xFB, 0x00, 0x07, 0xFB, 0x11, 0x7E, 0x39, 0x27, 0xFB, 0x1F, 0x1A,
	0xFB, 0x1E, 0xE1, 0x2B, 0xF7, 0x0D, 0x7C, 0x1E, 0x0E, 0xA1, 0xF8, 0xA5, 0xEA, 0x15, 0xBA, 0xBA,
	0x3D, 0xD8, 0x05, 0xA7, 0xB0, 0x9B, 0xBA, 0xBD, 0x1A, 0xBE, 0x7A, 0xBB, 0x6F, 0xB1, 0x1E, 0xDA,
	0xD8, 0x5C, 0xBA, 0x3D, 0x3E, 0x05, 0xA7, 0x65, 0x5B, 0x9C, 0x57, 0x1B, 0x58, 0x5C, 0x7A, 0x6F,
	0x65, 0x1F, 0x3D, 0xD8, 0x5C, 0x5C, 0xDA, 0x3E, 0x05, 0x6F, 0x65, 0x7A, 0x5B, 0x58, 0x1A, 0x59,
	0x9C, 0x5C, 0xA6, 0x66, 0x1E, 0x3D, 0x3E, 0xBA, 0x5C, 0xD9, 0xD8, 0x05, 0x6E, 0xB1, 0xBA, 0x7A,
	0xBE, 0x1B, 0xBF, 0xBB, 0x9C, 0xA8, 0xB1, 0x1F, 0xA5, 0xF7, 0x49, 0x15, 0x33, 0x41, 0x42, 0x31,
	0x33, 0x41, 0xD4, 0xE3, 0xE5, 0xD4, 0xD5, 0xE4, 0xE6, 0xD4, 0x41, 0x31, 0x1E, 0x0E, 0x60, 0xF7,
	0x92, 0x28, 0x15, 0xC0, 0xE3, 0x06, 0xF7, 0x17, 0x95, 0xDE, 0xD8, 0xF7, 0x07, 0x1A, 0xEB, 0x52,
	0xCA, 0xFB, 0x05, 0xA7, 0x1E, 0x5F, 0x96, 0x05, 0xF7, 0xA7, 0x07, 0xD8, 0x83, 0xB9, 0x5F, 0x92,
	0x40, 0x08, 0xD3, 0x06, 0x81, 0xF7, 0x05, 0x3F, 0xD1, 0xFB, 0x08, 0x93, 0x08, 0xE2, 0x56, 0x34,
	0x07, 0xFB, 0x13, 0x81, 0x38, 0x3E, 0xFB, 0x03, 0x1A, 0x29, 0xC6, 0x4C, 0xF7, 0x04, 0x70, 0x1E,
	0xB2, 0x81, 0x05, 0xFB, 0xAA, 0x07, 0x35, 0x92, 0x54, 0xBA, 0x87, 0xD1, 0x08, 0x41, 0x06, 0x93,
	0xFB, 0x02, 0xE0, 0x43, 0xF7, 0x12, 0x84, 0x08, 0x71, 0xF8, 0x37, 0x15, 0x3F, 0x9E, 0x66, 0xB4,
	0xCA, 0x1A, 0xD4, 0xC1, 0xBD, 0xE0, 0x94, 0x1E, 0xFB, 0x99, 0x07, 0xDD, 0x31, 0x15, 0xD8, 0x79,
	0xB0, 0x61, 0x4A, 0x1A, 0x41, 0x54, 0x59, 0x33, 0x82, 0x1E, 0xF7, 0x9D, 0x07, 0x0E, 0xBC, 0xF8,
	0x64, 0x7F, 0x15, 0xB8, 0xBC, 0x92, 0x97, 0xB5, 0x1F, 0xD0, 0x07, 0x7F, 0x66, 0x59, 0x82, 0x5E,
	0x1B, 0xFB, 0x25, 0xFB, 0x00, 0xD5, 0xF7, 0x16, 0x68, 0x1F, 0xF7, 0xC1, 0xC4, 0xFB, 0xCB, 0x06,
	0x8A, 0x99, 0x8A, 0x99, 0x99, 0x1A, 0x9B, 0x8C, 0x9A, 0x8C, 0x99, 0x1E, 0xF7, 0xCB, 0xC4, 0xFB,
	0xC0, 0x06, 0xF7, 0x13, 0xAF, 0xF4, 0xD4, 0xF7, 0x26, 0x1B, 0xB4, 0xC0, 0x84, 0x7F, 0xAF, 0x1F,
	0xCF, 0x07, 0x97, 0x69, 0x58, 0x92, 0x5E, 0x1B, 0xFB, 0x4D, 0xFB, 0x1C, 0x25, 0xFB, 0x3A, 0x64,
	0x1F, 0x3B, 0x52, 0xD2, 0x06, 0x8A, 0x7C, 0x8A, 0x7C, 0x7C, 0x1A, 0x7D, 0x8C, 0x7D, 0x8C, 0x7D,
	0x1E, 0x44, 0x52, 0xDB, 0x06, 0xFB, 0x3F, 0xB1, 0xF7, 0x1F, 0x27, 0xF7, 0x47, 0x1B, 0x0E, 0x5A,
	0xD4, 0xF8, 0x26, 0x15, 0x4A, 0xF7, 0x3E, 0x07, 0x5A, 0xFB, 0xEF, 0x05, 0x6C, 0x86, 0x74, 0x78,
	0x70, 0x1B, 0x2A, 0x49, 0xEB, 0x06, 0xD1, 0xB9, 0xB1, 0xD4, 0x95, 0x1F, 0xBD, 0xF7, 0xF4, 0x05,
	0xF7, 0x4B, 0xCC, 0xFB, 0x41, 0x06, 0xA7, 0xF7, 0x5B, 0x05, 0xAE, 0x90, 0x9F, 0x9C, 0xA9, 0x1B,
	0xE6, 0xCD, 0x37, 0x06, 0x3E, 0x5D, 0x61, 0x41, 0x81, 0x1F, 0x6E, 0xFB, 0x5D, 0x05, 0x0E, 0x8E,
	0xF7, 0xFB, 0x16, 0xF7, 0x1E, 0xD0, 0xD6, 0xF7, 0x28, 0x1F, 0x46, 0x06, 0xFB, 0x00, 0x63, 0x5A,
	0x24, 0x1E, 0xFB, 0x72, 0x06, 0xC5, 0xA3, 0xB0, 0xCE, 0xD1, 0x1A, 0xB1, 0x84, 0xAE, 0x81, 0xAB,
	0x1E, 0xF7, 0x77, 0xC6, 0xFB, 0x8C, 0x06, 0x7A, 0xB7, 0x7C, 0xB4, 0xB9, 0x1A, 0xE3, 0xC5, 0xC1,
	0xE9, 0xE5, 0xC3, 0x5D, 0x37, 0x93, 0x1E, 0xD5, 0x06, 0xF7, 0x0E, 0x80, 0x33, 0xD4, 0xFB, 0x13,
	0x1B, 0xFB, 0x1B, 0x31, 0x36, 0xFB, 0x0E, 0x5D, 0x99, 0x60, 0x9A, 0x61, 0x1F, 0x3D, 0x50, 0xEF,
	0x06, 0x96, 0x69, 0x94, 0x69, 0x66, 0x1A, 0x3E, 0x59, 0x45, 0x40, 0x7D, 0x1E, 0x49, 0x07, 0x0E,
	0x7E, 0xF7, 0x85, 0xF7, 0xEC, 0x15, 0xFB, 0x31, 0x52, 0xF7, 0x48, 0x42, 0xFB, 0x48, 0x53, 0xF7,
	0x48, 0xFB, 0x32, 0xCF, 0xF7, 0x32, 0xF7, 0x47, 0xC3, 0xFB, 0x47, 0xD4, 0xF7, 0x47, 0xC4, 0xFB,
	0x30, 0x06, 0xF7, 0x6E, 0xF8, 0x08, 0x05, 0x3B, 0x06, 0xFB, 0x57, 0xFB, 0xF0, 0xFB, 0x59, 0xF7,
	0xF0, 0x05, 0x3A, 0x06, 0x0E, 0xC1, 0xDB, 0xF8, 0x04, 0x15, 0x4D, 0xF7, 0x6F, 0xFB, 0x70, 0xC9,
	0xF7, 0x70, 0xF7, 0x6F, 0xC9, 0xFB, 0x6F, 0xF7, 0x6F, 0x4D, 0xFB, 0x6F, 0x07, 0x0E, 0xC1, 0xDB,
	0xF8, 0x04, 0x15, 0x3D, 0x1D, 0x0E, 0xC1, 0xF7, 0x29, 0xF8, 0xC6, 0x15, 0x5F, 0x5F, 0xF7, 0x49,
	0xFB, 0x49, 0xFB, 0x4A, 0xFB, 0x4A, 0xB7, 0x5F, 0xF7, 0x4A, 0xF7, 0x4A, 0xF7, 0x4A, 0xFB, 0x4A,
	0xB7, 0xB7, 0xFB, 0x4A, 0xF7, 0x4A, 0xF7, 0x4A, 0xF7, 0x49, 0x5F, 0xB7, 0xFB, 0x4A, 0xFB, 0x49,
	0x05, 0x0E, 0xC1, 0xF7, 0xDE, 0xF8, 0x48, 0x80, 0x0A, 0xFB, 0x8E, 0x24, 0x15, 0x3D, 0x1D, 0xFB,
	0x8E, 0xFB, 0xB3, 0x80, 0x0A, 0x0E, 0xC1, 0xDB, 0xF8, 0x42, 0x15, 0x3D, 0x1D, 0xFC, 0x88, 0xFB,
	0x62, 0x15, 0x3D, 0x1D, 0x0E, 0xC1, 0xF7, 0x25, 0x9E, 0x15, 0xD0, 0x06, 0xD9, 0xF7, 0x23, 0x05,
	0xF7, 0xB4, 0xC9, 0xFB, 0x93, 0x06, 0xDA, 0xF7, 0x24, 0x05, 0xF7, 0x44, 0xC9, 0xFB, 0x23, 0x06,
	0xD9, 0xF7, 0x23, 0x05, 0x46, 0x06, 0x3D, 0xFB, 0x23, 0x05, 0xFB, 0xB4, 0x4D, 0xF7, 0x93, 0x06,
	0x3C, 0xFB, 0x24, 0x05, 0xFB, 0x44, 0x4D, 0xF7, 0x23, 0x06, 0x0E, 0xC1, 0xF8, 0xD8, 0xF7, 0x66,
	0x15, 0xD1, 0x07, 0xFC, 0x88, 0xF7, 0x47, 0x05, 0x46, 0x07, 0xF8, 0x3B, 0xFB, 0x25, 0xFC, 0x3B,
	0xFB, 0x26, 0x05, 0x47, 0x07, 0x0E, 0xC1, 0xF8, 0xD8, 0xEE, 0x15, 0xFC, 0x3B, 0xF7, 0x26, 0xF8,
	0x3B, 0xF7, 0x25, 0x05, 0xD0, 0x07, 0xFC, 0x88, 0xFB, 0x47, 0x05, 0x45, 0x07, 0xF8, 0x88, 0xFB,
	0x47, 0x05, 0x0E, 0xC1, 0xF8, 0xD8, 0xF7, 0xB6, 0x15, 0xD2, 0x07, 0xFC, 0x88, 0xF7, 0x45, 0x05,
	0x46, 0x07, 0xF8, 0x3B, 0xFB, 0x23, 0xFC, 0x3B, 0xFB, 0x24, 0x05, 0x47, 0x07, 0x57, 0x04, 0x4D,
	0xF8, 0x88, 0xC9, 0x07, 0x0E, 0xC1, 0xF8, 0xD8, 0xF7, 0x4A, 0x15, 0xFC, 0x3B, 0xF7, 0x24, 0xF8,
	0x3B, 0xF7, 0x23, 0x05, 0xD0, 0x07, 0xFC, 0x88, 0xFB, 0x45, 0x05, 0x44, 0x07, 0xF8, 0x88, 0xFB,
	0x44, 0x05, 0xFC, 0x88, 0xFB, 0x06, 0x15, 0xF8, 0x88, 0xC9, 0xFC, 0x88, 0x06, 0x0E, 0xC1, 0xDB,
	0xF8, 0x2A, 0x15, 0x4E, 0xF7, 0x6F, 0xFB, 0x50, 0xC9, 0xF7, 0x50, 0xF7, 0x6F, 0xC8, 0xFB, 0x6F,
	0xF7, 0x4F, 0x4D, 0xFB, 0x4F, 0x07, 0xFB, 0x6F, 0xFC, 0x2A, 0x15, 0xF8, 0x88, 0xC9, 0xFC, 0x88,
	0x06, 0x0E, 0xC1, 0xF8, 0x9E, 0xF8, 0x60, 0x15, 0x4C, 0x88, 0x0A, 0xC9, 0x44, 0x0A, 0xC7, 0xE6,
	0x1F, 0x51, 0xFB, 0x4B, 0x15, 0x4D, 0x88, 0x77, 0x6F, 0x5E, 0x3C, 0x3A, 0xEC, 0x31, 0x1B, 0x3F,
	0x5B, 0x4F, 0x33, 0x1F, 0xC5, 0x06, 0xC8, 0x44, 0x0A, 0xC8, 0xE5, 0x1F, 0x0E, 0xC1, 0xF8, 0x9E,
	0xF8, 0x04, 0x15, 0x4C, 0x88, 0x0A, 0xC8, 0x44, 0x0A, 0xC8, 0xE6, 0x1F, 0x0E, 0xC1, 0xF8, 0xB7,
	0xF7, 0xE5, 0x15, 0xFC, 0x6C, 0x4D, 0xF8, 0x29, 0xFB, 0x57, 0xCE, 0x06, 0x0E, 0xF7, 0x57, 0xF8,
	0x23, 0x7F, 0x15, 0xF7, 0x5A, 0xF7, 0x2B, 0xF7, 0x2F, 0xF7, 0x6B, 0xE1, 0x73, 0xD7, 0x62, 0xC8,
	0x1F, 0xE6, 0xDE, 0x67, 0xB2, 0x33, 0x3B, 0x05, 0xCE, 0x4C, 0x33, 0xB2, 0x27, 0x1B, 0xFB, 0x5A,
	0xFB, 0x2B, 0xFB, 0x2F, 0xFB, 0x6C, 0x35, 0xA3, 0x3F, 0xB5, 0x4E, 0x1F, 0x32, 0x3A, 0xAF, 0x64,
	0xE1, 0xD9, 0x05, 0x49, 0xC9, 0xE3, 0x64, 0xEF, 0x1B, 0xFB, 0xAA, 0xF8, 0x06, 0x15, 0xF7, 0x47,
	0xF7, 0x0B, 0xF7, 0x11, 0xF7, 0x33, 0xDB, 0xD1, 0x6B, 0x55, 0xBD, 0x1E, 0xFC, 0x43, 0xFC, 0x1E,
	0x05, 0x6D, 0xBC, 0x7A, 0xC7, 0xCE, 0x1A, 0xF7, 0xAA, 0xFB, 0xC4, 0x15, 0x3B, 0x45, 0xAB, 0xC1,
	0x5A, 0x1F, 0xF8, 0x43, 0xF8, 0x1E, 0x05, 0xA9, 0x5A, 0x9C, 0x50, 0x47, 0x1A, 0xFB, 0x46, 0xFB,
	0x0B, 0xFB, 0x12, 0xFB, 0x34, 0x1E, 0x0E, 0xF7, 0x91, 0xC3, 0xF7, 0xAE, 0x15, 0x23, 0xD6, 0x42,
	0xF3, 0xDC, 0xC4, 0xB5, 0xE1, 0xC4, 0x1E, 0x35, 0xC3, 0xC4, 0x61, 0xDC, 0x1B, 0xF3, 0xD6, 0xD4,
	0xF3, 0xF2, 0x41, 0xD5, 0x22, 0x3A, 0x52, 0x60, 0x35, 0x53, 0x1F, 0xE1, 0x52, 0x52, 0xB6, 0x3A,
	0x1B, 0x22, 0x41, 0x41, 0x24, 0x1F, 0xCE, 0x16, 0xD0, 0xB8, 0xB8, 0xD2, 0xC3, 0xBC, 0x66, 0x3E,
	0xB5, 0x1E, 0x3D, 0x61, 0x5A, 0x66, 0x53, 0x1B, 0x45, 0x5D, 0xB8, 0xD1, 0x1F, 0xF7, 0xF2, 0x16,
	0xD8, 0xB5, 0xBC, 0xB0, 0xC3, 0x1B, 0xD2, 0xB8, 0x5E, 0x46, 0x45, 0x5D, 0x5E, 0x45, 0x53, 0x5A,
	0xB0, 0xD9, 0x61, 0x1F, 0x0E, 0xFB, 0x7F, 0xF5, 0x7D, 0x15, 0xCC, 0xBC, 0xBD, 0xCE, 0x1F, 0xF8,
	0x96, 0x07, 0xAA, 0x9F, 0x9F, 0xA6, 0x1E, 0xD5, 0xC9, 0x3F, 0x06, 0x4A, 0x5A, 0x5A, 0x48, 0x1F,
	0xFC, 0x96, 0x07, 0x6C, 0x77, 0x77, 0x70, 0x1E, 0x41, 0x4C, 0x06, 0x0E, 0xC5, 0xF9, 0x02, 0x16,
	0xC7, 0x07, 0xFB, 0x8C, 0xF9, 0x24, 0x05, 0x35, 0x06, 0xFB, 0x8A, 0xFD, 0x21, 0x05, 0x4C, 0x07,
	0xF7, 0xAC, 0xF9, 0x00, 0x15, 0x8D, 0x90, 0x90, 0x98, 0x8C, 0x91, 0x8D, 0x85, 0x8E, 0x81, 0x8E,
	0x83, 0xF7, 0x68, 0xFC, 0xC4, 0x18, 0xFC, 0x49, 0x06, 0x0E, 0xCE, 0xF7, 0x33, 0x16, 0xF9, 0x1E,
	0xF7, 0xF6, 0xFD, 0x1E, 0xD3, 0xF9, 0x60, 0xFC, 0x86, 0x3C, 0x1D, 0x42, 0xF8, 0x7F, 0x16, 0xCD,
	0xFC, 0x16, 0x07, 0xF7, 0x78, 0xF7, 0xB6, 0xFB, 0x78, 0xF7, 0xBA, 0x05, 0xF8, 0x16, 0xCD, 0xFC,
	0x65, 0x40, 0x06, 0xF7, 0x72, 0xFB, 0xAF, 0xFB, 0x72, 0xFB, 0xAF, 0x05, 0x40, 0x07, 0x0E, 0xE3,
	0xF7, 0x5A, 0x16, 0xCD, 0x06, 0xF7, 0x8F, 0xF9, 0x20, 0x05, 0xF7, 0x23, 0xCC, 0xFB, 0x53, 0x06,
	0xFB, 0x80, 0xFD, 0x0A, 0xFB, 0x32, 0xF8, 0x20, 0x05, 0x42, 0x06, 0x0E, 0x56, 0xF7, 0x1B, 0xFB,
	0x67, 0x15, 0x87, 0xF7, 0x90, 0x05, 0x6C, 0xA3, 0xB6, 0x75, 0xBF, 0x1B, 0xD6, 0xC7, 0xB1, 0xC3,
	0xA6, 0x1F, 0x94, 0x39, 0x05, 0xC7, 0xF8, 0x78, 0x46, 0xFB, 0x95, 0x06, 0xFB, 0x07, 0x54, 0x4D,
	0x2E, 0x3E, 0x58, 0xB4, 0xF7, 0x07, 0x1E, 0xF7, 0xAB, 0x45, 0xFD, 0x4C, 0x07, 0x0E, 0x9B, 0xC4,
	0xF7, 0x89, 0x15, 0xFB, 0x2B, 0xF7, 0x02, 0x21, 0xF7, 0x1F, 0xF7, 0x29, 0xF7, 0x02, 0xF7, 0x00,
	0xF7, 0x47, 0xF7, 0x46, 0x3C, 0xF7, 0x1D, 0xFB, 0x34, 0xF7, 0x1C, 0x1E, 0x32, 0x06, 0xF7, 0x15,
	0xFB, 0x03, 0xD3, 0x3B, 0xB4, 0xFB, 0x0B, 0x08, 0xC1, 0x61, 0x4B, 0xA8, 0x48, 0x1B, 0xFB, 0x1D,
	0xFB, 0x04, 0xFB, 0x00, 0xFB, 0x26, 0x1F, 0xD1, 0x8A, 0x15, 0xF7, 0x03, 0xD9, 0xDD, 0xF7, 0x01,
	0xF5, 0xD6, 0x3C, 0xFB, 0x02, 0xFB, 0x08, 0x3D, 0x39, 0xFB, 0x00, 0x21, 0x3F, 0xDB, 0xF7, 0x06,
	0x1E, 0x0E, 0xF7, 0xC3, 0x4D, 0x0A, 0x4F, 0x84, 0x0A, 0x0E, 0xF9, 0x44, 0x4D, 0x0A, 0xF8, 0x15,
	0x16, 0xF2, 0x41, 0xD6, 0x25, 0x25, 0x42, 0x40, 0x24, 0x24, 0xD4, 0x41, 0xF1, 0xF1, 0xD5, 0xD5,
	0xF2, 0x1E, 0xFC, 0x51, 0x84, 0x0A, 0xF8, 0x15, 0x16, 0x45, 0x5B, 0x5A, 0x47, 0x48, 0x5B, 0xBC,
	0xD1, 0xD2, 0xBA, 0xBC, 0xCF, 0xD0, 0xBA, 0x5A, 0x44, 0x1E, 0x0E, 0xF7, 0x20, 0xF1, 0xF8, 0x1E,
	0x15, 0xF7, 0x86, 0xF7, 0x80, 0x05, 0xFD, 0x0A, 0xC6, 0xF9, 0x0A, 0x07, 0xF7, 0x85, 0xFB, 0x80,
	0xB5, 0xB6, 0xFB, 0xCD, 0xF7, 0xC7, 0xFB, 0xCD, 0xFB, 0xC7, 0x05, 0x0E, 0xF7, 0x7B, 0xF7, 0xE7,
	0xF9, 0x25, 0x15, 0xF7, 0xE4, 0x06, 0xFC, 0xFB, 0xFC, 0xFC, 0xB5, 0x62, 0xF8, 0xFB, 0xF8, 0xFB,
	0x05, 0xFB, 0xE4, 0xC7, 0xF8, 0x49, 0xFC, 0x4A, 0x07, 0x0E, 0xF7, 0xC6, 0xF8, 0x89, 0xF8, 0xC7,
	0x15, 0xF7, 0x81, 0xFB, 0x83, 0x05, 0xFD, 0x3A, 0x51, 0xF9, 0x3A, 0x06, 0xFB, 0x81, 0xFB, 0x83,
	0xB4, 0x62, 0xF7, 0xCA, 0xF7, 0xC9, 0xFB, 0xCA, 0xF7, 0xC9, 0x05, 0x0E, 0xF7, 0x79, 0xF9, 0x60,
	0xF8, 0x4C, 0x15, 0x8A, 0xFB, 0xE5, 0xFC, 0xFA, 0xF8, 0xF9, 0x62, 0x62, 0xF8, 0xFA, 0xFC, 0xFA,
	0x05, 0xFB, 0xE5, 0x50, 0xF8, 0x4A, 0xF8, 0x49, 0x06, 0x0E, 0xF7, 0x18, 0xF9, 0x11, 0xF7, 0x8C,
	0x15, 0xFB, 0x82, 0xFB, 0x82, 0x05, 0xF9, 0x5C, 0x50, 0xFD, 0x5C, 0x07, 0xFB, 0x82, 0xF7, 0x82,
	0x61, 0x61, 0xF7, 0xC9, 0xFB, 0xCA, 0xF7, 0xC9, 0xF7, 0xCA, 0x05, 0x0E, 0xF7, 0x7C, 0xF8, 0x86,
	0xC5, 0x15, 0xFB, 0xE5, 0x8C, 0xF8, 0xFD, 0xF8, 0xFC, 0x61, 0xB5, 0xFC, 0xFC, 0xFC, 0xFD, 0x05,
	0xF7, 0xE5, 0x4F, 0xFC, 0x4A, 0xF8, 0x4A, 0x07, 0x0E, 0xF7, 0xC6, 0xF8, 0x30, 0x7E, 0x15, 0xFB,
	0x82, 0xF7, 0x82, 0x05, 0xF9, 0x3A, 0xC6, 0xFD, 0x3A, 0x06, 0xF7, 0x82, 0xF7, 0x83, 0x61, 0xB4,
	0xFB, 0xCA, 0xFB, 0xCA, 0xF7, 0xCA, 0xFB, 0xC9, 0x05, 0x0E, 0xF7, 0x75, 0xC7, 0xF9, 0x60, 0x15,
	0xFC, 0x4A, 0xC6, 0xF7, 0xE5, 0x07, 0xF8, 0xF7, 0xFC, 0xFB, 0xB4, 0xB4, 0xFC, 0xF6, 0xF8, 0xFB,
	0xF7, 0xE5, 0x8C, 0x05, 0xC6, 0x07, 0x0E, 0xF8, 0x54, 0xC7, 0xF7, 0x94, 0x15, 0xF7, 0x6E, 0xFB,
	0x70, 0x05, 0xE1, 0x07, 0x25, 0xF3, 0xF7, 0x7A, 0x8C, 0x05, 0x8A, 0x07, 0xF8, 0x6B, 0x8C, 0x28,
	0x25, 0x05, 0x32, 0x07, 0xF7, 0x6C, 0xF7, 0x71, 0xFB, 0x6D, 0xF7, 0x6F, 0x05, 0x34, 0x07, 0xF0,
	0x25, 0xFB, 0x78, 0x8C, 0x05, 0xFB, 0x8A, 0x8A, 0x06, 0xFB, 0x77, 0x8A, 0xEF, 0xF1, 0x05, 0xE3,
	0x07, 0x0E, 0x5C, 0xF7, 0xAB, 0xFB, 0x37, 0x15, 0xF7, 0x70, 0xF7, 0x6D, 0x05, 0x33, 0x06, 0x25,
	0x27, 0x05, 0xF9, 0x51, 0x07, 0xF1, 0x27, 0x05, 0xE3, 0x06, 0xFB, 0x70, 0xF7, 0x6C, 0xFB, 0x6F,
	0xFB, 0x6C, 0x05, 0xE1, 0x06, 0xF2, 0xEF, 0x8A, 0xFB, 0x78, 0x05, 0xFB, 0x89, 0x07, 0x8C, 0xFB,
	0x78, 0x24, 0xEF, 0x05, 0x35, 0x06, 0x0E, 0xF7, 0xBA, 0x3A, 0x0A, 0x0E, 0xF7, 0xBA, 0x3A, 0x0A,
	0xCB, 0x04, 0xFB, 0x48, 0xFB, 0x26, 0xF7, 0x26, 0xF7, 0x48, 0xF7, 0x48, 0xF7, 0x26, 0xF7, 0x27,
	0xF7, 0x48, 0xF7, 0x47, 0xF7, 0x28, 0xFB, 0x28, 0xFB, 0x47, 0xFB, 0x48, 0xFB, 0x27, 0xFB, 0x26,
	0xFB, 0x48, 0x1F, 0x0E, 0x89, 0xF8, 0xB4, 0xF7, 0xF7, 0x15, 0xFB, 0x63, 0xF7, 0xF7, 0x05, 0x44,
	0x06, 0xFB, 0x62, 0xFB, 0xF7, 0xF7, 0x62, 0xFB, 0xF7, 0x05, 0xD2, 0x06, 0xF7, 0x1A, 0xF7, 0xF7,
	0x15, 0xFB, 0x3D, 0xFB, 0xB9, 0xFB, 0x3D, 0xF7, 0xB9, 0xF7, 0x3D, 0xF7, 0xB9, 0x05, 0x0E, 0xF7,
	0x74, 0xBE, 0x1D, 0x0E, 0xF7, 0x74, 0xBE, 0x1D, 0xF9, 0x1E, 0x4F, 0x15, 0xFC, 0xE2, 0xFC, 0xE2,
	0xF8, 0xE2, 0x07, 0x0E, 0xF7, 0xFC, 0xC7, 0x16, 0xF9, 0xE2, 0x06, 0xFC, 0x3B, 0xF9, 0x5A, 0x05,
	0x0E, 0xF7, 0xFE, 0xF8, 0x78, 0xF9, 0x5C, 0x15, 0xFC, 0x3C, 0xFD, 0x5B, 0x05, 0xF9, 0xE4, 0x06,
	0xFD, 0x79, 0xC6, 0x15, 0xF7, 0xD1, 0xF8, 0xA7, 0xF7, 0xD0, 0xFC, 0xA7, 0x05, 0x0E, 0xF7, 0xBA,
	0x3A, 0x0A, 0xFB, 0xDA, 0xF8, 0x1A, 0x15, 0xF7, 0x3F, 0xF7, 0x17, 0xF7, 0x21, 0xF7, 0x3B, 0x99,
	0x1E, 0xFB, 0xB3, 0x07, 0xFB, 0xA0, 0xFB, 0x43, 0x05, 0x78, 0xB5, 0x80, 0xB9, 0xBB, 0x1A, 0xF9,
	0x21, 0x16, 0x5B, 0x80, 0x5D, 0x79, 0x62, 0x1E, 0xFB, 0xA0, 0xF7, 0x42, 0x05, 0xF7, 0xB3, 0x07,
	0xF7, 0x39, 0x7B, 0xF7, 0x18, 0xFB, 0x21, 0xFB, 0x3D, 0x1A, 0xFC, 0xE7, 0xFB, 0x4E, 0x15, 0xF7,
	0x84, 0xF7, 0x2F, 0x05, 0xFB, 0xBA, 0x07, 0x28, 0x94, 0x34, 0xC0, 0x55, 0xD8, 0x08, 0xF7, 0xBE,
	0xF7, 0x2F, 0x15, 0xF7, 0x83, 0xFB, 0x2E, 0x55, 0x3E, 0x35, 0x55, 0x28, 0x82, 0x19, 0x0E, 0xF7,
	0x1B, 0xF7, 0x8B, 0x92, 0x15, 0xF8, 0x13, 0xF8, 0x60, 0x57, 0xB5, 0xFB, 0xE2, 0xFC, 0x27, 0xFB,
	0x3B, 0xF7, 0x48, 0x5D, 0x5C, 0x05, 0x0E, 0xF7, 0xC1, 0xF7, 0x94, 0xF7, 0x70, 0x15, 0x3A, 0xC6,
	0x59, 0xEA, 0xD7, 0xC9, 0xAD, 0xC4, 0xA7, 0x1E, 0x4F, 0x91, 0xB4, 0x6C, 0xD0, 0x1B, 0xF0, 0xD3,
	0xF0, 0xF7, 0x21, 0xF7, 0x7C, 0xFB, 0x40, 0xF7, 0x3A, 0xFB, 0x83, 0xFB, 0x7D, 0xFB, 0x47, 0xFB,
	0x47, 0xFB, 0x7D, 0xFB, 0x80, 0xF7, 0x46, 0xFB, 0x47, 0xF7, 0x7E, 0xEB, 0xE2, 0xAA, 0xC4, 0xD3,
	0x1F, 0x6F, 0xB4, 0x05, 0x57, 0x4B, 0x3C, 0x70, 0x37, 0x1B, 0xFB, 0x5F, 0xFB, 0x2F, 0xF7, 0x32,
	0xF7, 0x63, 0xF7, 0x60, 0xF7, 0x30, 0xF7, 0x32, 0xF7, 0x5E, 0xF7, 0x64, 0xF7, 0x29, 0xFB, 0x25,
	0xFB, 0x5F, 0xFB, 0x08, 0x5D, 0x3C, 0x47, 0x62, 0x76, 0xA0, 0xB2, 0x1F, 0xF7, 0x53, 0x07, 0xF7,
	0x00, 0x48, 0xC8, 0xFB, 0x05, 0xFB, 0x03, 0x42, 0x50, 0x33, 0x1E, 0xC7, 0x06, 0xC6, 0xB8, 0xAE,
	0xD7, 0xDB, 0xB2, 0x65, 0x3E, 0x1E, 0x7C, 0x07, 0xFB, 0x27, 0x80, 0x05, 0x20, 0x82, 0x4E, 0x55,
	0x3C, 0x1A, 0xCB, 0x8C, 0x15, 0xC2, 0xB4, 0xAA, 0xD9, 0x92, 0x1E, 0xF7, 0x18, 0x95, 0x05, 0x75,
	0x07, 0x27, 0x53, 0x4F, 0x30, 0x48, 0x66, 0xA7, 0xBE, 0x1E, 0x0E, 0xD7, 0xF8, 0xDF, 0x16, 0xDD,
	0x06, 0x20, 0xF7, 0x0F, 0x05, 0xAE, 0xC2, 0x9E, 0xD0, 0xDB, 0x1A, 0x48, 0x06, 0x4F, 0x80, 0x57,
	0x77, 0x61, 0x1E, 0xFB, 0x57, 0xF7, 0x75, 0x05, 0xEA, 0xCB, 0xB0, 0xC2, 0xD2, 0x1A, 0xDF, 0x4C,
	0xC3, 0x2F, 0x2A, 0x4A, 0x4F, 0x35, 0x56, 0xA5, 0x60, 0xCC, 0x3F, 0x1E, 0xFB, 0x15, 0x45, 0x55,
	0x48, 0x30, 0x1A, 0xFB, 0x0A, 0xED, 0x3E, 0xF7, 0x2B, 0xE9, 0xD9, 0xAA, 0xC3, 0xC3, 0x1E, 0xFB,
	0x81, 0xF8, 0x03, 0x15, 0x4A, 0xD6, 0x7B, 0xA9, 0xAF, 0x1A, 0xC1, 0xAF, 0xAD, 0xC5, 0xC3, 0xAD,
	0x6B, 0x57, 0x53, 0x6B, 0x5D, 0x45, 0x5F, 0x1E, 0xFB, 0x3E, 0xFB, 0x92, 0x15, 0xD4, 0xB3, 0xBD,
	0xF7, 0x00, 0xC7, 0x1E, 0xF7, 0x6E, 0xFB, 0x8D, 0x05, 0x5B, 0x60, 0x4D, 0x72, 0x3C, 0x1B, 0xFB,
	0x06, 0x47, 0xBF, 0xE2, 0x1F, 0x0E, 0x69, 0xA8, 0xF8, 0x98, 0x15, 0xFB, 0x14, 0xDE, 0x40, 0xF4,
	0x1E, 0xC2, 0xFC, 0x0F, 0xCB, 0xF9, 0xA2, 0xFB, 0x0B, 0x06, 0x22, 0x38, 0x41, 0xFB, 0x12, 0x1F,
	0xF8, 0x48, 0xFC, 0xDC, 0x15, 0xF9, 0xA4, 0x5D, 0xFD, 0xA4, 0x07, 0x0E, 0xFB, 0x20, 0xF8, 0x3F,
	0xF7, 0xFE, 0x15, 0xD0, 0x65, 0xB7, 0x36, 0x9D, 0x1E, 0x29, 0xA0, 0x05, 0x56, 0x97, 0x70, 0xA7,
	0xB0, 0x1A, 0xC0, 0x49, 0x0A, 0x52, 0x8E, 0x1E, 0xCD, 0x06, 0xE5, 0x88, 0x49, 0xC4, 0x25, 0x1B,
	0x23, 0x45, 0x53, 0x39, 0x57, 0xA5, 0x63, 0xC2, 0x75, 0x1F, 0x4B, 0x77, 0x65, 0x5B, 0x55, 0x1A,
	0x47, 0xAF, 0x5F, 0xE1, 0x78, 0x1E, 0xEE, 0x76, 0x05, 0xC0, 0x7F, 0xA6, 0x6F, 0x66, 0x1A, 0x56,
	0x65, 0x6E, 0x46, 0x4B, 0x63, 0xAD, 0xC3, 0x89, 0x1E, 0x49, 0x06, 0x31, 0x8D, 0xCD, 0x53, 0xF2,
	0x1B, 0xF2, 0xD2, 0xC2, 0xDD, 0xBF, 0x70, 0xB3, 0x54, 0xA1, 0x1F, 0xCC, 0x9F, 0xB1, 0xBB, 0xC1,
	0x1A, 0x48, 0x88, 0x15, 0x54, 0x5F, 0x69, 0x38, 0x38, 0x5E, 0xAD, 0xC2, 0xC2, 0xB8, 0xAD, 0xDE,
	0xDE, 0xB7, 0x69, 0x54, 0x1E, 0x0E, 0xF7, 0x67, 0xF8, 0x2C, 0x7D, 0x15, 0xF7, 0x65, 0xF7, 0x34,
	0xF7, 0x36, 0xF7, 0x66, 0xF7, 0x65, 0xFB, 0x35, 0xF7, 0x36, 0xFB, 0x64, 0xFB, 0x63, 0xFB, 0x35,
	0xFB, 0x36, 0xFB, 0x65, 0xFB, 0x66, 0xF7, 0x34, 0xFB, 0x36, 0xF7, 0x64, 0x1F, 0xBC, 0x04, 0xFB,
	0x48, 0xFB, 0x1B, 0xF7, 0x1F, 0xF7, 0x4C, 0xF7, 0x4B, 0xF7, 0x1C, 0xF7, 0x1F, 0xF7, 0x47, 0xF7,
	0x48, 0xF7, 0x1C, 0xFB, 0x1E, 0xFB, 0x4C, 0xFB, 0x4C, 0xFB, 0x1B, 0xFB, 0x1F, 0xFB, 0x49, 0x1F,
	0xFB, 0x4B, 0xF7, 0xD5, 0x15, 0xFB, 0x0A, 0xD8, 0x39, 0xF7, 0x02, 0xE1, 0xD0, 0xBE, 0xD9, 0x9D,
	0x1E, 0x4F, 0x06, 0x5B, 0x7B, 0x63, 0x70, 0x52, 0x1B, 0x3F, 0x57, 0xC6, 0xE3, 0xE2, 0xC1, 0xC8,
	0xDA, 0xC2, 0xB0, 0x71, 0x59, 0x99, 0x1F, 0xC8, 0x06, 0xDA, 0x7B, 0x4A, 0xBE, 0x34, 0x1B, 0xFB,
	0x05, 0x3D, 0x38, 0xFB, 0x0C, 0x1F, 0x0E, 0xFB, 0x12, 0x56, 0x0A, 0x60, 0xC6, 0x15, 0xDF, 0xBF,
	0x07, 0xB7, 0x37, 0x05, 0xB1, 0x06, 0x59, 0xE7, 0x05, 0xA9, 0x95, 0x9B, 0xA3, 0xA9, 0x1A, 0xB5,
	0x6C, 0xA4, 0x5A, 0x1E, 0x37, 0xFB, 0x73, 0x06, 0xF7, 0x14, 0xF7, 0x2E, 0x15, 0x72, 0x7A, 0x7D,
	0x6F, 0x1E, 0x5A, 0xD7, 0xBC, 0x06, 0xA7, 0x9C, 0x7F, 0x72, 0x1F, 0x0E, 0xFB, 0x12, 0x56, 0x0A,
	0x6C, 0xC2, 0x15, 0xD1, 0xBC, 0x07, 0xBD, 0xAA, 0xA8, 0xBB, 0xBA, 0x6B, 0xA7, 0x5A, 0x1F, 0x38,
	0xFB, 0x72, 0x06, 0xAD, 0xF7, 0x52, 0x15, 0xBB, 0x06, 0xA8, 0x9C, 0x7D, 0x6D, 0x6D, 0x7A, 0x7D,
	0x6E, 0x1F, 0x5B, 0x06, 0x0E, 0xA9, 0xF7, 0x0C, 0xF9, 0x3B, 0x15, 0xFB, 0x85, 0xB3, 0xF7, 0x85,
	0xE9, 0xB0, 0xFB, 0x78, 0x66, 0x07, 0xF7, 0xC2, 0xFB, 0x85, 0x15, 0xF7, 0x54, 0x07, 0xE2, 0xFB,
	0x54, 0x05, 0xB0, 0x06, 0xE1, 0xF7, 0x57, 0x05, 0xFB, 0x57, 0xB1, 0xF7, 0xAA, 0x65, 0x07, 0x23,
	0xFB, 0x80, 0x21, 0xF7, 0x80, 0x05, 0x65, 0xFB, 0xAA, 0x06, 0x0E, 0xFB, 0xEB, 0xF7, 0x8D, 0xF8,
	0xF7, 0x15, 0xCF, 0x58, 0xBD, 0x49, 0x48, 0x58, 0x59, 0x47, 0x48, 0xBE, 0x59, 0xCE, 0xCD, 0xBE,
	0xBD, 0xCE, 0x1E, 0x5A, 0x16, 0x62, 0x6F, 0x6E, 0x63, 0x62, 0x6F, 0xA8, 0xB4, 0xB4, 0xA7, 0xA9,
	0xB4, 0xB3, 0xA7, 0x6E, 0x61, 0x1E, 0x0E, 0xFB, 0xBB, 0xF7, 0x13, 0x36, 0x15, 0xC4, 0xFA, 0x02,
	0x52, 0x06, 0x0E, 0xFB, 0xBB, 0xF7, 0x4C, 0xF9, 0xAD, 0x15, 0x52, 0xFB, 0xFC, 0xC4, 0x06, 0x52,
	0xFC, 0x9A, 0x15, 0xC4, 0xF7, 0xFC, 0x52, 0x06, 0x0E, 0xFB, 0xC8, 0xF7, 0x10, 0xF7, 0xA2, 0x15,
	0xBD, 0xF7, 0xBE, 0xEE, 0xBB, 0x28, 0xEF, 0x59, 0x27, 0x28, 0x5B, 0xEE, 0x06, 0x0E, 0xFB, 0xC7,
	0xF7, 0x10, 0xF7, 0xA2, 0x15, 0xBD, 0xF7, 0x10, 0xEF, 0xBB, 0x27, 0xF2, 0xEE, 0xBB, 0x28, 0xF7,
	0x0F, 0x59, 0xFB, 0x0F, 0x28, 0x5B, 0xEE, 0x24, 0x29, 0x5B, 0xED, 0x06, 0x0E, 0xF7, 0x41, 0xC7,
	0xF7, 0xF5, 0x15, 0xFB, 0x6B, 0xF7, 0x1C, 0xFB, 0x27, 0xF7, 0x60, 0xF7, 0x11, 0xF3, 0xC8, 0xED,
	0xBC, 0x1E, 0x65, 0x99, 0x05, 0x3C, 0x61, 0x2E, 0x55, 0x24, 0x1B, 0x21, 0x37, 0xB6, 0xD5, 0x57,
	0x1F, 0xF7, 0x48, 0xF8, 0xC2, 0x07, 0x8C, 0x9A, 0x8B, 0x9E, 0x9E, 0x1A, 0xF7, 0x62, 0xFB, 0x1C,
	0xF7, 0x0F, 0xFB, 0x55, 0xFB, 0x54, 0xFB, 0x1E, 0xFB, 0x26, 0xFB, 0x67, 0x1E, 0xEF, 0xF7, 0x55,
	0x15, 0xD5, 0xBC, 0xDC, 0xBD, 0xEF, 0x1B, 0xEA, 0xDF, 0x65, 0x47, 0xBD, 0x1F, 0xFB, 0x5C, 0xFC,
	0x5F, 0x07, 0x0E, 0xF9, 0x0D, 0x1C, 0x04, 0xA6, 0xF8, 0x84, 0x15, 0xF7, 0x19, 0x23, 0xF0, 0xFB,
	0x1B, 0xFB, 0x1B, 0x23, 0x25, 0xFB, 0x18, 0xFB, 0x18, 0xF5, 0x21, 0xF7, 0x19, 0xF7, 0x1B, 0xF3,
	0xF2, 0xF7, 0x1B, 0x1E, 0xFE, 0x9B, 0xFC, 0x84, 0x15, 0x30, 0x0A, 0xFA, 0xA0, 0xF8, 0x83, 0x15,
	0x27, 0x41, 0x41, 0x29, 0x2C, 0x3E, 0xD8, 0xEC, 0xED, 0xD5, 0xD4, 0xED, 0xEE, 0xD4, 0x43, 0x28,
	0x1E, 0xB2, 0xFC, 0x07, 0x15, 0xC9, 0xFC, 0x3A, 0x4D, 0x07, 0x0E, 0xFB, 0x0D, 0xF7, 0x1F, 0xF8,
	0x24, 0x15, 0xF3, 0xF7, 0x8E, 0xF2, 0xFB, 0x8E, 0x05, 0xCB, 0x06, 0xFB, 0x19, 0xF7, 0xD0, 0x05,
	0x47, 0x06, 0xFB, 0x19, 0xFB, 0xD0, 0x05, 0x0E, 0xFC, 0x44, 0xF7, 0x11, 0xF9, 0x3F, 0x15, 0xAB,
	0x8E, 0x76, 0x9A, 0x77, 0x1B, 0x77, 0x75, 0x7C, 0x6B, 0x8E, 0x1F, 0x9D, 0xFB, 0x49, 0x05, 0xB5,
	0x06, 0x0E, 0x87, 0xF7, 0xC2, 0xF7, 0x68, 0x15, 0xF7, 0x27, 0xF7, 0x05, 0xF7, 0x06, 0xF7, 0x24,
	0xF7, 0x25, 0xFB, 0x06, 0xF7, 0x06, 0xFB, 0x26, 0xFB, 0x27, 0xFB, 0x07, 0xFB, 0x05, 0xFB, 0x26,
	0xFB, 0x25, 0xF7, 0x07, 0xFB, 0x05, 0xF7, 0x27, 0x1F, 0xB2, 0x04, 0xFB, 0x13, 0x2E, 0xE8, 0xF7,
	0x12, 0xF7, 0x12, 0xE8, 0xE9, 0xF7, 0x13, 0xF7, 0x11, 0xEA, 0x2C, 0xFB, 0x11, 0xFB, 0x10, 0x2C,
	0x2C, 0xFB, 0x11, 0x1F, 0x5B, 0xE2, 0x15, 0xEE, 0xCA, 0x07, 0xBD, 0x28, 0x05, 0xB9, 0x06, 0x52,
	0xF7, 0x01, 0x05, 0xAC, 0x9A, 0x9D, 0xA4, 0xAF, 0x1A, 0xBB, 0x65, 0xAC, 0x53, 0x1E, 0x28, 0xFB,
	0x9E, 0x06, 0xF7, 0x2A, 0xF7, 0x4B, 0x15, 0x6F, 0x76, 0x79, 0x6B, 0x1E, 0x52, 0xE5, 0xC4, 0x06,
	0xAC, 0x9F, 0x7B, 0x6F, 0x1F, 0x0E, 0xFB, 0x82, 0x77, 0x1D, 0xFC, 0x2C, 0x93, 0x1D, 0xFC, 0x18,
	0x87, 0x0A, 0xFC, 0x16, 0xA8, 0x1D, 0xFB, 0xA2, 0x6E, 0x0A, 0xFB, 0xB3, 0xF1, 0xF9, 0x92, 0x20,
	0x1D, 0x0E, 0xFB, 0xB3, 0x7A, 0x0A, 0xFB, 0x9B, 0x6F, 0x0A, 0xFB, 0xCC, 0x78, 0x1D, 0xFB, 0x7F,
	0x5C, 0x0A, 0xFB, 0x92, 0xC7, 0xF9, 0xC9, 0x28, 0x0A, 0x0E, 0xFC, 0x3A, 0xF7, 0x22, 0xF9, 0xBC,
	0x15, 0xA4, 0x77, 0x9D, 0x72, 0x86, 0x86, 0x8A, 0x8A, 0x86, 0x1E, 0x8D, 0xA4, 0x9C, 0x9A, 0xA8,
	0x8A, 0x08, 0xA9, 0x07, 0x60, 0x8D, 0x5F, 0x67, 0x4D, 0x1A, 0x63, 0xA0, 0x74, 0xAA, 0xA5, 0xA0,
	0xA0, 0xA7, 0x1E, 0x0E, 0xFC, 0x3A, 0xF7, 0x1E, 0x39, 0x15, 0xB3, 0x77, 0xA1, 0x6C, 0x70, 0x77,
	0x77, 0x6F, 0x72, 0x9F, 0x79, 0xA3, 0x91, 0x90, 0x8B, 0x8D, 0x90, 0x1E, 0x72, 0x88, 0x7A, 0x7C,
	0x6E, 0x1B, 0x6E, 0x07, 0xB7, 0x89, 0xB6, 0xAE, 0xCA, 0x1A, 0x0E, 0xFC, 0x0D, 0x70, 0x1D, 0x20,
	0xF8, 0x5F, 0xF8, 0xAA, 0x15, 0x4C, 0x06, 0xFB, 0xF8, 0xFC, 0xD3, 0x05, 0xCB, 0x06, 0x0E, 0xFC,
	0x16, 0xA8, 0x1D, 0xFB, 0x9B, 0x6F, 0x0A, 0xFB, 0xB3, 0x7A, 0x0A, 0xFC, 0x0D, 0x70, 0x1D, 0xFB,
	0xB3, 0xF1, 0xF9, 0x92, 0x20, 0x1D, 0x0E, 0xFB, 0x82, 0x77, 0x1D, 0xFC, 0x2C, 0x93, 0x1D, 0xFC,
	0x18, 0x87, 0x0A, 0xFB, 0xA2, 0x6E, 0x0A, 0xFB, 0x92, 0xC7, 0xF9, 0xC9, 0x28, 0x0A, 0x0E, 0xFC,
	0x33, 0xF2, 0x16, 0x67, 0x0A, 0x0E, 0xFB, 0xCC, 0x78, 0x1D, 0xFB, 0x7F, 0x5C, 0x0A, 0xFC, 0x1E,
	0xEF, 0xF7, 0xA9, 0x15, 0xF8, 0xB1, 0xF6, 0xBA, 0xFB, 0x33, 0xFD, 0x0F, 0xF7, 0x33, 0xBA, 0x07,
	0x0E, 0xFC, 0x1E, 0xF7, 0x04, 0xF9, 0xC6, 0x15, 0xFC, 0xB1, 0x20, 0x5C, 0xF7, 0x33, 0xF9, 0x0F,
	0xFB, 0x33, 0x5C, 0x07, 0x0E, 0x1C, 0x04, 0x6D, 0xEF, 0x16, 0xF7, 0x6C, 0xF9, 0x50, 0xFB, 0x6C,
	0x51, 0x1D, 0xF7, 0x98, 0xFD, 0x50, 0x15, 0xF7, 0x6D, 0xF9, 0x50, 0xFB, 0x6D, 0x51, 0x1D, 0xF7,
	0x98, 0xFD, 0x50, 0x15, 0xF7, 0x6D, 0xF9, 0x50, 0xFB, 0x6D, 0x51, 0x1D, 0xFC, 0x59, 0x04, 0xF7,
	0x6C, 0xF7, 0x61, 0xFB, 0x6C, 0x06, 0x0E, 0xF7, 0x2B, 0xF8, 0x42, 0xFA, 0x0F, 0x81, 0x0A, 0xBA,
	0xD8, 0x1E, 0xFC, 0x4F, 0xFC, 0xAD, 0x42, 0x1D, 0xF7, 0x2B, 0xF7, 0xC5, 0xF9, 0x97, 0x20, 0x1D,
	0xFB, 0x5C, 0xFC, 0x35, 0x42, 0x1D, 0xF7, 0x2B, 0x68, 0x1D, 0xF8, 0x1D, 0xFC, 0x59, 0x2F, 0x0A,
	0xF7, 0x2B, 0xF7, 0xFF, 0xF9, 0xAB, 0x27, 0x1D, 0x70, 0x74, 0x73, 0x70, 0x6F, 0x28, 0x1D, 0xFB,
	0xD4, 0xFC, 0x49, 0x42, 0x1D, 0xF7, 0x37, 0xF9, 0x21, 0xFB, 0x18, 0x15, 0xA6, 0xC6, 0xFB, 0x46,
	0xDC, 0x05, 0xF7, 0x1B, 0xBB, 0xE3, 0xF7, 0x17, 0xF7, 0x3F, 0x1A, 0x48, 0x1D, 0x1E, 0x8E, 0x8D,
	0x8B, 0x8E, 0x1B, 0xF7, 0x97, 0xF8, 0x06, 0x15, 0xFB, 0x46, 0xFB, 0x01, 0xFB, 0x0F, 0xFB, 0x32,
	0x72, 0x0A, 0x1E, 0x0E, 0xD3, 0x16, 0x59, 0x1D, 0x52, 0xFB, 0x68, 0x15, 0x84, 0xA4, 0x99, 0x89,
	0xA5, 0x1B, 0xE0, 0xBB, 0xC3, 0xE7, 0x1F, 0xF8, 0xC1, 0x46, 0xFC, 0xBD, 0x4B, 0x0A, 0x7C, 0x7F,
	0x8D, 0x90, 0x77, 0x1E, 0x0E, 0x78, 0xF8, 0x18, 0xF9, 0x31, 0x32, 0x0A, 0xF7, 0x22, 0x49, 0x23,
	0x1D, 0x78, 0xF7, 0xF0, 0xA6, 0x1D, 0xBB, 0x5B, 0xD6, 0xD6, 0xBA, 0xBB, 0xD8, 0x1E, 0xBD, 0xFB,
	0x4E, 0x23, 0x1D, 0x78, 0xF7, 0x74, 0x8A, 0x0A, 0x3F, 0xFB, 0x0D, 0x05, 0xF7, 0xB8, 0x49, 0x23,
	0x1D, 0x78, 0xF7, 0x65, 0xF8, 0xCE, 0x15, 0x91, 0x0A, 0xA2, 0x75, 0xA6, 0x1F, 0xF7, 0x26, 0x16,
	0x91, 0x0A, 0xA1, 0x75, 0xA7, 0x1F, 0xEE, 0x35, 0x23, 0x1D, 0x78, 0xF7, 0xC7, 0xF8, 0xBA, 0x15,
	0x51, 0xF7, 0x0B, 0x05, 0x42, 0x06, 0xD6, 0xFB, 0x0B, 0x05, 0xF7, 0x5F, 0x49, 0x23, 0x1D, 0x78,
	0xF7, 0x3A, 0xF8, 0xF1, 0x47, 0x0A, 0xF7, 0xB4, 0xFB, 0x44, 0x23, 0x1D, 0x78, 0xF8, 0x66, 0x7E,
	0x1D, 0x4E, 0x07, 0x85, 0x26, 0x05, 0xDB, 0x69, 0x44, 0xAD, 0x3D, 0x1B, 0xFB, 0x20, 0x34, 0x20,
	0xFB, 0x26, 0xFB, 0x26, 0xDC, 0xFB, 0x02, 0xF7, 0x23, 0xDD, 0xCD, 0xB1, 0xD4, 0xAE, 0x1F, 0x92,
	0x28, 0x05, 0x81, 0xF7, 0x86, 0x15, 0xFB, 0x04, 0x4D, 0x3B, 0x21, 0xA5, 0x0A, 0x4C, 0x0A, 0xF5,
	0xC7, 0x3B, 0xFB, 0x04, 0x1E, 0x0E, 0x78, 0xF7, 0xAE, 0xF8, 0xB7, 0x15, 0xC8, 0xBA, 0xBA, 0xC8,
	0xC8, 0x5C, 0xBA, 0x4E, 0x4E, 0x5C, 0x5D, 0x4D, 0x4C, 0xB8, 0x5E, 0xCA, 0x1F, 0xBA, 0x04, 0x68,
	0x74, 0xA4, 0xB0, 0xAF, 0xA3, 0xA3, 0xAD, 0xAC, 0xA3, 0x72, 0x68, 0x66, 0x74, 0x72, 0x69, 0x1F,
	0xF7, 0x40, 0xFB, 0x02, 0x23, 0x1D, 0x78, 0xF8, 0x06, 0xF9, 0xB0, 0x15, 0x44, 0x06, 0x51, 0xFB,
	0x06, 0x05, 0xC1, 0x06, 0xF7, 0x33, 0xFB, 0x5A, 0x15, 0x85, 0x26, 0x76, 0xBD, 0x66, 0xAC, 0x60,
	0x9B, 0x19, 0x9E, 0x9F, 0x96, 0xA5, 0xA9, 0xBB, 0x1D, 0x95, 0x71, 0x9B, 0x79, 0x1E, 0x2E, 0x6A,
	0x53, 0x30, 0xFB, 0x09, 0x1A, 0xFB, 0x26, 0xDC, 0xFB, 0x02, 0xF7, 0x23, 0xDD, 0xCD, 0xB1, 0xD4,
	0xAE, 0x1E, 0x92, 0x28, 0x05, 0xCA, 0xF8, 0x78, 0x06, 0xFB, 0x8A, 0x98, 0x15, 0x40, 0x0A, 0xF7,
	0x41, 0xFB, 0x93, 0x58, 0x0A, 0x78, 0xF7, 0x54, 0xF8, 0xCA, 0x5D, 0x1D, 0xC4, 0x1B, 0xC0, 0xA8,
	0xB1, 0xD0, 0x88, 0x1F, 0x5A, 0x06, 0x67, 0x81, 0x79, 0x73, 0x1E, 0x62, 0x40, 0x1D, 0x5B, 0x6E,
	0x63, 0x48, 0x8F, 0x1F, 0xF7, 0xCC, 0x39, 0x23, 0x1D, 0x3E, 0x70, 0x0A, 0xFB, 0xE2, 0xFB, 0xF5,
	0x29, 0x1D, 0x3E, 0x77, 0x0A, 0x30, 0xFB, 0x7D, 0x29, 0x1D, 0x3E, 0xF7, 0xD0, 0xF8, 0xDA, 0x15,
	0xA4, 0x77, 0x9D, 0x73, 0x85, 0x86, 0x8B, 0x89, 0x86, 0x1E, 0x8D, 0xA3, 0x9D, 0x9C, 0xA8, 0x8A,
	0x08, 0xA8, 0x07, 0x5F, 0x8D, 0x5F, 0x68, 0x4C, 0x1A, 0x63, 0xA0, 0x75, 0xAA, 0xA6, 0x9F, 0x9F,
	0xA7, 0x1E, 0xFB, 0x95, 0xFB, 0xA7, 0x29, 0x1D, 0x3E, 0x96, 0x1D, 0xFB, 0x67, 0xFB, 0x91, 0x29,
	0x1D, 0xFB, 0xC5, 0xF7, 0xA5, 0xC8, 0x15, 0xB3, 0x1D, 0xF7, 0x09, 0xDB, 0xC2, 0x3B, 0xF7, 0x14,
	0x42, 0x0A, 0xFB, 0x14, 0x4E, 0x54, 0xC8, 0xFB, 0x0E, 0x07, 0x39, 0xB3, 0x5A, 0xD9, 0x60, 0x1D,
	0x1E, 0x0E, 0xFB, 0xB2, 0xF7, 0x6D, 0xB2, 0x1D, 0xC3, 0xFD, 0x23, 0x5B, 0x0A, 0x0E, 0xFB, 0xB2,
	0xF7, 0x1F, 0x3E, 0x0A, 0x9B, 0xAE, 0x05, 0x8F, 0x06, 0x60, 0x1D, 0x1F, 0x81, 0xC6, 0x05, 0x85,
	0x7B, 0x7B, 0x88, 0x7D, 0x1B, 0x65, 0x71, 0xA1, 0xBF, 0x1F, 0xF7, 0xC0, 0x42, 0x0A, 0xFB, 0xC5,
	0x07, 0x49, 0xA5, 0x5E, 0xBE, 0x7C, 0x1E, 0x70, 0x52, 0x8E, 0x1D, 0xFB, 0xB2, 0x59, 0x0A, 0x61,
	0x26, 0x2F, 0x0A, 0x7C, 0xF7, 0xCC, 0xB2, 0x1D, 0x0E, 0xFB, 0x0A, 0xD3, 0xF8, 0xF4, 0x15, 0x5A,
	0xF7, 0xB5, 0xBC, 0x07, 0x0E, 0xFC, 0x0A, 0x9F, 0xF7, 0xD1, 0x15, 0xF7, 0x55, 0xE7, 0x05, 0xC3,
	0x07, 0xFB, 0x55, 0x2E, 0x05, 0x0E, 0xFB, 0xA3, 0x9F, 0xF7, 0xDB, 0x15, 0xF7, 0xBB, 0xC9, 0xFB,
	0xBB, 0x06, 0x0E, 0xF6, 0x92, 0xF8, 0xB4, 0x15, 0xF9, 0x4F, 0xCB, 0xFD, 0x4F, 0x06, 0x0E, 0xFB,
	0x79, 0x9F, 0xF7, 0xC2, 0x15, 0xF7, 0xE5, 0xF7, 0x35, 0x05, 0xCB, 0x07, 0xFB, 0xE5, 0xFB, 0x35,
	0x05, 0x0E, 0x20, 0xF8, 0xC3, 0xF9, 0x60, 0x15, 0x44, 0x06, 0xFC, 0xB8, 0xFD, 0x60, 0x05, 0xD3,
	0x06, 0x0E, 0xFC, 0x2C, 0xEE, 0xF9, 0xDF, 0x5E, 0x1D, 0xA8, 0x73, 0xA3, 0x70, 0x6E, 0x74, 0x73,
	0x6E, 0x70, 0xA2, 0x74, 0xA8, 0x1F, 0x0E, 0x7E, 0x98, 0xF9, 0xF2, 0x9B, 0xFB, 0x36, 0x99, 0xFB,
	0x8A, 0x99, 0x06, 0xFB, 0x74, 0x98, 0x07, 0xC6, 0x0A, 0xCE, 0x0B, 0xC6, 0x8F, 0x8F, 0x0C, 0x0C,
	0xCE, 0x8E, 0x8D, 0x0C, 0x0D, 0xF7, 0x69, 0x14, 0xF8, 0xF2, 0x15, 0xB1, 0x13, 0x00, 0x87, 0x02,
	0x00, 0x01, 0x00, 0x15, 0x00, 0x1F, 0x00, 0x39, 0x00, 0x41, 0x00, 0x50, 0x00, 0x55, 0x00, 0x5A,
	0x00, 0x61, 0x00, 0x69, 0x00, 0x83, 0x00, 0x92, 0x00, 0x96, 0x00, 0x9A, 0x00, 0xB0, 0x00, 0xB4,
	0x00, 0xBB, 0x00, 0xCE, 0x00, 0xD5, 0x00, 0xDE, 0x00, 0xE3, 0x00, 0xE9, 0x00, 0xEF, 0x01, 0x12,
	0x01, 0x16, 0x01, 0x1A, 0x01, 0x1E, 0x01, 0x44, 0x01, 0x47, 0x01, 0x4B, 0x01, 0x64, 0x01, 0x7C,
	0x01, 0x83, 0x01, 0x91, 0x01, 0x98, 0x01, 0xA6, 0x01, 0xAB, 0x01, 0xB7, 0x01, 0xC1, 0x01, 0xCA,
	0x01, 0xD2, 0x01, 0xD9, 0x01, 0xE0, 0x01, 0xE6, 0x01, 0xEC, 0x01, 0xF2, 0x02, 0x1B, 0x02, 0x45,
	0x02, 0x6C, 0x02, 0x72, 0x02, 0x88, 0x02, 0xA7, 0x02, 0xCA, 0x03, 0x04, 0x03, 0x3B, 0x03, 0x6D,
	0x03, 0x73, 0x03, 0x84, 0x03, 0x8A, 0x03, 0x90, 0x03, 0xA2, 0x03, 0xB9, 0x03, 0xDA, 0x04, 0x00,
	0x04, 0x27, 0x04, 0x2C, 0x04, 0x52, 0x04, 0x77, 0x04, 0x9C, 0x04, 0xB0, 0x04, 0xBC, 0x04, 0xE0,
	0x04, 0xF4, 0x05, 0x15, 0x05, 0x23, 0x05, 0x28, 0x05, 0x42, 0x05, 0x58, 0x05, 0x75, 0x05, 0x8E,
	0x05, 0x98, 0x05, 0x9F, 0x05, 0xB6, 0x05, 0xC9, 0x05, 0xD4, 0x05, 0xEB, 0x05, 0xF0, 0x05, 0xF7,
	0x05, 0xFE, 0x06, 0x15, 0x06, 0x2C, 0x06, 0x33, 0x06, 0x39, 0x06, 0x49, 0x06, 0x55, 0x06, 0x69,
	0x06, 0x6D, 0x06, 0x80, 0x06, 0x93, 0x06, 0x98, 0x06, 0xA7, 0x06, 0xB2, 0x06, 0xBC, 0x06, 0xC4,
	0x06, 0xCB, 0x06, 0xDC, 0x06, 0xE7, 0x06, 0xF8, 0x07, 0x08, 0x07, 0x18, 0x07, 0x27, 0x07, 0x36,
	0x07, 0x45, 0x07, 0x4B, 0x07, 0x59, 0x07, 0x65, 0x07, 0x72, 0x07, 0x7D, 0x07, 0x89, 0x07, 0x95,
	0x07, 0x9F, 0x07, 0xAA, 0x07, 0xB5, 0x07, 0xC0, 0x07, 0xCB, 0x07, 0xD6, 0x07, 0xE0, 0x07, 0xEA,
	0x07, 0xF4, 0x07, 0xF8, 0x08, 0x02, 0x08, 0x0B, 0x08, 0x14, 0x08, 0x1D, 0x08, 0x23, 0x08, 0x29,
	0xAB, 0x1D, 0xF7, 0x14, 0x39, 0xC3, 0xFB, 0x04, 0xFB, 0x0B, 0x3B, 0x4C, 0x29, 0x1E, 0x8A, 0x1D,
	0x9B, 0xC3, 0x49, 0x1D, 0x15, 0xF7, 0x06, 0xD6, 0xC2, 0xF1, 0xA5, 0x1F, 0x53, 0x0A, 0x15, 0x48,
	0x1D, 0xF7, 0x5C, 0xF7, 0x21, 0xF7, 0x2D, 0xF7, 0x6D, 0x1E, 0x41, 0x16, 0xFB, 0x46, 0xFB, 0x01,
	0xFB, 0x0F, 0xFB, 0x32, 0x72, 0x0A, 0x1E, 0x0E, 0x15, 0x83, 0x1D, 0xC7, 0xF8, 0x78, 0x06, 0x0E,
	0x15, 0xCD, 0xFB, 0xF9, 0xF7, 0x99, 0xF7, 0xD7, 0xCC, 0xFB, 0xD7, 0x39, 0x1D, 0x3C, 0x1D, 0xF9,
	0x96, 0x20, 0x1D, 0x0B, 0xF8, 0xB0, 0x20, 0x1D, 0x0B, 0x15, 0x43, 0xFD, 0x60, 0xD3, 0x06, 0x0E,
	0x15, 0xF7, 0x7C, 0xC2, 0xFB, 0x7C, 0x06, 0x0B, 0x15, 0xFB, 0x27, 0xF3, 0x20, 0xF7, 0x22, 0x5B,
	0x1D, 0xF7, 0x28, 0x23, 0xF6, 0xFB, 0x22, 0xFB, 0x22, 0x23, 0x20, 0xFB, 0x28, 0x1E, 0xD1, 0x8C,
	0x74, 0x0A, 0x15, 0xE2, 0x06, 0xD7, 0xF7, 0x0E, 0x05, 0x4D, 0x06, 0x52, 0x33, 0x51, 0xE3, 0x05,
	0x0B, 0xFB, 0x0B, 0x05, 0x0B, 0xFB, 0xBE, 0x29, 0x0A, 0x15, 0xF7, 0x2E, 0xF7, 0x11, 0xE6, 0xF7,
	0x1B, 0xAC, 0x1F, 0x75, 0x1D, 0xFB, 0x70, 0xF7, 0x1C, 0xFB, 0x29, 0xF7, 0x5C, 0x1F, 0x0E, 0xFC,
	0x9D, 0x26, 0x1D, 0x6D, 0x0A, 0xB7, 0x89, 0xB6, 0x30, 0x1D, 0xF8, 0xE8, 0x07, 0xF8, 0x1F, 0xFC,
	0xE8, 0x05, 0xD2, 0xF9, 0x60, 0x44, 0xFC, 0xE8, 0x06, 0xC4, 0x1D, 0x06, 0x0B, 0xF7, 0x33, 0xF9,
	0x60, 0x9A, 0x0A, 0x0B, 0x15, 0x43, 0x06, 0x4F, 0x2B, 0x0A, 0xC3, 0x06, 0x0B, 0x15, 0x51, 0xA1,
	0x0A, 0x0B, 0x61, 0xFB, 0x01, 0x1F, 0x2D, 0x0B, 0x1A, 0x63, 0xA8, 0x6E, 0xB7, 0x0B, 0x15, 0x29,
	0xC6, 0x4B, 0xF7, 0x04, 0x70, 0x1E, 0x78, 0x0A, 0xFB, 0x09, 0x94, 0xE9, 0x42, 0xF7, 0x1F, 0x1B,
	0xF7, 0x28, 0xEB, 0xDA, 0xF7, 0x10, 0xEC, 0x51, 0xCB, 0xFB, 0x04, 0xA6, 0x1F, 0x63, 0x0A, 0x1F,
	0x0E, 0xFD, 0x96, 0x6B, 0x1D, 0xFD, 0x83, 0x43, 0x1D, 0x15, 0x7B, 0x1D, 0x0E, 0xF8, 0x56, 0x52,
	0x15, 0xF7, 0x6B, 0xF7, 0x43, 0xF7, 0x43, 0xF7, 0x6B, 0xF7, 0x6B, 0xFB, 0x43, 0xF7, 0x43, 0xFB,
	0x6B, 0xFB, 0x6A, 0xFB, 0x44, 0xFB, 0x43, 0xFB, 0x6B, 0xFB, 0x6B, 0xF7, 0x43, 0xFB, 0x43, 0xF7,
	0x6B, 0x1F, 0x0B, 0x28, 0x81, 0x1D, 0x15, 0x30, 0x0A, 0x0E, 0x15, 0xC5, 0xFB, 0xAD, 0x07, 0xF7,
	0xAD, 0xF8, 0x06, 0x05, 0xC3, 0xFC, 0x01, 0x51, 0xF7, 0xAC, 0x07, 0xFB, 0xAC, 0xFC, 0x07, 0x05,
	0x54, 0x07, 0x0E, 0xFB, 0x3C, 0x15, 0x80, 0x9C, 0x9F, 0x87, 0xA4, 0x1B, 0xBA, 0xB5, 0xA4, 0xBF,
	0xB6, 0x6C, 0xA2, 0x65, 0x81, 0x82, 0x89, 0x88, 0x81, 0x1F, 0x0B, 0xF9, 0x96, 0x2A, 0x0A, 0x4D,
	0x06, 0x0B, 0x68, 0x74, 0xA4, 0xAF, 0xAF, 0xA3, 0xA4, 0xAD, 0xAC, 0x5A, 0x1D, 0x69, 0x1F, 0x0B,
	0xF9, 0x27, 0x22, 0x1D, 0xC4, 0x06, 0x0B, 0xF7, 0x08, 0xC5, 0xFB, 0x08, 0xF7, 0x2D, 0x46, 0xFB,
	0x2D, 0x3F, 0x51, 0xD7, 0x0B, 0xF8, 0xB0, 0x52, 0x1D, 0x0B, 0x8E, 0x9F, 0xA5, 0xB8, 0xD4, 0xD9,
	0x2A, 0xEE, 0x1B, 0xD7, 0xBB, 0x0B, 0x15, 0xB0, 0xAA, 0x9E, 0xB2, 0xB3, 0xAA, 0x78, 0x66, 0x0B,
	0x1B, 0xFB, 0x22, 0x23, 0x20, 0xFB, 0x28, 0x1F, 0x0B, 0x15, 0xF7, 0x7B, 0xC2, 0xFB, 0x7B, 0x06,
	0x0B, 0x2C, 0xF7, 0xB8, 0x18, 0x44, 0x06, 0x0B, 0xB1, 0xA8, 0xCF, 0xCC, 0xB2, 0x6A, 0x0B, 0x06,
	0x61, 0xFB, 0x67, 0x05, 0x0B, 0x07, 0x50, 0x76, 0x6F, 0x5B, 0x0B, 0xF7, 0x04, 0xC9, 0xDB, 0xF5,
	0x0B, 0xF8, 0x23, 0xF8, 0xBC, 0x9C, 0x1D, 0xF7, 0xFF, 0xF7, 0x38, 0x15, 0x42, 0x06, 0xFC, 0xB3,
	0xFD, 0x60, 0x05, 0xD3, 0x06, 0xF7, 0x0D, 0xF8, 0xBC, 0x15, 0x45, 0x5B, 0x59, 0x48, 0x47, 0x5B,
	0xBD, 0xBA, 0x1D, 0xF8, 0x9E, 0xFC, 0x18, 0x9C, 0x1D, 0x0B, 0xD2, 0xBD, 0xB0, 0xC6, 0xB4, 0x73,
	0xAD, 0x63, 0x97, 0x1E, 0xA9, 0x97, 0x9F, 0xA2, 0x1D, 0x64, 0x7E, 0x73, 0x73, 0x0A, 0x82, 0xFB,
	0x2B, 0x15, 0xB0, 0xAA, 0x9E, 0xB3, 0xB2, 0xAA, 0x78, 0x66, 0x67, 0x6D, 0x76, 0x63, 0x63, 0x6C,
	0x9F, 0xB0, 0x1E, 0x0E, 0x15, 0xFB, 0xBF, 0xD3, 0xF7, 0xBF, 0x07, 0xF7, 0x84, 0xF8, 0x35, 0x05,
	0x3C, 0x06, 0xFB, 0x43, 0xFB, 0xC9, 0x7E, 0x72, 0x8B, 0x8B, 0x82, 0x79, 0x19, 0x84, 0x9B, 0x85,
	0x97, 0x83, 0x9A, 0xFB, 0x45, 0xF7, 0xC9, 0x18, 0x3A, 0x06, 0x0E, 0xAA, 0xF7, 0x1C, 0x45, 0x1D,
	0x0B, 0xA2, 0x1D, 0x65, 0x7E, 0x72, 0x73, 0x0A, 0x83, 0xFB, 0x2B, 0x45, 0x0A, 0x67, 0x6D, 0x76,
	0x62, 0x63, 0x6D, 0x9F, 0xB0, 0x1E, 0x0E, 0xF7, 0x24, 0xF8, 0x0C, 0x15, 0xD3, 0xBD, 0xBC, 0xD0,
	0xCB, 0x60, 0xBD, 0x85, 0x1D, 0x61, 0x6F, 0x6D, 0x60, 0x61, 0x6F, 0xA6, 0xB5, 0x1F, 0x58, 0x06,
	0x46, 0xBF, 0x5D, 0xCF, 0x1E, 0x0B, 0x49, 0x06, 0x4B, 0x79, 0x58, 0x69, 0x3C, 0x1B, 0x23, 0x4D,
	0xB4, 0x1D, 0x32, 0xE8, 0xFB, 0x17, 0xFB, 0x1E, 0x2D, 0x23, 0xFB, 0x2B, 0xFB, 0x2C, 0xEA, 0x25,
	0xF7, 0x22, 0x1E, 0x86, 0xF8, 0x56, 0x8C, 0x0A, 0x0E, 0xF7, 0x33, 0x16, 0xF7, 0xBD, 0xF7, 0x65,
	0x07, 0xF7, 0x26, 0xFB, 0xBD, 0x05, 0xDB, 0x06, 0xFB, 0x2D, 0xF7, 0xC9, 0x05, 0xE7, 0xA4, 0xC1,
	0xD3, 0xF2, 0x1A, 0xF7, 0x13, 0x33, 0xDB, 0xFB, 0x25, 0x1E, 0xFB, 0x9F, 0xFD, 0x60, 0x06, 0xD3,
	0xF9, 0x1F, 0x15, 0xF7, 0x57, 0x06, 0xED, 0xC8, 0x58, 0x2E, 0x30, 0x51, 0x55, 0x28, 0x1F, 0xFB,
	0x59, 0x06, 0x0B, 0x15, 0x36, 0xCD, 0x4D, 0xE3, 0xE5, 0xCC, 0xCA, 0xE2, 0xE1, 0x4D, 0xC9, 0x36,
	0x6B, 0x6F, 0x82, 0x7A, 0x75, 0x1E, 0xA8, 0xF7, 0x09, 0x05, 0xF7, 0x43, 0xBE, 0xFB, 0x6C, 0x06,
	0x55, 0xFB, 0x71, 0xBF, 0x82, 0x05, 0xA6, 0xA2, 0xA8, 0x98, 0xAF, 0x1B, 0xC6, 0xB3, 0x63, 0x50,
	0x4F, 0x62, 0x62, 0x51, 0x51, 0x61, 0xB3, 0xC4, 0x1F, 0x0E, 0xF7, 0x85, 0xF7, 0xDF, 0x15, 0xF7,
	0x06, 0xE0, 0xE0, 0xF7, 0x07, 0xF7, 0x05, 0x35, 0xE0, 0xFB, 0x05, 0xFB, 0x05, 0x33, 0x35, 0xFB,
	0x04, 0xFB, 0x06, 0xE2, 0x35, 0xF7, 0x06, 0x1F, 0xAA, 0x04, 0x2A, 0x44, 0xD3, 0xEC, 0xEA, 0xD3,
	0xD3, 0xEB, 0xEA, 0xD3, 0x44, 0x2B, 0x2A, 0x43, 0x43, 0x2C, 0x1F, 0x0B, 0x94, 0x1D, 0x97, 0xCA,
	0x91, 0x1D, 0x15, 0xFB, 0x04, 0x4D, 0x3B, 0x21, 0xA5, 0x0A, 0x4C, 0x0A, 0xF5, 0xC7, 0x3B, 0xFB,
	0x04, 0x1E, 0x0E, 0xF7, 0xA5, 0xC8, 0x5B, 0x0A, 0x0B, 0xF7, 0x21, 0x16, 0x7B, 0x1D, 0x0B, 0x15,
	0xB3, 0x1D, 0xF7, 0xC0, 0x42, 0x0A, 0xFB, 0xC5, 0x07, 0x39, 0xB3, 0x5A, 0xD9, 0x60, 0x1D, 0x1E,
	0x0B, 0xEB, 0xF9, 0xA3, 0x15, 0xAE, 0x96, 0x9E, 0xA0, 0x1E, 0xAD, 0xA5, 0x54, 0xC5, 0x1B, 0xBF,
	0xA8, 0xB1, 0xA0, 0x1D, 0x48, 0x8F, 0x1F, 0x0E, 0x9E, 0x0A, 0xF7, 0x46, 0x06, 0xF7, 0x21, 0xF7,
	0x43, 0xF7, 0x66, 0xFB, 0xF5, 0x05, 0xDF, 0x06, 0xFB, 0x8B, 0xF8, 0x31, 0xF7, 0x87, 0xF7, 0xC3,
	0x05, 0x35, 0x06, 0xFB, 0xED, 0xFC, 0x43, 0x05, 0x0B, 0xF8, 0xCE, 0xF7, 0x2C, 0x15, 0xCB, 0x37,
	0xF8, 0x88, 0x2B, 0x07, 0xFB, 0xF2, 0xFC, 0x88, 0x05, 0x4B, 0xF8, 0x0C, 0xFB, 0x2C, 0xD1, 0xF7,
	0x2C, 0x07, 0xFC, 0x04, 0xCB, 0x15, 0xF7, 0xBE, 0xF8, 0x3E, 0x05, 0xFC, 0x3E, 0x07, 0x0E, 0xF7,
	0x4C, 0xF8, 0xDD, 0x15, 0xAE, 0x74, 0x9E, 0x71, 0x7E, 0x83, 0x88, 0x87, 0x85, 0x1E, 0xA8, 0xA5,
	0xA4, 0xAE, 0x92, 0x1E, 0xB0, 0x07, 0x4E, 0x81, 0x5C, 0x56, 0x4D, 0x1A, 0x59, 0xA9, 0x6F, 0xAE,
	0xAE, 0xA2, 0xA4, 0xAC, 0x1E, 0x0B, 0xF9, 0xA7, 0x65, 0x0A, 0x0B, 0xF7, 0x4C, 0xF9, 0x20, 0x15,
	0xBC, 0x6D, 0xA8, 0x69, 0x68, 0x73, 0x72, 0x69, 0x69, 0xA2, 0x78, 0xA5, 0x97, 0x94, 0x8D, 0x8F,
	0x91, 0x1E, 0x6F, 0x71, 0x72, 0x68, 0x84, 0x1E, 0x66, 0x07, 0xC9, 0x94, 0xB9, 0xC0, 0xCA, 0x1A,
	0x0B, 0xF7, 0x4C, 0xAB, 0x15, 0xBC, 0x6D, 0xA7, 0x69, 0x68, 0x73, 0x72, 0x6A, 0x68, 0xA2, 0x78,
	0xA5, 0x97, 0x94, 0x8D, 0x90, 0x91, 0x1E, 0x6F, 0x71, 0x71, 0x68, 0x85, 0x1E, 0x66, 0x07, 0xC9,
	0x94, 0xB9, 0xC0, 0xCA, 0x1A, 0x0B, 0xFB, 0x0F, 0xA9, 0x05, 0x40, 0x9E, 0x66, 0xB3, 0xCA, 0x1A,
	0xDC, 0xCD, 0xBF, 0xF0, 0xE5, 0xC2, 0x5D, 0x3A, 0x93, 0x1E, 0xD4, 0x06, 0xF7, 0x0C, 0x80, 0x36,
	0xD3, 0xFB, 0x15, 0x1B, 0xFB, 0x24, 0x2B, 0x3C, 0xFB, 0x0C, 0x0B, 0xF7, 0x45, 0xF7, 0x04, 0xFB,
	0x05, 0xFB, 0x47, 0xFB, 0x46, 0xFB, 0x04, 0xFB, 0x06, 0xFB, 0x43, 0x1F, 0xFB, 0x23, 0x0B, 0x90,
	0x1D, 0x62, 0x40, 0x1D, 0x5B, 0x6E, 0x63, 0x49, 0x8F, 0x1F, 0x0B, 0xF7, 0x21, 0x8C, 0x15, 0xF7,
	0x9B, 0x07, 0xE8, 0xC1, 0xD8, 0xF3, 0xD6, 0xC0, 0x63, 0xFB, 0x05, 0x1E, 0xFB, 0xAD, 0xD0, 0xF7,
	0xBC, 0x07, 0xF7, 0x0E, 0x52, 0xDA, 0xFB, 0x13, 0x3A, 0x50, 0x64, 0x51, 0x6C, 0x1E, 0x0B, 0x63,
	0x78, 0x75, 0x6C, 0x6A, 0x86, 0x0A, 0x85, 0x1B, 0x76, 0x7D, 0x94, 0xA1, 0xA1, 0x9C, 0xA6, 0xB3,
	0x9C, 0x1F, 0x0B, 0x15, 0xFB, 0x10, 0xD5, 0x36, 0xF7, 0x15, 0xF7, 0x0D, 0xDF, 0xD9, 0xF7, 0x16,
	0x1E, 0xF8, 0x9C, 0x43, 0xFC, 0x9A, 0x07, 0x36, 0x61, 0x52, 0x30, 0x34, 0x5D, 0xC3, 0xE0, 0x1E,
	0xA7, 0x45, 0x07, 0x0E, 0x7E, 0x0A, 0xC2, 0xB8, 0x15, 0xF7, 0x09, 0xF7, 0x38, 0x05, 0xFB, 0x38,
	0x07, 0x0E, 0xAF, 0x1D, 0x40, 0x0A, 0x0B, 0x15, 0x84, 0xA4, 0x99, 0x89, 0xA5, 0x1B, 0xE0, 0xBB,
	0xC3, 0xE7, 0x1F, 0xF8, 0xC1, 0x46, 0xFC, 0xBD, 0x4B, 0x0A, 0x7C, 0x7F, 0x8D, 0x90, 0x77, 0x1E,
	0x0E, 0xC4, 0x9B, 0xA9, 0xC5, 0x1E, 0xB5, 0xC7, 0x06, 0x8E, 0x7B, 0x76, 0x8C, 0x7A, 0x1B, 0x43,
	0x50, 0x34, 0x0A, 0x41, 0x2F, 0x1D, 0x0B, 0x15, 0xB3, 0x77, 0xA2, 0x6C, 0x70, 0x77, 0x76, 0x6F,
	0x72, 0x9F, 0x79, 0xA3, 0x90, 0x90, 0x8C, 0x8C, 0x90, 0x1E, 0x89, 0x72, 0x7A, 0x7C, 0x6E, 0x8C,
	0x08, 0x6D, 0x07, 0x0B, 0xF7, 0x3E, 0xFA, 0x09, 0x15, 0x47, 0x06, 0x4F, 0x2B, 0x0A, 0xC0, 0x06,
	0xF7, 0x55, 0xF7, 0x0B, 0x15, 0x45, 0x06, 0x42, 0x2B, 0x0A, 0xC2, 0x06, 0x0E, 0xF7, 0x82, 0xFA,
	0x0A, 0x9D, 0x1D, 0xBA, 0xD8, 0x1E, 0x0E, 0xF7, 0xE5, 0xF9, 0x28, 0x7B, 0x0A, 0x0B, 0xF9, 0x27,
	0x15, 0x48, 0x06, 0x4E, 0x2B, 0x0A, 0xC1, 0x06, 0xF7, 0x55, 0xF7, 0x0B, 0x15, 0x44, 0x06, 0x42,
	0x2B, 0x0A, 0xC3, 0x06, 0x0B, 0xFB, 0x32, 0xFB, 0x00, 0xF7, 0x0E, 0xF7, 0x47, 0x56, 0x1D, 0xF7,
	0x32, 0xF7, 0x01, 0xFB, 0x0E, 0xFB, 0x47, 0x0B, 0xA5, 0x1D, 0x73, 0x77, 0x65, 0x63, 0x75, 0xA0,
	0xA8, 0x1E, 0x0B, 0x15, 0xF7, 0x04, 0xD3, 0xDB, 0xF3, 0xF2, 0xD4, 0x3B, 0xFB, 0x04, 0xFB, 0x06,
	0x42, 0x3C, 0x24, 0x23, 0x43, 0xDA, 0xF7, 0x06, 0x1E, 0x0E, 0xF7, 0x0D, 0x97, 0x1D, 0x0B, 0xF7,
	0x16, 0xF9, 0x2F, 0x9B, 0x1D, 0x0B, 0xF7, 0x68, 0xF8, 0xB0, 0x83, 0x0A, 0x0B, 0xF7, 0x0D, 0x6D,
	0x05, 0xD8, 0x79, 0xAF, 0x61, 0x4B, 0x1A, 0x39, 0x48, 0x58, 0x22, 0x29, 0x49, 0xBC, 0xD6, 0x87,
	0x1E, 0x41, 0x06, 0x0B, 0xF7, 0x21, 0xF8, 0x08, 0x15, 0xAD, 0xA8, 0xA8, 0xAC, 0xAD, 0x6E, 0xA7,
	0x69, 0x69, 0x6E, 0x6F, 0x69, 0x6A, 0xA8, 0x6E, 0xAD, 0x1F, 0x0B, 0xF7, 0x08, 0xF9, 0x92, 0x4E,
	0x1D, 0x0E, 0x81, 0x0A, 0xBB, 0xD7, 0x1E, 0x0B, 0xF7, 0x90, 0x16, 0xDC, 0x06, 0xFB, 0x68, 0xF7,
	0x86, 0xF7, 0x68, 0x5F, 0x1D, 0xC8, 0x1D, 0x0B, 0xA7, 0x1F, 0xF7, 0x72, 0xF8, 0xE7, 0x05, 0x44,
	0x06, 0xFB, 0x2D, 0x0B, 0xCE, 0x15, 0x48, 0xBB, 0xCE, 0xB5, 0xB8, 0x61, 0xF7, 0x73, 0x4F, 0x07,
	0xFB, 0x34, 0xFB, 0x74, 0x05, 0x5F, 0x07, 0x0B, 0x85, 0x0A, 0x07, 0x0B, 0x15, 0xAC, 0xA7, 0xA7,
	0xAB, 0xAC, 0x6F, 0xA7, 0x6A, 0x6A, 0x6F, 0x6F, 0x6A, 0x6B, 0xA7, 0x6F, 0xAC, 0x1F, 0x0B, 0x15,
	0x5F, 0x74, 0x71, 0x5F, 0x5F, 0x75, 0xA5, 0xB7, 0x1E, 0x53, 0x06, 0x3E, 0xBA, 0x5C, 0xD6, 0xD6,
	0xBB, 0x0B, 0xA4, 0x1D, 0xD6, 0xBA, 0x0B, 0x57, 0x1D, 0xCA, 0x06, 0x3E, 0xF7, 0x0E, 0x05, 0x34,
	0x06, 0x3F, 0xFB, 0x0E, 0x05, 0x0B, 0x16, 0x45, 0x5B, 0x5A, 0x48, 0x47, 0x5B, 0xBC, 0xBA, 0x1D,
	0x0B, 0xF7, 0x4B, 0x16, 0xF8, 0x3E, 0xB6, 0x1D, 0xFC, 0x3E, 0x0B, 0x35, 0x0A, 0x98, 0x3A, 0x1D,
	0x85, 0x8A, 0x0B, 0xF7, 0x41, 0xF9, 0x92, 0x33, 0x0A, 0x0E, 0x88, 0x77, 0x6F, 0x5E, 0x3C, 0x3A,
	0xEC, 0x31, 0x1B, 0x3F, 0x5B, 0x4F, 0x33, 0x1F, 0xC5, 0x06, 0x0B, 0x15, 0xE2, 0x06, 0xD8, 0xF7,
	0x0E, 0x05, 0x4C, 0xA2, 0x0A, 0x0B, 0xF8, 0xBA, 0x15, 0xC5, 0xE3, 0xC4, 0x33, 0x05, 0xC9, 0x06,
	0x3F, 0xF7, 0x0D, 0x05, 0x34, 0x06, 0x0B, 0x06, 0xFB, 0x23, 0xEA, 0x34, 0xF7, 0x21, 0xF7, 0x25,
	0xF3, 0xE8, 0xF7, 0x22, 0xF7, 0x16, 0x0B, 0x15, 0xE6, 0xC7, 0x4D, 0x2E, 0x1F, 0xFB, 0xCE, 0x06,
	0xEA, 0x97, 0xC7, 0xC7, 0xE6, 0x1B, 0x0B, 0x7F, 0x15, 0xF7, 0x2A, 0xF1, 0xF1, 0xF7, 0x24, 0xF7,
	0x1A, 0x2F, 0xF6, 0xFB, 0x29, 0x0B, 0x49, 0x07, 0x66, 0x8F, 0x72, 0x90, 0x72, 0x1E, 0x76, 0x99,
	0x74, 0x96, 0x68, 0x98, 0x0B, 0xFB, 0x03, 0xFB, 0x00, 0xFB, 0x26, 0xFB, 0x20, 0xEE, 0xFB, 0x01,
	0xF7, 0x29, 0xAD, 0x0B, 0xA6, 0x0A, 0x63, 0x97, 0x1E, 0x0B, 0xA5, 0xA2, 0xA1, 0xA5, 0xA6, 0x74,
	0xA2, 0x71, 0x70, 0x74, 0x74, 0x70, 0x71, 0x0B, 0xF7, 0x2D, 0x47, 0xFB, 0x2D, 0x2A, 0x51, 0xEC,
	0xFC, 0x3E, 0x07, 0x0E, 0x05, 0xDF, 0x06, 0xF7, 0x59, 0xF8, 0x6F, 0x15, 0xFB, 0x00, 0x3F, 0x3D,
	0x0B, 0x15, 0xFC, 0x12, 0xC2, 0xF8, 0x45, 0xFB, 0x2A, 0x58, 0x07, 0x0E, 0x15, 0x25, 0xBF, 0x43,
	0xE7, 0xE4, 0xC3, 0xD0, 0xF2, 0xF1, 0x55, 0x0B, 0xE0, 0xFB, 0x1A, 0x92, 0x1E, 0xF7, 0x6A, 0xF7,
	0x69, 0x05, 0xC5, 0x0B, 0x1E, 0x66, 0x07, 0xC8, 0x94, 0xBA, 0xC0, 0xCA, 0x1A, 0x0E, 0x05, 0x4C,
	0x06, 0x52, 0x33, 0x52, 0xE3, 0x05, 0x4C, 0x06, 0x0B, 0xF7, 0x2D, 0x47, 0xFB, 0x2D, 0x2A, 0x52,
	0xEC, 0xFC, 0x3F, 0x0B, 0x15, 0x43, 0xFD, 0x60, 0xF8, 0x25, 0xCD, 0xFB, 0xDD, 0x06, 0x0B, 0xF7,
	0x03, 0xC9, 0xDC, 0xF5, 0xF4, 0xC8, 0x3A, 0xFB, 0x03, 0x0B, 0x5E, 0x49, 0x1E, 0xBD, 0x06, 0xB3,
	0xA5, 0xA5, 0xB3, 0xB3, 0x0B, 0x7D, 0x19, 0x90, 0xA3, 0x8E, 0xA5, 0xB0, 0x1A, 0xCD, 0x0B, 0xF7,
	0x33, 0xF9, 0x60, 0x15, 0x43, 0xFD, 0x60, 0xD3, 0x0B, 0x15, 0xBB, 0x06, 0x9C, 0xF7, 0x30, 0x05,
	0x4A, 0x06, 0x0B, 0x16, 0xA4, 0x0A, 0x0B, 0xF7, 0x0C, 0x05, 0x42, 0x06, 0xD6, 0xFB, 0x0C, 0x05,
	0x0B, 0x06, 0x52, 0x33, 0x51, 0xE3, 0x05, 0x4D, 0x06, 0x0B, 0x49, 0xE6, 0xFB, 0x03, 0xFB, 0x01,
	0x47, 0x30, 0x0B, 0xAD, 0xA8, 0xA7, 0xAC, 0xAD, 0x6E, 0xA8, 0x69, 0x0B, 0x22, 0x4E, 0xDB, 0xF7,
	0x04, 0x0B, 0xB0, 0xC6, 0xB4, 0x73, 0xAD, 0x0B, 0x00, 0x01, 0x00, 0x00, 0x00, 0x0C, 0x00, 0x00,
	0x00, 0x00, 0x00, 0x00, 0x00, 0x02, 0x00, 0x31, 0x00, 0x01, 0x00, 0x01, 0x00, 0x01, 0x00, 0x0C,
	0x00, 0x0C, 0x00, 0x01, 0x00, 0x0E, 0x00, 0x0F, 0x00, 0x01, 0x00, 0x15, 0x00, 0x15, 0x00, 0x01,
	0x00, 0x19, 0x00, 0x19, 0x00, 0x01, 0x00, 0x23, 0x00, 0x24, 0x00, 0x01, 0x00, 0x29, 0x00, 0x29,
	0x00, 0x01, 0x00, 0x2B, 0x00, 0x2B, 0x00, 0x01, 0x00, 0x34, 0x00, 0x34, 0x00, 0x01, 0x00, 0x36,
	0x00, 0x36, 0x00, 0x01, 0x00, 0x38, 0x00, 0x38, 0x00, 0x01, 0x00, 0x3E, 0x00, 0x3F, 0x00, 0x01,
	0x00, 0x43, 0x00, 0x43, 0x00, 0x01, 0x00, 0x45, 0x00, 0x45, 0x00, 0x01, 0x00, 0x4C, 0x00, 0x4C,
	0x00, 0x01, 0x00, 0x50, 0x00, 0x50, 0x00, 0x01, 0x00, 0x53, 0x00, 0x53, 0x00, 0x01, 0x00, 0x57,
	0x00, 0x57, 0x00, 0x01, 0x00, 0x5D, 0x00, 0x5D, 0x00, 0x01, 0x00, 0x62, 0x00, 0x62, 0x00, 0x01,
	0x00, 0x6C, 0x00, 0x6D, 0x00, 0x01, 0x00, 0x73, 0x00, 0x73, 0x00, 0x01, 0x00, 0x78, 0x00, 0x78,
	0x00, 0x01, 0x00, 0x7C, 0x00, 0x7D, 0x00, 0x01, 0x00, 0x88, 0x00, 0x88, 0x00, 0x01, 0x00, 0x8A,
	0x00, 0x8B, 0x00, 0x01, 0x00, 0x91, 0x00, 0x91, 0x00, 0x01, 0x00, 0x95, 0x00, 0x95, 0x00, 0x01,
	0x00, 0xA0, 0x00, 0xA0, 0x00, 0x01, 0x00, 0xA5, 0x00, 0xA5, 0x00, 0x01, 0x00, 0xA7, 0x00, 0xA7,
	0x00, 0x01, 0x00, 0xB2, 0x00, 0xB2, 0x00, 0x01, 0x00, 0xB4, 0x00, 0xB4, 0x00, 0x01, 0x00, 0xBA,
	0x00, 0xBB, 0x00, 0x01, 0x00, 0xC1, 0x00, 0xC1, 0x00, 0x01, 0x00, 0xCC, 0x00, 0xCC, 0x00, 0x01,
	0x00, 0xCE, 0x00, 0xCF, 0x00, 0x01, 0x00, 0xD3, 0x00, 0xD3, 0x00, 0x01, 0x00, 0xD9, 0x00, 0xDA,
	0x00, 0x01, 0x00, 0xDF, 0x00, 0xDF, 0x00, 0x01, 0x00, 0xEA, 0x00, 0xEA, 0x00, 0x01, 0x00, 0xEF,
	0x00, 0xF0, 0x00, 0x01, 0x00, 0xF5, 0x00, 0xF5, 0x00, 0x01, 0x00, 0xF9, 0x00, 0xFB, 0x00, 0x01,
	0x00, 0xFD, 0x01, 0x05, 0x00, 0x01, 0x01, 0xB8, 0x01, 0xC6, 0x00, 0x03, 0x01, 0xC8, 0x01, 0xD3,
	0x00, 0x03, 0x01, 0xDC, 0x01, 0xDD, 0x00, 0x01, 0x01, 0xF0, 0x01, 0xF7, 0x00, 0x03, 0x00, 0x00,
	0x00, 0x01, 0x00, 0x00, 0x00, 0x0A, 0x00, 0x5A, 0x00, 0x74, 0x00, 0x02, 0x44, 0x46, 0x4C, 0x54,
	0x00, 0x0E, 0x6C, 0x61, 0x74, 0x6E, 0x00, 0x12, 0x00, 0x38, 0x00, 0x00, 0x00, 0x34, 0x00, 0x08,
	0x41, 0x5A, 0x45, 0x20, 0x00, 0x34, 0x43, 0x41, 0x54, 0x20, 0x00, 0x34, 0x43, 0x52, 0x54, 0x20,
	0x00, 0x34, 0x4B, 0x41, 0x5A, 0x20, 0x00, 0x34, 0x4D, 0x4F, 0x4C, 0x20, 0x00, 0x34, 0x52, 0x4F,
	0x4D, 0x20, 0x00, 0x34, 0x54, 0x41, 0x54, 0x20, 0x00, 0x34, 0x54, 0x52, 0x4B, 0x20, 0x00, 0x34,
	0x00, 0x00, 0xFF, 0xFF, 0x00, 0x02, 0x00, 0x00, 0x00, 0x01, 0x00, 0x02, 0x6B, 0x65, 0x72, 0x6E,
	0x00, 0x0E, 0x6D, 0x61, 0x72, 0x6B, 0x00, 0x14, 0x00, 0x00, 0x00, 0x01, 0x00, 0x01, 0x00, 0x00,
	0x00, 0x01, 0x00, 0x00, 0x00, 0x02, 0x00, 0x06, 0x09, 0x50, 0x00, 0x04, 0x00, 0x00, 0x00, 0x01,
	0x00, 0x08, 0x00, 0x01, 0x00, 0x0C, 0x00, 0x22, 0x00, 0x07, 0x00, 0xAC, 0x01, 0xDC, 0x00, 0x02,
	0x00, 0x03, 0x01, 0xB8, 0x01, 0xC6, 0x00, 0x00, 0x01, 0xC8, 0x01, 0xD3, 0x00, 0x0F, 0x01, 0xF0,
	0x01, 0xF7, 0x00, 0x1B, 0x00, 0x01, 0x00, 0x43, 0x00, 0x01, 0x00, 0x0C, 0x00, 0x0E, 0x00, 0x0F,
	0x00, 0x15, 0x00, 0x19, 0x00, 0x23, 0x00, 0x24, 0x00, 0x29, 0x00, 0x2B, 0x00, 0x34, 0x00, 0x36,
	0x00, 0x38, 0x00, 0x3E, 0x00, 0x3F, 0x00, 0x43, 0x00, 0x45, 0x00, 0x4C, 0x00, 0x50, 0x00, 0x53,
	0x00, 0x57, 0x00, 0x5D, 0x00, 0x62, 0x00, 0x6C, 0x00, 0x6D, 0x00, 0x73, 0x00, 0x78, 0x00, 0x7C,
	0x00, 0x7D, 0x00, 0x88, 0x00, 0x8A, 0x00, 0x8B, 0x00, 0x91, 0x00, 0x95, 0x00, 0xA0, 0x00, 0xA5,
	0x00, 0xA7, 0x00, 0xB2, 0x00, 0xB4, 0x00, 0xBA, 0x00, 0xBB, 0x00, 0xC1, 0x00, 0xCC, 0x00, 0xCE,
	0x00, 0xCF, 0x00, 0xD3, 0x00, 0xD9, 0x00, 0xDA, 0x00, 0xDF, 0x00, 0xEA, 0x00, 0xEF, 0x00, 0xF0,
	0x00, 0xF5, 0x00, 0xF9, 0x00, 0xFA, 0x00, 0xFB, 0x00, 0xFD, 0x00, 0xFE, 0x00, 0xFF, 0x01, 0x00,
	0x01, 0x01, 0x01, 0x02, 0x01, 0x03, 0x01, 0x04, 0x01, 0x05, 0x01, 0xDC, 0x01, 0xDD, 0x00, 0x23,
	0x00, 0x00, 0x00, 0x8E, 0x00, 0x00, 0x01, 0x2A, 0x00, 0x00, 0x00, 0xA0, 0x00, 0x00, 0x00, 0x94,
	0x00, 0x00, 0x00, 0x9A, 0x00, 0x00, 0x00, 0xCA, 0x00, 0x00, 0x00, 0xCA, 0x00, 0x00, 0x00, 0xBE,
	0x00, 0x00, 0x00, 0xA0, 0x00, 0x00, 0x00, 0xFA, 0x00, 0x00, 0x00, 0xE8, 0x00, 0x00, 0x00, 0xA6,
	0x00, 0x01, 0x00, 0xAC, 0x00, 0x01, 0x00, 0xB2, 0x00, 0x02, 0x00, 0xB8, 0x00, 0x00, 0x00, 0xBE,
	0x00, 0x00, 0x00, 0xCA, 0x00, 0x01, 0x00, 0xC4, 0x00, 0x00, 0x00, 0xCA, 0x00, 0x00, 0x00, 0xD0,
	0x00, 0x00, 0x00, 0xD6, 0x00, 0x00, 0x00, 0xDC, 0x00, 0x00, 0x00, 0xE2, 0x00, 0x00, 0x00, 0xE8,
	0x00, 0x03, 0x00, 0xEE, 0x00, 0x00, 0x00, 0xF4, 0x00, 0x00, 0x00, 0xFA, 0x00, 0x04, 0x01, 0x00,
	0x00, 0x05, 0x01, 0x06, 0x00, 0x06, 0x01, 0x0C, 0x00, 0x05, 0x01, 0x12, 0x00, 0x05, 0x01, 0x18,
	0x00, 0x06, 0x01, 0x1E, 0x00, 0x05, 0x01, 0x24, 0x00, 0x00, 0x01, 0x2A, 0x00, 0x01, 0x00, 0xB8,
	0x02, 0xCC, 0x00, 0x01, 0x00, 0x47, 0x02, 0xCC, 0x00, 0x01, 0x00, 0x78, 0x02, 0xCC, 0x00, 0x01,
	0x00, 0x93, 0x02, 0xCC, 0x00, 0x01, 0x00, 0x60, 0x02, 0xCC, 0x00, 0x01, 0x00, 0x5B, 0x00, 0x11,
	0x00, 0x01, 0x00, 0x5C, 0x00, 0x00, 0x00, 0x01, 0x00, 0xFB, 0x00, 0xFC, 0x00, 0x01, 0x00, 0xAC,
	0x02, 0xCC, 0x00, 0x01, 0x00, 0x4D, 0x00, 0x04, 0x00, 0x01, 0x00, 0xA0, 0x02, 0xCC, 0x00, 0x01,
	0x00, 0xB9, 0x02, 0xCC, 0x00, 0x01, 0x00, 0x63, 0x02, 0xC6, 0x00, 0x01, 0x00, 0x97, 0x02, 0xCC,
	0x00, 0x01, 0x00, 0x81, 0x02, 0xCC, 0x00, 0x01, 0x00, 0xB0, 0x02, 0xCC, 0x00, 0x01, 0x00, 0x98,
	0x00, 0x00, 0x00, 0x01, 0x00, 0x92, 0x02, 0xCC, 0x00, 0x01, 0x00, 0xBA, 0x02, 0xCC, 0x00, 0x01,
	0x01, 0x01, 0x02, 0xCC, 0x00, 0x01, 0x00, 0xD9, 0x02, 0x47, 0x00, 0x01, 0x00, 0x75, 0x01, 0x86,
	0x00, 0x01, 0x00, 0xA8, 0x01, 0x66, 0x00, 0x01, 0x01, 0x64, 0x02, 0x40, 0x00, 0x01, 0x00, 0xBD,
	0x01, 0x9E, 0x00, 0x01, 0x00, 0xF9, 0x01, 0x66, 0x00, 0x01, 0x00, 0x63, 0x02, 0xCC, 0x00, 0x43,
	0x03, 0xAC, 0x03, 0xB2, 0x00, 0x00, 0x03, 0xB8, 0x00, 0x00, 0x00, 0x00, 0x00, 0x00, 0x03, 0xBE,
	0x00, 0x00, 0x00, 0x00, 0x00, 0x00, 0x00, 0x00, 0x00, 0x00, 0x00, 0x00, 0x03, 0xC4, 0x05, 0x38,
	0x00, 0x00, 0x00, 0x00, 0x00, 0x00, 0x00, 0x00, 0x00, 0x00, 0x03, 0xCA, 0x03, 0xD0, 0x00, 0x00,
	0x00, 0x00, 0x00, 0x00, 0x00, 0x00, 0x00, 0x00, 0x03, 0xD6, 0x03, 0xDC, 0x00, 0x00, 0x00, 0x00,
	0x00, 0x00, 0x03, 0xE2, 0x00, 0x00, 0x03, 0xE8, 0x03, 0xEE, 0x00, 0x00, 0x03, 0xF4, 0x00, 0x00,
	0x00, 0x00, 0x00, 0x00, 0x03, 0xFA, 0x04, 0x00, 0x00, 0x00, 0x00, 0x00, 0x00, 0x00, 0x00, 0x00,
	0x00, 0x00, 0x04, 0x06, 0x04, 0x0C, 0x00, 0x00, 0x00, 0x00, 0x00, 0x00, 0x00, 0x00, 0x00, 0x00,
	0x04, 0x12, 0x04, 0x18, 0x00, 0x00, 0x00, 0x00, 0x00, 0x00, 0x04, 0x1E, 0x00, 0x00, 0x04, 0x24,
	0x04, 0x2A, 0x00, 0x00, 0x04, 0x30, 0x00, 0x00, 0x00, 0x00, 0x00, 0x00, 0x04, 0x36, 0x04, 0x3C,
	0x00, 0x00, 0x00, 0x00, 0x00, 0x00, 0x00, 0x00, 0x00, 0x00, 0x04, 0x42, 0x04, 0x48, 0x00, 0x00,
	0x00, 0x00, 0x00, 0x00, 0x00, 0x00, 0x00, 0x00, 0x04, 0x4E, 0x04, 0x54, 0x00, 0x00, 0x00, 0x00,
	0x04, 0x5A, 0x04, 0x60, 0x04, 0x66, 0x04, 0x6C, 0x04, 0x72, 0x00, 0x00, 0x00, 0x00, 0x00, 0x00,
	0x00, 0x00, 0x00, 0x00, 0x04, 0x78, 0x04, 0x7E, 0x00, 0x00, 0x00, 0x00, 0x00, 0x00, 0x00, 0x00,
	0x00, 0x00, 0x04, 0x84, 0x04, 0x8A, 0x00, 0x00, 0x00, 0x00, 0x00, 0x00, 0x00, 0x00, 0x00, 0x00,
	0x04, 0x90, 0x04, 0x96, 0x00, 0x00, 0x04, 0x9C, 0x00, 0x00, 0x04, 0xA2, 0x00, 0x00, 0x04, 0xA8,
	0x00, 0x00, 0x00, 0x00, 0x00, 0x00, 0x00, 0x00, 0x00, 0x00, 0x00, 0x00, 0x04, 0xAE, 0x04, 0xB4,
	0x00, 0x00, 0x00, 0x00, 0x00, 0x00, 0x00, 0x00, 0x00, 0x00, 0x04, 0xBA, 0x04, 0xC0, 0x00, 0x00,
	0x00, 0x00, 0x00, 0x00, 0x00, 0x00, 0x00, 0x00, 0x04, 0xC6, 0x04, 0xCC, 0x00, 0x00, 0x00, 0x00,
	0x00, 0x00, 0x00, 0x00, 0x00, 0x00, 0x04, 0xD2, 0x04, 0xD8, 0x00, 0x00, 0x00, 0x00, 0x00, 0x00,
	0x04, 0xDE, 0x00, 0x00, 0x04, 0xE4, 0x04, 0xEA, 0x00, 0x00, 0x04, 0xF0, 0x04, 0xF6, 0x00, 0x00,
	0x00, 0x00, 0x00, 0x00, 0x04, 0xFC, 0x00, 0x00, 0x00, 0x00, 0x00, 0x00, 0x00, 0x00, 0x00, 0x00,
	0x05, 0x02, 0x05, 0x08, 0x00, 0x00, 0x00, 0x00, 0x00, 0x00, 0x00, 0x00, 0x00, 0x00, 0x05, 0x0E,
	0x05, 0x14, 0x00, 0x00, 0x00, 0x00, 0x00, 0x00, 0x00, 0x00, 0x00, 0x00, 0x05, 0x1A, 0x05, 0x20,
	0x00, 0x00, 0x00, 0x00, 0x00, 0x00, 0x00, 0x00, 0x00, 0x00, 0x05, 0x26, 0x05, 0x2C, 0x00, 0x00,
	0x00, 0x00, 0x00, 0x00, 0x00, 0x00, 0x00, 0x00, 0x05, 0x32, 0x05, 0x38, 0x00, 0x00, 0x05, 0x3E,
	0x00, 0x00, 0x00, 0x00, 0x00, 0x00, 0x05, 0x44, 0x05, 0x4A, 0x00, 0x00, 0x05, 0x50, 0x00, 0x00,
	0x00, 0x00, 0x00, 0x00, 0x05, 0x56, 0x05, 0x5C, 0x00, 0x00, 0x00, 0x00, 0x00, 0x00, 0x00, 0x00,
	0x00, 0x00, 0x05, 0x62, 0x05, 0x80, 0x00, 0x00, 0x00, 0x00, 0x00, 0x00, 0x00, 0x00, 0x00, 0x00,
	0x05, 0x68, 0x05, 0x6E, 0x00, 0x00, 0x00, 0x00, 0x05, 0x74, 0x05, 0x7A, 0x00, 0x00, 0x06, 0x94,
	0x05, 0x80, 0x00, 0x00, 0x05, 0x86, 0x00, 0x00, 0x00, 0x00, 0x00, 0x00, 0x05, 0x8C, 0x05, 0x92,
	0x00, 0x00, 0x00, 0x00, 0x00, 0x00, 0x00, 0x00, 0x00, 0x00, 0x00, 0x00, 0x00, 0x00, 0x00, 0x00,
	0x00, 0x00, 0x00, 0x00, 0x05, 0x98, 0x00, 0x00, 0x00, 0x00, 0x05, 0x9E, 0x00, 0x00, 0x00, 0x00,
	0x00, 0x00, 0x00, 0x00, 0x00, 0x00, 0x05, 0xA4, 0x05, 0xAA, 0x00, 0x00, 0x00, 0x00, 0x00, 0x00,
	0x00, 0x00, 0x00, 0x00, 0x05, 0xB0, 0x05, 0xB6, 0x00, 0x00, 0x00, 0x00, 0x05, 0xBC, 0x05, 0xC2,
	0x05, 0xC8, 0x05, 0xCE, 0x05, 0xD4, 0x00, 0x00, 0x00, 0x00, 0x00, 0x00, 0x00, 0x00, 0x00, 0x00,
	0x05, 0xDA, 0x05, 0xE0, 0x00, 0x00, 0x00, 0x00, 0x00, 0x00, 0x00, 0x00, 0x00, 0x00, 0x05, 0xE6,
	0x05, 0xEC, 0x05, 0xF2, 0x00, 0x00, 0x00, 0x00, 0x00, 0x00, 0x00, 0x00, 0x05, 0xF8, 0x05, 0xFE,
	0x00, 0x00, 0x00, 0x00, 0x00, 0x00, 0x00, 0x00, 0x00, 0x00, 0x06, 0x04, 0x06, 0x0A, 0x00, 0x00,
	0x00, 0x00, 0x00, 0x00, 0x00, 0x00, 0x00, 0x00, 0x06, 0x10, 0x07, 0x54, 0x00, 0x00, 0x00, 0x00,
	0x00, 0x00, 0x00, 0x00, 0x00, 0x00, 0x06, 0x16, 0x06, 0x1C, 0x00, 0x00, 0x00, 0x00, 0x00, 0x00,
	0x00, 0x00, 0x00, 0x00, 0x00, 0x00, 0x06, 0x22, 0x00, 0x00, 0x00, 0x00, 0x00, 0x00, 0x00, 0x00,
	0x00, 0x00, 0x06, 0x28, 0x06, 0x2E, 0x00, 0x00, 0x00, 0x00, 0x06, 0x34, 0x06, 0x3A, 0x00, 0x00,
	0x06, 0x40, 0x06, 0x46, 0x00, 0x00, 0x06, 0x4C, 0x00, 0x00, 0x00, 0x00, 0x00, 0x00, 0x06, 0x52,
	0x06, 0x58, 0x00, 0x00, 0x00, 0x00, 0x00, 0x00, 0x00, 0x00, 0x00, 0x00, 0x06, 0x5E, 0x06, 0x64,
	0x00, 0x00, 0x00, 0x00, 0x00, 0x00, 0x00, 0x00, 0x00, 0x00, 0x06, 0x6A, 0x06, 0x70, 0x00, 0x00,
	0x00, 0x00, 0x00, 0x00, 0x00, 0x00, 0x00, 0x00, 0x06, 0x76, 0x06, 0x7C, 0x00, 0x00, 0x00, 0x00,
	0x00, 0x00, 0x00, 0x00, 0x00, 0x00, 0x06, 0x82, 0x06, 0x88, 0x00, 0x00, 0x06, 0x8E, 0x00, 0x00,
	0x00, 0x00, 0x00, 0x00, 0x06, 0x94, 0x06, 0x9A, 0x00, 0x00, 0x00, 0x00, 0x00, 0x00, 0x00, 0x00,
	0x00, 0x00, 0x06, 0xA0, 0x06, 0xA6, 0x00, 0x00, 0x00, 0x00, 0x06, 0xAC, 0x06, 0xB2, 0x00, 0x00,
	0x00, 0x00, 0x06, 0xB8, 0x00, 0x00, 0x00, 0x00, 0x00, 0x00, 0x00, 0x00, 0x00, 0x00, 0x06, 0xBE,
	0x06, 0xC4, 0x00, 0x00, 0x00, 0x00, 0x06, 0xCA, 0x00, 0x00, 0x00, 0x00, 0x06, 0xD0, 0x06, 0xD6,
	0x00, 0x00, 0x00, 0x00, 0x06, 0xDC, 0x06, 0xE2, 0x00, 0x00, 0x06, 0xE8, 0x06, 0xEE, 0x00, 0x00,
	0x00, 0x00, 0x00, 0x00, 0x00, 0x00, 0x00, 0x00, 0x00, 0x00, 0x06, 0xF4, 0x00, 0x00, 0x00, 0x00,
	0x00, 0x00, 0x00, 0x00, 0x00, 0x00, 0x06, 0xFA, 0x07, 0x00, 0x00, 0x00, 0x00, 0x00, 0x07, 0x06,
	0x07, 0x0C, 0x00, 0x00, 0x07, 0x12, 0x07, 0x18, 0x00, 0x00, 0x00, 0x00, 0x07, 0x1E, 0x07, 0x24,
	0x00, 0x00, 0x07, 0x2A, 0x07, 0x30, 0x00, 0x00, 0x00, 0x00, 0x07, 0x36, 0x07, 0x3C, 0x00, 0x00,
	0x07, 0x42, 0x07, 0x48, 0x00, 0x00, 0x00, 0x00, 0x00, 0x00, 0x07, 0x4E, 0x00, 0x00, 0x07, 0x60,
	0x07, 0x54, 0x00, 0x00, 0x07, 0x5A, 0x00, 0x00, 0x00, 0x00, 0x00, 0x00, 0x07, 0x60, 0x00, 0x00,
	0x00, 0x00, 0x00, 0x00, 0x00, 0x00, 0x00, 0x00, 0x00, 0x00, 0x00, 0x01, 0x01, 0x42, 0x02, 0xD1,
	0x00, 0x01, 0x02, 0x4B, 0x00, 0x00, 0x00, 0x01, 0x02, 0x78, 0x00, 0x00, 0x00, 0x01, 0x02, 0x2F,
	0x02, 0xD1, 0x00, 0x01, 0x00, 0xF7, 0x02, 0xCD, 0x00, 0x01, 0x01, 0x7E, 0x02, 0xD1, 0x00, 0x01,
	0x01, 0x78, 0x00, 0x00, 0x00, 0x01, 0x01, 0x2C, 0x02, 0xD0, 0x00, 0x01, 0x01, 0x92, 0x00, 0x00,
	0x00, 0x01, 0x00, 0xA5, 0x01, 0x66, 0x00, 0x01, 0x01, 0x28, 0x02, 0xD1, 0x00, 0x01, 0x01, 0x3A,
	0x00, 0x00, 0x00, 0x01, 0x02, 0x04, 0x00, 0x00, 0x00, 0x01, 0x01, 0x51, 0x02, 0xC9, 0x00, 0x01,
	0x01, 0x5E, 0x00, 0x00, 0x00, 0x01, 0x01, 0x84, 0x02, 0xD1, 0x00, 0x01, 0x01, 0x81, 0x00, 0x00,
	0x00, 0x01, 0x01, 0x61, 0x02, 0xD1, 0x00, 0x01, 0x01, 0x60, 0x00, 0x00, 0x00, 0x01, 0x01, 0x61,
	0x02, 0x40, 0x00, 0x01, 0x00, 0x7B, 0x02, 0xD1, 0x00, 0x01, 0x00, 0x74, 0x00, 0x00, 0x00, 0x01,
	0x00, 0x9F, 0x00, 0x00, 0x00, 0x01, 0x01, 0x88, 0x02, 0xD1, 0x00, 0x01, 0x00, 0xE9, 0x00, 0x00,
	0x00, 0x01, 0x01, 0x50, 0x02, 0xD1, 0x00, 0x01, 0x01, 0x4D, 0x00, 0x00, 0x00, 0x01, 0x00, 0x7B,
	0x02, 0xCC, 0x00, 0x01, 0x01, 0x16, 0x00, 0x00, 0x00, 0x01, 0x00, 0x9F, 0x02, 0xCC, 0x00, 0x01,
	0x01, 0x08, 0x01, 0x8B, 0x00, 0x01, 0x00, 0xB9, 0x01, 0x76, 0x00, 0x01, 0x01, 0xA4, 0x02, 0xD1,
	0x00, 0x01, 0x01, 0xD9, 0x00, 0x00, 0x00, 0x01, 0x01, 0x66, 0x02, 0xD1, 0x00, 0x01, 0x01, 0x6A,
	0x00, 0x00, 0x00, 0x01, 0x01, 0x5B, 0x02, 0xBE, 0x00, 0x01, 0x01, 0x5B, 0x00, 0x00, 0x00, 0x01,
	0x01, 0x80, 0x02, 0xD1, 0x00, 0x01, 0x01, 0x80, 0x00, 0x00, 0x00, 0x01, 0x03, 0x41, 0x00, 0x0A,
	0x00, 0x01, 0x01, 0x81, 0x01, 0x66, 0x00, 0x01, 0x01, 0x7E, 0x02, 0xCD, 0x00, 0x01, 0x01, 0x60,
	0x02, 0xC9, 0x00, 0x01, 0x01, 0x6B, 0x00, 0x00, 0x00, 0x01, 0x01, 0x32, 0x02, 0xD1, 0x00, 0x01,
	0x01, 0x50, 0x00, 0x00, 0x00, 0x01, 0x01, 0x18, 0x02, 0xD1, 0x00, 0x01, 0x01, 0x15, 0x00, 0x00,
	0x00, 0x01, 0x01, 0x0C, 0x02, 0xD1, 0x00, 0x01, 0x01, 0x0C, 0x00, 0x00, 0x00, 0x01, 0x01, 0x0C,
	0x01, 0x91, 0x00, 0x01, 0x01, 0x5B, 0x02, 0xD1, 0x00, 0x01, 0x01, 0x5C, 0x00, 0x00, 0x00, 0x01,
	0x01, 0xB6, 0x00, 0x00, 0x00, 0x01, 0x02, 0x9F, 0x02, 0xC7, 0x00, 0x01, 0x01, 0x84, 0x00, 0x00,
	0x00, 0x01, 0x01, 0xE9, 0x02, 0xD1, 0x00, 0x01, 0x01, 0xE9, 0x00, 0x00, 0x00, 0x01, 0x01, 0x20,
	0x02, 0xD1, 0x00, 0x01, 0x01, 0x30, 0x00, 0x00, 0x00, 0x01, 0x01, 0x1B, 0x02, 0xD1, 0x00, 0x01,
	0x01, 0x1B, 0x00, 0x00, 0x00, 0x01, 0x01, 0x6B, 0x02, 0xD1, 0x00, 0x01, 0x01, 0x85, 0x00, 0x00,
	0x00, 0x01, 0x01, 0x0A, 0x01, 0xEB, 0x00, 0x01, 0x01, 0x9D, 0x00, 0x00, 0x00, 0x01, 0x01, 0xC8,
	0x00, 0x00, 0x00, 0x01, 0x01, 0xAD, 0x01, 0xEB, 0x00, 0x01, 0x02, 0xCC, 0x00, 0x00, 0x00, 0x01,
	0x03, 0xF5, 0xFF, 0xFD, 0x00, 0x01, 0x00, 0x99, 0x02, 0xA0, 0x00, 0x01, 0x01, 0x53, 0x00, 0x00,
	0x00, 0x01, 0x01, 0x08, 0x01, 0xEB, 0x00, 0x01, 0x01, 0xDE, 0x02, 0xA1, 0x00, 0x01, 0x01, 0x09,
	0x00, 0x00, 0x00, 0x01, 0x02, 0x00, 0x02, 0xD9, 0x00, 0x01, 0x01, 0xAC, 0x02, 0x59, 0x00, 0x01,
	0x01, 0x10, 0x00, 0x00, 0x00, 0x01, 0x01, 0x67, 0x00, 0x00, 0x00, 0x01, 0x01, 0x18, 0x01, 0xF4,
	0x00, 0x01, 0x01, 0x28, 0x00, 0x00, 0x00, 0x01, 0x00, 0x9C, 0x02, 0x59, 0x00, 0x01, 0x00, 0x52,
	0x00, 0x01, 0x00, 0x01, 0x01, 0x3C, 0x02, 0x49, 0x00, 0x01, 0x00, 0xFB, 0x00, 0x00, 0x00, 0x01,
	0x00, 0x6E, 0x02, 0xD0, 0x00, 0x01, 0x00, 0x6E, 0x00, 0x00, 0x00, 0x01, 0x00, 0x90, 0x02, 0xD9,
	0x00, 0x01, 0x00, 0x9E, 0x01, 0x51, 0x00, 0x01, 0x00, 0x6E, 0x01, 0x7E, 0x00, 0x01, 0x01, 0xB3,
	0x01, 0xEB, 0x00, 0x01, 0x01, 0xF7, 0x00, 0x00, 0x00, 0x01, 0x01, 0x1B, 0x01, 0xEB, 0x00, 0x01,
	0x01, 0x19, 0x00, 0x00, 0x00, 0x01, 0x01, 0x1C, 0x01, 0xEB, 0x00, 0x01, 0x01, 0x47, 0x00, 0x00,
	0x00, 0x01, 0x01, 0x1C, 0x00, 0xF2, 0x00, 0x01, 0x01, 0x6D, 0x02, 0x49, 0x00, 0x01, 0x01, 0x75,
	0x00, 0x00, 0x00, 0x01, 0x00, 0xF9, 0x02, 0x49, 0x00, 0x01, 0x00, 0xF9, 0x00, 0x00, 0x00, 0x01,
	0x00, 0xB4, 0x01, 0xF0, 0x00, 0x01, 0x00, 0xD7, 0x02, 0x02, 0x00, 0x01, 0x00, 0xD1, 0x00, 0x00,
	0x00, 0x01, 0x00, 0x79, 0x00, 0x00, 0x00, 0x01, 0x00, 0x95, 0x02, 0x49, 0x00, 0x01, 0x00, 0x95,
	0x00, 0x00, 0x00, 0x01, 0x00, 0xB3, 0x02, 0xCE, 0x00, 0x01, 0x00, 0x95, 0x01, 0x2F, 0x00, 0x01,
	0x01, 0x0F, 0x01, 0xEB, 0x00, 0x01, 0x01, 0x12, 0x00, 0x00, 0x00, 0x01, 0x01, 0xE1, 0x00, 0x00,
	0x00, 0x01, 0x01, 0x73, 0x01, 0xEB, 0x00, 0x01, 0x01, 0x8C, 0x00, 0x00, 0x00, 0x01, 0x01, 0x09,
	0x02, 0x49, 0x00, 0x01, 0x01, 0x07, 0x00, 0x00, 0x00, 0x01, 0x00, 0xEB, 0x01, 0xEB, 0x00, 0x01,
	0x00, 0xEC, 0x00, 0x00, 0x00, 0x01, 0x00, 0xDE, 0x01, 0xEB, 0x00, 0x01, 0x00, 0xDE, 0x00, 0x00,
	0x00, 0x01, 0x01, 0x1A, 0x01, 0xF4, 0x00, 0x01, 0x01, 0xD7, 0x00, 0x00, 0x00, 0x01, 0x02, 0x03,
	0x00, 0x00, 0x00, 0x01, 0x01, 0x0E, 0x01, 0xEB, 0x00, 0x01, 0x01, 0x27, 0x00, 0x00, 0x00, 0x01,
	0x00, 0x80, 0x02, 0x7D, 0x00, 0x01, 0x00, 0xC1, 0x00, 0x00, 0x00, 0x01, 0x00, 0xA2, 0x02, 0xCC,
	0x00, 0x01, 0x00, 0xB0, 0x01, 0x2A, 0x00, 0x01, 0x02, 0xBD, 0x00, 0x00, 0x00, 0x01, 0x02, 0xCC,
	0x02, 0xD0, 0x00, 0x01, 0x02, 0xC9, 0x00, 0x00, 0x00, 0x01, 0x02, 0xF3, 0x02, 0xD9, 0x00, 0x01,
	0x01, 0xC6, 0x02, 0x6A, 0x00, 0x01, 0x01, 0xC6, 0x00, 0x00, 0x00, 0x01, 0x02, 0xB6, 0x02, 0x5D,
	0x00, 0x01, 0x01, 0xDD, 0x01, 0x2F, 0x00, 0x01, 0x02, 0x0F, 0x01, 0xEB, 0x00, 0x01, 0x02, 0x10,
	0x00, 0x00, 0x00, 0x01, 0x01, 0x94, 0x00, 0x00, 0x00, 0x01, 0x01, 0xA0, 0x02, 0xD0, 0x00, 0x01,
	0x01, 0xA0, 0x00, 0x00, 0x00, 0x01, 0x02, 0x69, 0x02, 0x65, 0x00, 0x01, 0x01, 0xD1, 0x01, 0x51,
	0x00, 0x01, 0x00, 0x91, 0x02, 0x6A, 0x00, 0x01, 0x01, 0x7E, 0x00, 0x00, 0x00, 0x01, 0x01, 0x82,
	0x02, 0x5D, 0x00, 0x01, 0x00, 0xA9, 0x01, 0x2F, 0x00, 0x01, 0x01, 0xBE, 0x02, 0x6A, 0x00, 0x01,
	0x01, 0xBD, 0x00, 0x00, 0x00, 0x01, 0x02, 0xAF, 0x02, 0x5D, 0x00, 0x01, 0x01, 0xD6, 0x01, 0x2F,
	0x00, 0x01, 0x02, 0x17, 0x01, 0xEB, 0x00, 0x01, 0x02, 0x18, 0x00, 0x00, 0x00, 0x01, 0x00, 0xAD,
	0x01, 0x2F, 0x00, 0x01, 0x00, 0x6B, 0x00, 0x00, 0x00, 0x01, 0x00, 0x8D, 0x00, 0x00, 0x00, 0x01,
	0x00, 0x6B, 0x01, 0xEB, 0x00, 0x02, 0x00, 0x08, 0x00, 0x02, 0x00, 0x0A, 0x20, 0xE4, 0x00, 0x01,
	0x02, 0x76, 0x00, 0x04, 0x00, 0x00, 0x01, 0x36, 0x03, 0x2E, 0x03, 0x2E, 0x03, 0x2E, 0x03, 0x2E,
	0x03, 0x2E, 0x03, 0x2E, 0x03, 0x2E, 0x03, 0x2E, 0x03, 0x2E, 0x03, 0x2E, 0x03, 0x2E, 0x06, 0xD2,
	0x06, 0xD2, 0x03, 0x4C, 0x04, 0x3A, 0x04, 0x3A, 0x04, 0x3A, 0x04, 0x3A, 0x04, 0x3A, 0x04, 0x3A,
	0x20, 0xA4, 0x20, 0xA4, 0x20, 0xA4, 0x20, 0xA4, 0x06, 0xD2, 0x06, 0xD2, 0x06, 0xD2, 0x06, 0xD2,
	0x06, 0xD2, 0x06, 0xD2, 0x06, 0xD2, 0x06, 0xD2, 0x06, 0xD2, 0x06, 0xD2, 0x04, 0x4C, 0x06, 0x8E,
	0x06, 0x8E, 0x06, 0x8E, 0x06, 0x8E, 0x06, 0x8E, 0x06, 0x9C, 0x06, 0x9C, 0x06, 0xA2, 0x06, 0xA2,
	0x06, 0xB4, 0x06, 0xB4, 0x06, 0xB4, 0x06, 0xB4, 0x06, 0xB4, 0x06, 0xB4, 0x20, 0xA4, 0x20, 0xA4,
	0x20, 0xA4, 0x20, 0xA4, 0x20, 0xA4, 0x20, 0xA4, 0x20, 0xA4, 0x20, 0xA4, 0x20, 0xA4, 0x20, 0xA4,
	0x06, 0xD2, 0x06, 0xD8, 0x08, 0x72, 0x09, 0x68, 0x0A, 0x2A, 0x0A, 0x2A, 0x0A, 0x2A, 0x0A, 0x2A,
	0x0A, 0x40, 0x0A, 0x40, 0x0A, 0x40, 0x0A, 0x40, 0x0A, 0x40, 0x0A, 0x40, 0x0A, 0x46, 0x0A, 0x46,
	0x0A, 0x46, 0x0A, 0x46, 0x0A, 0x46, 0x0A, 0x68, 0x0A, 0x68, 0x0A, 0x68, 0x0A, 0x68, 0x0A, 0x68,
	0x0A, 0x68, 0x0A, 0x68, 0x0A, 0x68, 0x0A, 0x68, 0x0A, 0x68, 0x0A, 0x72, 0x0D, 0xB8, 0x0D, 0xB8,
	0x0D, 0xB8, 0x0D, 0xB8, 0x0D, 0xB8, 0x0D, 0xD2, 0x10, 0x30, 0x10, 0x30, 0x10, 0x30, 0x10, 0x30,
	0x10, 0x30, 0x10, 0x4A, 0x10, 0x4A, 0x10, 0x4A, 0x10, 0x4A, 0x20, 0xA4, 0x10, 0x58, 0x10, 0x58,
	0x10, 0x58, 0x10, 0x58, 0x10, 0x58, 0x10, 0x58, 0x10, 0x58, 0x10, 0x58, 0x10, 0x58, 0x10, 0x58,
	0x10, 0x58, 0x10, 0xB4, 0x10, 0xB4, 0x10, 0xCE, 0x10, 0x66, 0x10, 0x66, 0x10, 0x66, 0x10, 0x66,
	0x10, 0x66, 0x10, 0x66, 0x10, 0xCE, 0x10, 0x98, 0x10, 0xB4, 0x10, 0xB4, 0x10, 0xB4, 0x10, 0xB4,
	0x10, 0xB4, 0x10, 0xB4, 0x10, 0xB4, 0x10, 0xB4, 0x10, 0xB4, 0x10, 0xB4, 0x15, 0xFA, 0x10, 0x7C,
	0x10, 0x7C, 0x10, 0x7C, 0x10, 0x7C, 0x10, 0x7C, 0x10, 0xA6, 0x10, 0xA6, 0x20, 0xB6, 0x20, 0xB6,
	0x20, 0xB6, 0x20, 0xB6, 0x20, 0xB6, 0x20, 0xB6, 0x20, 0xB6, 0x20, 0xB6, 0x20, 0xB6, 0x20, 0xB6,
	0x20, 0xB6, 0x10, 0x82, 0x10, 0x82, 0x10, 0x98, 0x10, 0xA6, 0x10, 0xA6, 0x10, 0xA6, 0x10, 0xA6,
	0x10, 0xA6, 0x10, 0xA6, 0x10, 0xA6, 0x10, 0xCE, 0x10, 0xCE, 0x10, 0xCE, 0x10, 0xCE, 0x10, 0xCE,
	0x10, 0xCE, 0x10, 0xCE, 0x10, 0xCE, 0x10, 0xCE, 0x10, 0xCE, 0x10, 0xB4, 0x10, 0xCE, 0x10, 0xCE,
	0x10, 0xE8, 0x11, 0x16, 0x11, 0x16, 0x11, 0x16, 0x11, 0x16, 0x11, 0x30, 0x11, 0x30, 0x11, 0x30,
	0x11, 0x30, 0x11, 0x30, 0x11, 0x30, 0x11, 0x46, 0x20, 0xD0, 0x20, 0xD0, 0x11, 0xCC, 0x20, 0xD0,
	0x20, 0xD0, 0x20, 0xBC, 0x20, 0xBC, 0x20, 0xBC, 0x20, 0xBC, 0x20, 0xBC, 0x20, 0xBC, 0x20, 0xBC,
	0x20, 0xBC, 0x20, 0xBC, 0x20, 0xBC, 0x12, 0x62, 0x14, 0x3C, 0x14, 0x3C, 0x14, 0x3C, 0x14, 0x3C,
	0x14, 0x3C, 0x14, 0x56, 0x16, 0x10, 0x16, 0x10, 0x16, 0x10, 0x16, 0x10, 0x16, 0x10, 0x15, 0xEC,
	0x15, 0xEC, 0x15, 0xEC, 0x15, 0xEC, 0x20, 0xBC, 0x20, 0xC2, 0x20, 0xD0, 0x15, 0xFA, 0x20, 0xB6,
	0x20, 0xD0, 0x16, 0x10, 0x20, 0xB6, 0x20, 0xB6, 0x20, 0xD0, 0x16, 0x10, 0x16, 0x2A, 0x16, 0x54,
	0x16, 0x7A, 0x16, 0xCC, 0x17, 0x0A, 0x17, 0x60, 0x17, 0x92, 0x17, 0xC0, 0x18, 0x3E, 0x18, 0x84,
	0x18, 0xC2, 0x18, 0xCC, 0x18, 0xD2, 0x18, 0xD8, 0x18, 0xEA, 0x18, 0xF4, 0x18, 0xFA, 0x19, 0x10,
	0x1A, 0x3E, 0x1A, 0x58, 0x19, 0x44, 0x19, 0x44, 0x19, 0x16, 0x19, 0x44, 0x19, 0x76, 0x19, 0xB8,
	0x1A, 0x3E, 0x1A, 0x3E, 0x1A, 0x58, 0x1A, 0x5E, 0x1D, 0x14, 0x1D, 0x14, 0x1D, 0x14, 0x1D, 0x22,
	0x1D, 0x22, 0x1D, 0x22, 0x1D, 0x4C, 0x1D, 0x56, 0x1D, 0x4C, 0x1D, 0x56, 0x1D, 0xC8, 0x1D, 0x74,
	0x1D, 0x9A, 0x1D, 0x74, 0x1D, 0x9A, 0x1D, 0xC8, 0x1D, 0xF6, 0x1D, 0xFC, 0x1E, 0x02, 0x1E, 0x90,
	0x20, 0x9E, 0x20, 0x9E, 0x20, 0xA4, 0x20, 0xA4, 0x20, 0xA4, 0x20, 0xA4, 0x20, 0xB6, 0x20, 0xB6,
	0x20, 0xBC, 0x20, 0xBC, 0x20, 0xBC, 0x20, 0xBC, 0x20, 0xBC, 0x20, 0xBC, 0x20, 0xBC, 0x20, 0xBC,
	0x20, 0xBC, 0x20, 0xBC, 0x20, 0xC2, 0x20, 0xC2, 0x20, 0xC2, 0x20, 0xC2, 0x20, 0xD0, 0x20, 0xD0,
	0x20, 0xD0, 0x20, 0xD0, 0x00, 0x02, 0x00, 0x1E, 0x00, 0x01, 0x00, 0x28, 0x00, 0x00, 0x00, 0x34,
	0x00, 0x3D, 0x00, 0x28, 0x00, 0x45, 0x00, 0x90, 0x00, 0x32, 0x00, 0x92, 0x00, 0x93, 0x00, 0x7E,
	0x00, 0x95, 0x00, 0xB3, 0x00, 0x80, 0x00, 0xB6, 0x00, 0xB6, 0x00, 0x9F, 0x00, 0xBA, 0x00, 0xFD,
	0x00, 0xA0, 0x00, 0xFF, 0x01, 0x01, 0x00, 0xE4, 0x01, 0x03, 0x01, 0x05, 0x00, 0xE7, 0x01, 0x08,
	0x01, 0x11, 0x00, 0xEA, 0x01, 0x19, 0x01, 0x19, 0x00, 0xF4, 0x01, 0x27, 0x01, 0x27, 0x00, 0xF5,
	0x01, 0x2A, 0x01, 0x2A, 0x00, 0xF6, 0x01, 0x2D, 0x01, 0x2D, 0x00, 0xF7, 0x01, 0x30, 0x01, 0x31,
	0x00, 0xF8, 0x01, 0x37, 0x01, 0x37, 0x00, 0xFA, 0x01, 0x44, 0x01, 0x44, 0x00, 0xFB, 0x01, 0x4C,
	0x01, 0x4C, 0x00, 0xFC, 0x01, 0x51, 0x01, 0x53, 0x00, 0xFD, 0x01, 0x55, 0x01, 0x55, 0x01, 0x00,
	0x01, 0x57, 0x01, 0x5D, 0x01, 0x01, 0x01, 0x5F, 0x01, 0x5F, 0x01, 0x08, 0x01, 0x61, 0x01, 0x61,
	0x01, 0x09, 0x01, 0x63, 0x01, 0x63, 0x01, 0x0A, 0x01, 0x65, 0x01, 0x72, 0x01, 0x0B, 0x01, 0x76,
	0x01, 0x76, 0x01, 0x19, 0x01, 0xA6, 0x01, 0xA7, 0x01, 0x1A, 0x01, 0xAB, 0x01, 0xAC, 0x01, 0x1C,
	0x01, 0xD7, 0x01, 0xDA, 0x01, 0x1E, 0x01, 0xDC, 0x01, 0xEF, 0x01, 0x22, 0x00, 0x07, 0x00, 0x6C,
	0xFF, 0xA5, 0x00, 0xE9, 0xFF, 0xE0, 0x01, 0x58, 0xFF, 0xE2, 0x01, 0x5D, 0x00, 0x04, 0x01, 0xA6,
	0xFF, 0xE7, 0x01, 0xA7, 0xFF, 0xFC, 0x01, 0xAD, 0xFF, 0xA6, 0x00, 0x3B, 0x00, 0x01, 0xFF, 0xF6,
	0x00, 0x02, 0xFF, 0xF6, 0x00, 0x03, 0xFF, 0xF6, 0x00, 0x04, 0xFF, 0xF6, 0x00, 0x05, 0xFF, 0xF6,
	0x00, 0x06, 0xFF, 0xF6, 0x00, 0x07, 0xFF, 0xF6, 0x00, 0x08, 0xFF, 0xF6, 0x00, 0x09, 0xFF, 0xF6,
	0x00, 0x0A, 0xFF, 0xF6, 0x00, 0x0B, 0xFF, 0xF6, 0x00, 0x0C, 0xFF, 0xF6, 0x00, 0x0D, 0xFF, 0xF6,
	0x00, 0x34, 0x00, 0x02, 0x00, 0x35, 0x00, 0x02, 0x00, 0x5D, 0xFF, 0xEE, 0x00, 0x5E, 0xFF, 0xEE,
	0x00, 0x5F, 0xFF, 0xEE, 0x00, 0x60, 0xFF, 0xEE, 0x00, 0x61, 0xFF, 0xEE, 0x00, 0x6C, 0xFF, 0xEC,
	0x00, 0x6D, 0xFF, 0xF1, 0x00, 0x6E, 0xFF, 0xF1, 0x00, 0x6F, 0xFF, 0xF1, 0x00, 0x70, 0xFF, 0xF1,
	0x00, 0x71, 0xFF, 0xF1, 0x00, 0x72, 0xFF, 0xF3, 0x00, 0x73, 0xFF, 0xEA, 0x00, 0x74, 0xFF, 0xEA,
	0x00, 0x75, 0xFF, 0xEA, 0x00, 0x76, 0xFF, 0xEA, 0x00, 0x77, 0xFF, 0xEA, 0x00, 0xE9, 0xFF, 0xF6,
	0x00, 0xEA, 0xFF, 0xF6, 0x00, 0xEB, 0xFF, 0xF6, 0x00, 0xEC, 0xFF, 0xF6, 0x00, 0xED, 0xFF, 0xF6,
	0x00, 0xEE, 0xFF, 0xF6, 0x00, 0xF0, 0xFF, 0xF6, 0x00, 0xF1, 0xFF, 0xF6, 0x00, 0xF2, 0xFF, 0xF6,
	0x00, 0xF3, 0xFF, 0xF6, 0x00, 0xF4, 0xFF, 0xF6, 0x00, 0xFA, 0xFF, 0xF8, 0x01, 0x4C, 0x00, 0x04,
	0x01, 0x52, 0xFF, 0xF1, 0x01, 0x53, 0xFF, 0xF1, 0x01, 0x57, 0xFF, 0xF1, 0x01, 0x5A, 0x00, 0x04,
	0x01, 0x5B, 0x00, 0x04, 0x01, 0x5D, 0xFF, 0xF6, 0x01, 0x65, 0xFF, 0xF6, 0x01, 0x66, 0xFF, 0xF6,
	0x01, 0x67, 0xFF, 0xF6, 0x01, 0xAD, 0xFF, 0xE7, 0x01, 0xE8, 0xFF, 0xF8, 0x01, 0xE9, 0xFF, 0xF8,
	0x01, 0xEA, 0xFF, 0xF8, 0x01, 0xEB, 0xFF, 0xF8, 0x00, 0x04, 0x00, 0x6C, 0xFF, 0xEC, 0x00, 0x72,
	0xFF, 0xF6, 0x01, 0x5D, 0xFF, 0xEC, 0x01, 0xAD, 0xFF, 0xF6, 0x00, 0x90, 0x00, 0x01, 0xFF, 0xD3,
	0x00, 0x02, 0xFF, 0xD3, 0x00, 0x03, 0xFF, 0xD3, 0x00, 0x04, 0xFF, 0xD3, 0x00, 0x05, 0xFF, 0xD3,
	0x00, 0x06, 0xFF, 0xD3, 0x00, 0x07, 0xFF, 0xD3, 0x00, 0x08, 0xFF, 0xD3, 0x00, 0x09, 0xFF, 0xD3,
	0x00, 0x0A, 0xFF, 0xD3, 0x00, 0x0B, 0xFF, 0xD3, 0x00, 0x0C, 0xFF, 0xD3, 0x00, 0x0D, 0xFF, 0xD3,
	0x00, 0x34, 0xFF, 0xD4, 0x00, 0x35, 0xFF, 0xD4, 0x00, 0x7D, 0xFF, 0xD8, 0x00, 0x7E, 0xFF, 0xD8,
	0x00, 0x7F, 0xFF, 0xD8, 0x00, 0x80, 0xFF, 0xD8, 0x00, 0x81, 0xFF, 0xD8, 0x00, 0x82, 0xFF, 0xD8,
	0x00, 0x83, 0xFF, 0xD8, 0x00, 0x84, 0xFF, 0xD8, 0x00, 0x85, 0xFF, 0xD8, 0x00, 0x86, 0xFF, 0xD8,
	0x00, 0x87, 0xFF, 0xD8, 0x00, 0x88, 0xFF, 0xD8, 0x00, 0x89, 0xFF, 0xD8, 0x00, 0x8B, 0xFF, 0xDA,
	0x00, 0x8C, 0xFF, 0xDA, 0x00, 0x8D, 0xFF, 0xDA, 0x00, 0x8E, 0xFF, 0xDA, 0x00, 0x8F, 0xFF, 0xDA,
	0x00, 0x90, 0xFF, 0xDA, 0x00, 0x91, 0xFF, 0xDA, 0x00, 0x92, 0xFF, 0xDA, 0x00, 0x93, 0xFF, 0xDA,
	0x00, 0x94, 0xFF, 0xDA, 0x00, 0x95, 0xFF, 0xDA, 0x00, 0x96, 0xFF, 0xDA, 0x00, 0x97, 0xFF, 0xDA,
	0x00, 0x98, 0xFF, 0xDA, 0x00, 0x99, 0xFF, 0xDA, 0x00, 0x9A, 0xFF, 0xDA, 0x00, 0x9B, 0xFF, 0xDA,
	0x00, 0x9C, 0xFF, 0xDA, 0x00, 0x9D, 0xFF, 0xDA, 0x00, 0x9E, 0xFF, 0xDA, 0x00, 0xA0, 0xFF, 0xE2,
	0x00, 0xA1, 0xFF, 0xE2, 0x00, 0xA2, 0xFF, 0xE2, 0x00, 0xA3, 0xFF, 0xE2, 0x00, 0xA4, 0xFF, 0xE2,
	0x00, 0xBA, 0xFF, 0xE2, 0x00, 0xBB, 0xFF, 0xE2, 0x00, 0xBC, 0xFF, 0xE2, 0x00, 0xBD, 0xFF, 0xE2,
	0x00, 0xBE, 0xFF, 0xE2, 0x00, 0xBF, 0xFF, 0xE2, 0x00, 0xC0, 0xFF, 0xE2, 0x00, 0xC1, 0xFF, 0xDA,
	0x00, 0xC2, 0xFF, 0xDA, 0x00, 0xC3, 0xFF, 0xDA, 0x00, 0xC4, 0xFF, 0xDA, 0x00, 0xC5, 0xFF, 0xDA,
	0x00, 0xC6, 0xFF, 0xDA, 0x00, 0xC7, 0xFF, 0xDA, 0x00, 0xC8, 0xFF, 0xDA, 0x00, 0xC9, 0xFF, 0xDA,
	0x00, 0xCA, 0xFF, 0xDA, 0x00, 0xCB, 0xFF, 0xDA, 0x00, 0xCC, 0xFF, 0xE2, 0x00, 0xCE, 0xFF, 0xDA,
	0x00, 0xCF, 0xFF, 0xE2, 0x00, 0xD0, 0xFF, 0xE2, 0x00, 0xD1, 0xFF, 0xE2, 0x00, 0xD2, 0xFF, 0xE2,
	0x00, 0xD3, 0xFF, 0xF2, 0x00, 0xD4, 0xFF, 0xF2, 0x00, 0xD5, 0xFF, 0xF2, 0x00, 0xD6, 0xFF, 0xF2,
	0x00, 0xD7, 0xFF, 0xF2, 0x00, 0xD8, 0xFF, 0xF2, 0x00, 0xDF, 0xFF, 0xE2, 0x00, 0xE0, 0xFF, 0xE2,
	0x00, 0xE1, 0xFF, 0xE2, 0x00, 0xE2, 0xFF, 0xE2, 0x00, 0xE3, 0xFF, 0xE2, 0x00, 0xE4, 0xFF, 0xE2,
	0x00, 0xE5, 0xFF, 0xE2, 0x00, 0xE6, 0xFF, 0xE2, 0x00, 0xE7, 0xFF, 0xE2, 0x00, 0xE8, 0xFF, 0xE2,
	0x00, 0xE9, 0xFF, 0xEA, 0x00, 0xEA, 0xFF, 0xEA, 0x00, 0xEB, 0xFF, 0xEA, 0x00, 0xEC, 0xFF, 0xEA,
	0x00, 0xED, 0xFF, 0xEA, 0x00, 0xEE, 0xFF, 0xEA, 0x00, 0xEF, 0xFF, 0xEA, 0x00, 0xF0, 0xFF, 0xEA,
	0x00, 0xF1, 0xFF, 0xEA, 0x00, 0xF2, 0xFF, 0xEA, 0x00, 0xF3, 0xFF, 0xEA, 0x00, 0xF4, 0xFF, 0xEA,
	0x00, 0xF5, 0xFF, 0xF4, 0x00, 0xF6, 0xFF, 0xF4, 0x00, 0xF7, 0xFF, 0xF4, 0x00, 0xF8, 0xFF, 0xF4,
	0x00, 0xF9, 0xFF, 0xDA, 0x00, 0xFA, 0xFF, 0xDA, 0x01, 0x4C, 0x00, 0x04, 0x01, 0x52, 0xFF, 0x92,
	0x01, 0x53, 0xFF, 0x92, 0x01, 0x57, 0xFF, 0x92, 0x01, 0x5A, 0x00, 0x04, 0x01, 0x5B, 0x00, 0x04,
	0x01, 0x5D, 0xFF, 0xC4, 0x01, 0x60, 0x00, 0x14, 0x01, 0x62, 0x00, 0x14, 0x01, 0x64, 0x00, 0x14,
	0x01, 0x65, 0xFF, 0xEC, 0x01, 0x66, 0xFF, 0xEC, 0x01, 0x67, 0xFF, 0xEC, 0x01, 0x68, 0xFF, 0xF6,
	0x01, 0x6A, 0xFF, 0xF6, 0x01, 0x6E, 0x00, 0x1C, 0x01, 0x70, 0x00, 0x1C, 0x01, 0xA7, 0xFF, 0xE2,
	0x01, 0xAD, 0x00, 0x0C, 0x01, 0xDE, 0xFF, 0xDA, 0x01, 0xDF, 0xFF, 0xDA, 0x01, 0xE0, 0xFF, 0xDA,
	0x01, 0xE1, 0xFF, 0xDA, 0x01, 0xE2, 0xFF, 0xDA, 0x01, 0xE3, 0xFF, 0xDA, 0x01, 0xE4, 0xFF, 0xDA,
	0x01, 0xE5, 0xFF, 0xDA, 0x01, 0xE6, 0xFF, 0xDA, 0x01, 0xE7, 0xFF, 0xDA, 0x01, 0xE8, 0xFF, 0xDA,
	0x01, 0xE9, 0xFF, 0xDA, 0x01, 0xEA, 0xFF, 0xDA, 0x01, 0xEB, 0xFF, 0xDA, 0x00, 0x03, 0x00, 0x6C,
	0xFF, 0xED, 0x01, 0x5D, 0x00, 0x18, 0x01, 0xAD, 0xFF, 0xF6, 0x00, 0x01, 0x01, 0x5D, 0xFF, 0xEC,
	0x00, 0x04, 0x00, 0xE9, 0xFF, 0xD6, 0x01, 0x5D, 0x00, 0x0A, 0x01, 0xA6, 0xFF, 0xCE, 0x01, 0xA7,
	0xFF, 0xE2, 0x00, 0x07, 0x00, 0x6C, 0xFF, 0xC0, 0x00, 0xE9, 0xFF, 0xD8, 0x01, 0x58, 0xFF, 0xD8,
	0x01, 0x5D, 0x00, 0x1A, 0x01, 0xA6, 0xFF, 0xE2, 0x01, 0xA7, 0xFF, 0xF6, 0x01, 0xAD, 0xFF, 0x9C,
	0x00, 0x01, 0x00, 0xE9, 0xFF, 0xFA, 0x00, 0x66, 0x00, 0x01, 0xFF, 0xE3, 0x00, 0x02, 0xFF, 0xE3,
	0x00, 0x03, 0xFF, 0xE3, 0x00, 0x04, 0xFF, 0xE3, 0x00, 0x05, 0xFF, 0xE3, 0x00, 0x06, 0xFF, 0xE3,
	0x00, 0x07, 0xFF, 0xE3, 0x00, 0x08, 0xFF, 0xE3, 0x00, 0x09, 0xFF, 0xE3, 0x00, 0x0A, 0xFF, 0xE3,
	0x00, 0x0B, 0xFF, 0xE3, 0x00, 0x0C, 0xFF, 0xE3, 0x00, 0x0D, 0xFF, 0xE3, 0x00, 0x34, 0xFF, 0xCC,
	0x00, 0x35, 0xFF, 0xCC, 0x00, 0x7D, 0xFF, 0xEC, 0x00, 0x7E, 0xFF, 0xEC, 0x00, 0x7F, 0xFF, 0xEC,
	0x00, 0x80, 0xFF, 0xEC, 0x00, 0x81, 0xFF, 0xEC, 0x00, 0x82, 0xFF, 0xEC, 0x00, 0x83, 0xFF, 0xEC,
	0x00, 0x84, 0xFF, 0xEC, 0x00, 0x85, 0xFF, 0xEC, 0x00, 0x86, 0xFF, 0xEC, 0x00, 0x87, 0xFF, 0xEC,
	0x00, 0x88, 0xFF, 0xEC, 0x00, 0x89, 0xFF, 0xEC, 0x00, 0x8B, 0xFF, 0xEB, 0x00, 0x8C, 0xFF, 0xEB,
	0x00, 0x8D, 0xFF, 0xEB, 0x00, 0x8E, 0xFF, 0xEB, 0x00, 0x8F, 0xFF, 0xEB, 0x00, 0x90, 0xFF, 0xEB,
	0x00, 0x91, 0xFF, 0xEB, 0x00, 0x92, 0xFF, 0xEB, 0x00, 0x93, 0xFF, 0xEB, 0x00, 0x94, 0xFF, 0xEB,
	0x00, 0x95, 0xFF, 0xEB, 0x00, 0x96, 0xFF, 0xEB, 0x00, 0x97, 0xFF, 0xEB, 0x00, 0x98, 0xFF, 0xEB,
	0x00, 0x99, 0xFF, 0xEB, 0x00, 0x9A, 0xFF, 0xEB, 0x00, 0x9B, 0xFF, 0xEB, 0x00, 0x9C, 0xFF, 0xEB,
	0x00, 0x9D, 0xFF, 0xEB, 0x00, 0x9E, 0xFF, 0xEB, 0x00, 0xA0, 0xFF, 0xEB, 0x00, 0xA1, 0xFF, 0xEB,
	0x00, 0xA2, 0xFF, 0xEB, 0x00, 0xA3, 0xFF, 0xEB, 0x00, 0xA4, 0xFF, 0xEB, 0x00, 0xC1, 0xFF, 0xEB,
	0x00, 0xC2, 0xFF, 0xEB, 0x00, 0xC3, 0xFF, 0xEB, 0x00, 0xC4, 0xFF, 0xEB, 0x00, 0xC5, 0xFF, 0xEB,
	0x00, 0xC6, 0xFF, 0xEB, 0x00, 0xC7, 0xFF, 0xEB, 0x00, 0xC8, 0xFF, 0xEB, 0x00, 0xC9, 0xFF, 0xEB,
	0x00, 0xCA, 0xFF, 0xEB, 0x00, 0xCB, 0xFF, 0xEB, 0x00, 0xCE, 0xFF, 0xEB, 0x00, 0xD3, 0xFF, 0xFE,
	0x00, 0xD4, 0xFF, 0xFE, 0x00, 0xD5, 0xFF, 0xFE, 0x00, 0xD6, 0xFF, 0xFE, 0x00, 0xD7, 0xFF, 0xFE,
	0x00, 0xD8, 0xFF, 0xFE, 0x00, 0xF9, 0xFF, 0xEB, 0x00, 0xFA, 0xFF, 0xEB, 0x01, 0x4C, 0x00, 0x14,
	0x01, 0x52, 0xFF, 0xA8, 0x01, 0x53, 0xFF, 0xA8, 0x01, 0x57, 0xFF, 0xA8, 0x01, 0x5A, 0x00, 0x14,
	0x01, 0x5B, 0x00, 0x14, 0x01, 0x5D, 0xFF, 0xD4, 0x01, 0x65, 0xFF, 0xE2, 0x01, 0x66, 0xFF, 0xE2,
	0x01, 0x67, 0xFF, 0xE2, 0x01, 0x68, 0xFF, 0xEC, 0x01, 0x6A, 0xFF, 0xEC, 0x01, 0xA7, 0xFF, 0xE2,
	0x01, 0xAB, 0x00, 0x14, 0x01, 0xAC, 0x00, 0x14, 0x01, 0xDE, 0xFF, 0xEB, 0x01, 0xDF, 0xFF, 0xEB,
	0x01, 0xE0, 0xFF, 0xEB, 0x01, 0xE1, 0xFF, 0xEB, 0x01, 0xE2, 0xFF, 0xEB, 0x01, 0xE3, 0xFF, 0xEB,
	0x01, 0xE4, 0xFF, 0xEB, 0x01, 0xE5, 0xFF, 0xEB, 0x01, 0xE6, 0xFF, 0xEB, 0x01, 0xE7, 0xFF, 0xEB,
	0x01, 0xE8, 0xFF, 0xEB, 0x01, 0xE9, 0xFF, 0xEB, 0x01, 0xEA, 0xFF, 0xEB, 0x01, 0xEB, 0xFF, 0xEB,
	0x00, 0x3D, 0x00, 0x01, 0xFF, 0xF2, 0x00, 0x02, 0xFF, 0xF2, 0x00, 0x03, 0xFF, 0xF2, 0x00, 0x04,
	0xFF, 0xF2, 0x00, 0x05, 0xFF, 0xF2, 0x00, 0x06, 0xFF, 0xF2, 0x00, 0x07, 0xFF, 0xF2, 0x00, 0x08,
	0xFF, 0xF2, 0x00, 0x09, 0xFF, 0xF2, 0x00, 0x0A, 0xFF, 0xF2, 0x00, 0x0B, 0xFF, 0xF2, 0x00, 0x0C,
	0xFF, 0xF2, 0x00, 0x0D, 0xFF, 0xF2, 0x00, 0x6C, 0xFF, 0xE8, 0x00, 0x6D, 0xFF, 0xF2, 0x00, 0x6E,
	0xFF, 0xF2, 0x00, 0x6F, 0xFF, 0xF2, 0x00, 0x70, 0xFF, 0xF2, 0x00, 0x71, 0xFF, 0xF2, 0x00, 0x72,
	0xFF, 0xE6, 0x00, 0x73, 0xFF, 0xDC, 0x00, 0x74, 0xFF, 0xDC, 0x00, 0x75, 0xFF, 0xDC, 0x00, 0x76,
	0xFF, 0xDC, 0x00, 0x77, 0xFF, 0xDC, 0x00, 0xD3, 0x00, 0x10, 0x00, 0xD4, 0x00, 0x10, 0x00, 0xD5,
	0x00, 0x10, 0x00, 0xD6, 0x00, 0x10, 0x00, 0xD7, 0x00, 0x10, 0x00, 0xD8, 0x00, 0x10, 0x00, 0xE9,
	0x00, 0x10, 0x00, 0xEA, 0x00, 0x10, 0x00, 0xEB, 0x00, 0x10, 0x00, 0xEC, 0x00, 0x10, 0x00, 0xED,
	0x00, 0x10, 0x00, 0xEE, 0x00, 0x10, 0x00, 0xEF, 0x00, 0x08, 0x00, 0xF0, 0x00, 0x10, 0x00, 0xF1,
	0x00, 0x10, 0x00, 0xF2, 0x00, 0x10, 0x00, 0xF3, 0x00, 0x10, 0x00, 0xF4, 0x00, 0x10, 0x01, 0x4C,
	0xFF, 0xF6, 0x01, 0x52, 0xFF, 0xCA, 0x01, 0x53, 0xFF, 0xCA, 0x01, 0x57, 0xFF, 0xCA, 0x01, 0x5A,
	0xFF, 0xF6, 0x01, 0x5B, 0xFF, 0xF6, 0x01, 0x5D, 0xFF, 0xEA, 0x01, 0x65, 0x00, 0x0A, 0x01, 0x66,
	0x00, 0x0A, 0x01, 0x67, 0x00, 0x0A, 0x01, 0x6D, 0xFF, 0xE0, 0x01, 0x6E, 0xFF, 0xD8, 0x01, 0x6F,
	0xFF, 0xE0, 0x01, 0x70, 0xFF, 0xD8, 0x01, 0xA7, 0xFF, 0xFE, 0x01, 0xAB, 0xFF, 0xFE, 0x01, 0xAC,
	0xFF, 0xFE, 0x01, 0xAD, 0xFF, 0xE2, 0x00, 0x30, 0x00, 0x01, 0xFF, 0xE9, 0x00, 0x02, 0xFF, 0xE9,
	0x00, 0x03, 0xFF, 0xE9, 0x00, 0x04, 0xFF, 0xE9, 0x00, 0x05, 0xFF, 0xE9, 0x00, 0x06, 0xFF, 0xE9,
	0x00, 0x07, 0xFF, 0xE9, 0x00, 0x08, 0xFF, 0xE9, 0x00, 0x09, 0xFF, 0xE9, 0x00, 0x0A, 0xFF, 0xE9,
	0x00, 0x0B, 0xFF, 0xE9, 0x00, 0x0C, 0xFF, 0xE9, 0x00, 0x0D, 0xFF, 0xE9, 0x00, 0x5D, 0xFF, 0xE7,
	0x00, 0x5E, 0xFF, 0xE7, 0x00, 0x5F, 0xFF, 0xE7, 0x00, 0x60, 0xFF, 0xE7, 0x00, 0x61, 0xFF, 0xE7,
	0x00, 0x6C, 0xFF, 0xE4, 0x00, 0x6D, 0xFF, 0xEA, 0x00, 0x6E, 0xFF, 0xEA, 0x00, 0x6F, 0xFF, 0xEA,
	0x00, 0x70, 0xFF, 0xEA, 0x00, 0x71, 0xFF, 0xEA, 0x00, 0x72, 0xFF, 0xEB, 0x00, 0x73, 0xFF, 0xD0,
	0x00, 0x74, 0xFF, 0xD0, 0x00, 0x75, 0xFF, 0xD0, 0x00, 0x76, 0xFF, 0xD0, 0x00, 0x77, 0xFF, 0xD0,
	0x00, 0x78, 0x00, 0x04, 0x00, 0x79, 0x00, 0x04, 0x00, 0x7A, 0x00, 0x04, 0x00, 0x7B, 0x00, 0x04,
	0x01, 0x4C, 0xFF, 0xF6, 0x01, 0x52, 0xFF, 0xEC, 0x01, 0x53, 0xFF, 0xEC, 0x01, 0x57, 0xFF, 0xEC,
	0x01, 0x5A, 0xFF, 0xF6, 0x01, 0x5B, 0xFF, 0xF6, 0x01, 0x5D, 0xFF, 0xFC, 0x01, 0x6C, 0xFF, 0xE2,
	0x01, 0x6D, 0xFF, 0xDC, 0x01, 0x6E, 0xFF, 0xD8, 0x01, 0x6F, 0xFF, 0xDC, 0x01, 0x70, 0xFF, 0xD8,
	0x01, 0x71, 0xFF, 0xE2, 0x01, 0xAD, 0xFF, 0xE2, 0x00, 0x05, 0x00, 0x6C, 0xFF, 0xFA, 0x00, 0xE9,
	0xFF, 0xFE, 0x01, 0xA6, 0xFF, 0xEC, 0x01, 0xA7, 0xFF, 0xE2, 0x01, 0xAD, 0xFF, 0xEC, 0x00, 0x01,
	0x00, 0x6C, 0xFF, 0xF1, 0x00, 0x08, 0x00, 0x6C, 0x00, 0x0A, 0x00, 0xE9, 0xFF, 0xDE, 0x00, 0xEF,
	0xFF, 0xDE, 0x01, 0x58, 0xFF, 0xFE, 0x01, 0x5D, 0xFF, 0xC0, 0x01, 0xA6, 0xFF, 0xD8, 0x01, 0xA7,
	0xFF, 0xD8, 0x01, 0xAD, 0x00, 0x1E, 0x00, 0x02, 0x01, 0x5D, 0xFF, 0xEC, 0x01, 0xA7, 0xFF, 0xFD,
	0x00, 0xD1, 0x00, 0x01, 0xFF, 0xA5, 0x00, 0x02, 0xFF, 0xA5, 0x00, 0x03, 0xFF, 0xA5, 0x00, 0x04,
	0xFF, 0xA5, 0x00, 0x05, 0xFF, 0xA5, 0x00, 0x06, 0xFF, 0xA5, 0x00, 0x07, 0xFF, 0xA5, 0x00, 0x08,
	0xFF, 0xA5, 0x00, 0x09, 0xFF, 0xA5, 0x00, 0x0A, 0xFF, 0xA5, 0x00, 0x0B, 0xFF, 0xA5, 0x00, 0x0C,
	0xFF, 0xA5, 0x00, 0x0D, 0xFF, 0xA5, 0x00, 0x0F, 0xFF, 0xE4, 0x00, 0x10, 0xFF, 0xE4, 0x00, 0x11,
	0xFF, 0xE4, 0x00, 0x12, 0xFF, 0xE4, 0x00, 0x13, 0xFF, 0xE4, 0x00, 0x14, 0xFF, 0xE4, 0x00, 0x24,
	0xFF, 0xE4, 0x00, 0x25, 0xFF, 0xE4, 0x00, 0x26, 0xFF, 0xE4, 0x00, 0x27, 0xFF, 0xE4, 0x00, 0x28,
	0xFF, 0xE4, 0x00, 0x34, 0xFF, 0xB1, 0x00, 0x35, 0xFF, 0xB1, 0x00, 0x45, 0xFF, 0xE4, 0x00, 0x46,
	0xFF, 0xE4, 0x00, 0x47, 0xFF, 0xE4, 0x00, 0x48, 0xFF, 0xE4, 0x00, 0x49, 0xFF, 0xE4, 0x00, 0x4A,
	0xFF, 0xE4, 0x00, 0x4B, 0xFF, 0xE4, 0x00, 0x4C, 0xFF, 0xE4, 0x00, 0x4D, 0xFF, 0xE4, 0x00, 0x4E,
	0xFF, 0xE4, 0x00, 0x4F, 0xFF, 0xE4, 0x00, 0x52, 0xFF, 0xE4, 0x00, 0x57, 0xFF, 0xFE, 0x00, 0x58,
	0xFF, 0xFE, 0x00, 0x59, 0xFF, 0xFE, 0x00, 0x5A, 0xFF, 0xFE, 0x00, 0x5B, 0xFF, 0xFE, 0x00, 0x5C,
	0xFF, 0xFE, 0x00, 0x5D, 0x00, 0x0A, 0x00, 0x5E, 0x00, 0x0A, 0x00, 0x5F, 0x00, 0x0A, 0x00, 0x60,
	0x00, 0x0A, 0x00, 0x61, 0x00, 0x0A, 0x00, 0x7C, 0xFF, 0xE4, 0x00, 0x7D, 0xFF, 0xB6, 0x00, 0x7E,
	0xFF, 0xB6, 0x00, 0x7F, 0xFF, 0xB6, 0x00, 0x80, 0xFF, 0xB6, 0x00, 0x81, 0xFF, 0xB6, 0x00, 0x82,
	0xFF, 0xB6, 0x00, 0x83, 0xFF, 0xB6, 0x00, 0x84, 0xFF, 0xB6, 0x00, 0x85, 0xFF, 0xB6, 0x00, 0x86,
	0xFF, 0xB6, 0x00, 0x87, 0xFF, 0xB6, 0x00, 0x88, 0xFF, 0xB6, 0x00, 0x89, 0xFF, 0xB6, 0x00, 0x8B,
	0xFF, 0xB6, 0x00, 0x8C, 0xFF, 0xB6, 0x00, 0x8D, 0xFF, 0xB6, 0x00, 0x8E, 0xFF, 0xB6, 0x00, 0x8F,
	0xFF, 0xB6, 0x00, 0x90, 0xFF, 0xB6, 0x00, 0x91, 0xFF, 0xB6, 0x00, 0x92, 0xFF, 0xB6, 0x00, 0x93,
	0xFF, 0xB6, 0x00, 0x94, 0xFF, 0xB6, 0x00, 0x95, 0xFF, 0xB6, 0x00, 0x96, 0xFF, 0xB6, 0x00, 0x97,
	0xFF, 0xB6, 0x00, 0x98, 0xFF, 0xB6, 0x00, 0x99, 0xFF, 0xB6, 0x00, 0x9A, 0xFF, 0xB6, 0x00, 0x9B,
	0xFF, 0xB6, 0x00, 0x9C, 0xFF, 0xB6, 0x00, 0x9D, 0xFF, 0xB6, 0x00, 0x9E, 0xFF, 0xB6, 0x00, 0x9F,
	0xFF, 0xFA, 0x00, 0xA0, 0xFF, 0xB6, 0x00, 0xA1, 0xFF, 0xB6, 0x00, 0xA2, 0xFF, 0xB6, 0x00, 0xA3,
	0xFF, 0xB6, 0x00, 0xA4, 0xFF, 0xB6, 0x00, 0xBA, 0xFF, 0xD4, 0x00, 0xBB, 0xFF, 0xD4, 0x00, 0xBC,
	0xFF, 0xD4, 0x00, 0xBD, 0xFF, 0xD4, 0x00, 0xBE, 0xFF, 0xD4, 0x00, 0xBF, 0xFF, 0xD4, 0x00, 0xC0,
	0xFF, 0xD4, 0x00, 0xC1, 0xFF, 0xB6, 0x00, 0xC2, 0xFF, 0xB6, 0x00, 0xC3, 0xFF, 0xB6, 0x00, 0xC4,
	0xFF, 0xB6, 0x00, 0xC5, 0xFF, 0xB6, 0x00, 0xC6, 0xFF, 0xB6, 0x00, 0xC7, 0xFF, 0xB6, 0x00, 0xC8,
	0xFF, 0xB6, 0x00, 0xC9, 0xFF, 0xB6, 0x00, 0xCA, 0xFF, 0xB6, 0x00, 0xCB, 0xFF, 0xB6, 0x00, 0xCC,
	0xFF, 0xD4, 0x00, 0xCE, 0xFF, 0xB6, 0x00, 0xCF, 0xFF, 0xD4, 0x00, 0xD0, 0xFF, 0xD4, 0x00, 0xD1,
	0xFF, 0xD4, 0x00, 0xD2, 0xFF, 0xD4, 0x00, 0xD3, 0xFF, 0xD1, 0x00, 0xD4, 0xFF, 0xD1, 0x00, 0xD5,
	0xFF, 0xD1, 0x00, 0xD6, 0xFF, 0xD1, 0x00, 0xD7, 0xFF, 0xD1, 0x00, 0xD8, 0xFF, 0xD1, 0x00, 0xDA,
	0xFF, 0xFC, 0x00, 0xDB, 0xFF, 0xFC, 0x00, 0xDC, 0xFF, 0xFC, 0x00, 0xDD, 0xFF, 0xFC, 0x00, 0xDE,
	0xFF, 0xFC, 0x00, 0xDF, 0xFF, 0xD4, 0x00, 0xE0, 0xFF, 0xD4, 0x00, 0xE1, 0xFF, 0xD4, 0x00, 0xE2,
	0xFF, 0xD4, 0x00, 0xE3, 0xFF, 0xD4, 0x00, 0xE4, 0xFF, 0xD4, 0x00, 0xE5, 0xFF, 0xD4, 0x00, 0xE6,
	0xFF, 0xD4, 0x00, 0xE7, 0xFF, 0xD4, 0x00, 0xE8, 0xFF, 0xD4, 0x00, 0xE9, 0xFF, 0xE8, 0x00, 0xEA,
	0xFF, 0xDE, 0x00, 0xEB, 0xFF, 0xDE, 0x00, 0xEC, 0xFF, 0xDE, 0x00, 0xED, 0xFF, 0xDE, 0x00, 0xEE,
	0xFF, 0xDE, 0x00, 0xEF, 0xFF, 0xDE, 0x00, 0xF0, 0xFF, 0xE8, 0x00, 0xF1, 0xFF, 0xE8, 0x00, 0xF2,
	0xFF, 0xE8, 0x00, 0xF3, 0xFF, 0xE8, 0x00, 0xF4, 0xFF, 0xE8, 0x00, 0xF5, 0xFF, 0xE8, 0x00, 0xF6,
	0xFF, 0xE8, 0x00, 0xF7, 0xFF, 0xE8, 0x00, 0xF8, 0xFF, 0xE8, 0x00, 0xF9, 0xFF, 0xB6, 0x00, 0xFA,
	0xFF, 0xB6, 0x00, 0xFB, 0xFF, 0xFC, 0x00, 0xFC, 0xFF, 0xFA, 0x00, 0xFD, 0xFF, 0xFA, 0x00, 0xFE,
	0xFF, 0xFA, 0x00, 0xFF, 0xFF, 0xFA, 0x01, 0x00, 0xFF, 0xFA, 0x01, 0x01, 0xFF, 0xFA, 0x01, 0x02,
	0xFF, 0xFA, 0x01, 0x03, 0xFF, 0xFC, 0x01, 0x04, 0xFF, 0xFC, 0x01, 0x05, 0xFF, 0xFC, 0x01, 0x4C,
	0x00, 0x14, 0x01, 0x51, 0xFF, 0xD6, 0x01, 0x52, 0xFF, 0xA4, 0x01, 0x53, 0xFF, 0xA4, 0x01, 0x57,
	0xFF, 0xA4, 0x01, 0x58, 0xFF, 0xFC, 0x01, 0x5A, 0x00, 0x14, 0x01, 0x5B, 0x00, 0x14, 0x01, 0x5C,
	0xFF, 0xD6, 0x01, 0x5D, 0xFF, 0xBC, 0x01, 0x65, 0xFF, 0xC0, 0x01, 0x66, 0xFF, 0xC0, 0x01, 0x67,
	0xFF, 0xC0, 0x01, 0x68, 0xFF, 0xC4, 0x01, 0x69, 0xFF, 0xE8, 0x01, 0x6A, 0xFF, 0xC4, 0x01, 0x6B,
	0xFF, 0xE8, 0x01, 0x6C, 0xFF, 0xB0, 0x01, 0x71, 0xFF, 0xB0, 0x01, 0xA6, 0xFF, 0xD4, 0x01, 0xA7,
	0xFF, 0xC2, 0x01, 0xAB, 0xFF, 0xFC, 0x01, 0xAC, 0xFF, 0xFC, 0x01, 0xD7, 0xFF, 0xE4, 0x01, 0xD8,
	0xFF, 0xE4, 0x01, 0xD9, 0xFF, 0xE4, 0x01, 0xDA, 0xFF, 0xE4, 0x01, 0xDB, 0xFF, 0xE4, 0x01, 0xDE,
	0xFF, 0xB6, 0x01, 0xDF, 0xFF, 0xB6, 0x01, 0xE0, 0xFF, 0xB6, 0x01, 0xE1, 0xFF, 0xB6, 0x01, 0xE2,
	0xFF, 0xB6, 0x01, 0xE3, 0xFF, 0xB6, 0x01, 0xE4, 0xFF, 0xB6, 0x01, 0xE5, 0xFF, 0xB6, 0x01, 0xE6,
	0xFF, 0xB6, 0x01, 0xE7, 0xFF, 0xB6, 0x01, 0xE8, 0xFF, 0xB6, 0x01, 0xE9, 0xFF, 0xB6, 0x01, 0xEA,
	0xFF, 0xB6, 0x01, 0xEB, 0xFF, 0xB6, 0x01, 0xEC, 0xFF, 0xFC, 0x01, 0xED, 0xFF, 0xFC, 0x01, 0xEE,
	0xFF, 0xFC, 0x01, 0xEF, 0xFF, 0xFC, 0x00, 0x06, 0x00, 0xE9, 0xFF, 0xE8, 0x00, 0xEF, 0xFF, 0xF2,
	0x01, 0x58, 0xFF, 0xFC, 0x01, 0x5D, 0xFF, 0xD2, 0x01, 0xA6, 0xFF, 0xD9, 0x01, 0xA7, 0xFF, 0xCC,
	0x00, 0x97, 0x00, 0x0F, 0xFF, 0xE8, 0x00, 0x10, 0xFF, 0xE8, 0x00, 0x11, 0xFF, 0xE8, 0x00, 0x12,
	0xFF, 0xE8, 0x00, 0x13, 0xFF, 0xE8, 0x00, 0x14, 0xFF, 0xE8, 0x00, 0x24, 0xFF, 0xE8, 0x00, 0x25,
	0xFF, 0xE8, 0x00, 0x26, 0xFF, 0xE8, 0x00, 0x27, 0xFF, 0xE8, 0x00, 0x28, 0xFF, 0xE8, 0x00, 0x34,
	0xFF, 0xFC, 0x00, 0x35, 0xFF, 0xFC, 0x00, 0x45, 0xFF, 0xE8, 0x00, 0x46, 0xFF, 0xE8, 0x00, 0x47,
	0xFF, 0xE8, 0x00, 0x48, 0xFF, 0xE8, 0x00, 0x49, 0xFF, 0xE8, 0x00, 0x4A, 0xFF, 0xE8, 0x00, 0x4B,
	0xFF, 0xE8, 0x00, 0x4C, 0xFF, 0xE8, 0x00, 0x4D, 0xFF, 0xE8, 0x00, 0x4E, 0xFF, 0xE8, 0x00, 0x4F,
	0xFF, 0xE8, 0x00, 0x52, 0xFF, 0xE8, 0x00, 0x7C, 0xFF, 0xE8, 0x00, 0x7D, 0xFF, 0xFC, 0x00, 0x7E,
	0xFF, 0xFC, 0x00, 0x7F, 0xFF, 0xFC, 0x00, 0x80, 0xFF, 0xFC, 0x00, 0x81, 0xFF, 0xFC, 0x00, 0x82,
	0xFF, 0xFC, 0x00, 0x83, 0xFF, 0xFC, 0x00, 0x84, 0xFF, 0xFC, 0x00, 0x85, 0xFF, 0xFC, 0x00, 0x86,
	0xFF, 0xFC, 0x00, 0x87, 0xFF, 0xFC, 0x00, 0x88, 0xFF, 0xFC, 0x00, 0x89, 0xFF, 0xFC, 0x00, 0x8B,
	0xFF, 0xE8, 0x00, 0x8C, 0xFF, 0xE8, 0x00, 0x8D, 0xFF, 0xE8, 0x00, 0x8E, 0xFF, 0xE8, 0x00, 0x8F,
	0xFF, 0xE8, 0x00, 0x90, 0xFF, 0xE8, 0x00, 0x91, 0xFF, 0xE8, 0x00, 0x92, 0xFF, 0xE8, 0x00, 0x93,
	0xFF, 0xE8, 0x00, 0x94, 0xFF, 0xE8, 0x00, 0x95, 0xFF, 0xE8, 0x00, 0x96, 0xFF, 0xE8, 0x00, 0x97,
	0xFF, 0xE8, 0x00, 0x98, 0xFF, 0xE8, 0x00, 0x99, 0xFF, 0xE8, 0x00, 0x9A, 0xFF, 0xE8, 0x00, 0x9B,
	0xFF, 0xE8, 0x00, 0x9C, 0xFF, 0xE8, 0x00, 0x9D, 0xFF, 0xE8, 0x00, 0x9E, 0xFF, 0xE8, 0x00, 0x9F,
	0xFF, 0xFC, 0x00, 0xA0, 0xFF, 0xEC, 0x00, 0xA1, 0xFF, 0xEC, 0x00, 0xA2, 0xFF, 0xEC, 0x00, 0xA3,
	0xFF, 0xEC, 0x00, 0xA4, 0xFF, 0xEC, 0x00, 0xC1, 0xFF, 0xE8, 0x00, 0xC2, 0xFF, 0xE8, 0x00, 0xC3,
	0xFF, 0xE8, 0x00, 0xC4, 0xFF, 0xE8, 0x00, 0xC5, 0xFF, 0xE8, 0x00, 0xC6, 0xFF, 0xE8, 0x00, 0xC7,
	0xFF, 0xE8, 0x00, 0xC8, 0xFF, 0xE8, 0x00, 0xC9, 0xFF, 0xE8, 0x00, 0xCA, 0xFF, 0xE8, 0x00, 0xCB,
	0xFF, 0xE8, 0x00, 0xCE, 0xFF, 0xE8, 0x00, 0xDA, 0xFF, 0xFC, 0x00, 0xDB, 0xFF, 0xFC, 0x00, 0xDC,
	0xFF, 0xFC, 0x00, 0xDD, 0xFF, 0xFC, 0x00, 0xDE, 0xFF, 0xFC, 0x00, 0xDF, 0xFF, 0xEF, 0x00, 0xE0,
	0xFF, 0xEF, 0x00, 0xE1, 0xFF, 0xEF, 0x00, 0xE2, 0xFF, 0xEF, 0x00, 0xE3, 0xFF, 0xEF, 0x00, 0xE4,
	0xFF, 0xEF, 0x00, 0xE5, 0xFF, 0xEF, 0x00, 0xE6, 0xFF, 0xEF, 0x00, 0xE7, 0xFF, 0xEF, 0x00, 0xE8,
	0xFF, 0xEF, 0x00, 0xE9, 0xFF, 0xEA, 0x00, 0xEA, 0xFF, 0xEA, 0x00, 0xEB, 0xFF, 0xEA, 0x00, 0xEC,
	0xFF, 0xEA, 0x00, 0xED, 0xFF, 0xEA, 0x00, 0xEE, 0xFF, 0xEA, 0x00, 0xF0, 0xFF, 0xEA, 0x00, 0xF1,
	0xFF, 0xEA, 0x00, 0xF2, 0xFF, 0xEA, 0x00, 0xF3, 0xFF, 0xEA, 0x00, 0xF4, 0xFF, 0xEA, 0x00, 0xF9,
	0xFF, 0xE8, 0x00, 0xFB, 0xFF, 0xFC, 0x00, 0xFC, 0xFF, 0xFC, 0x00, 0xFD, 0xFF, 0xFC, 0x00, 0xFE,
	0xFF, 0xFC, 0x00, 0xFF, 0xFF, 0xFC, 0x01, 0x00, 0xFF, 0xFC, 0x01, 0x01, 0xFF, 0xFC, 0x01, 0x02,
	0xFF, 0xFC, 0x01, 0x03, 0xFF, 0xFC, 0x01, 0x04, 0xFF, 0xFC, 0x01, 0x05, 0xFF, 0xFC, 0x01, 0x58,
	0xFF, 0xF0, 0x01, 0x60, 0x00, 0x1E, 0x01, 0x62, 0x00, 0x1E, 0x01, 0x64, 0x00, 0x1E, 0x01, 0x65,
	0xFF, 0xF3, 0x01, 0x66, 0xFF, 0xF3, 0x01, 0x67, 0xFF, 0xF3, 0x01, 0x68, 0xFF, 0xD8, 0x01, 0x6A,
	0xFF, 0xD8, 0x01, 0x6D, 0xFF, 0xFC, 0x01, 0x6E, 0xFF, 0xFE, 0x01, 0x6F, 0xFF, 0xFC, 0x01, 0x70,
	0xFF, 0xFE, 0x01, 0xA6, 0xFF, 0xE8, 0x01, 0xA7, 0xFF, 0xFC, 0x01, 0xAB, 0xFF, 0xE8, 0x01, 0xAC,
	0xFF, 0xE8, 0x01, 0xD7, 0xFF, 0xE8, 0x01, 0xD8, 0xFF, 0xE8, 0x01, 0xD9, 0xFF, 0xE8, 0x01, 0xDA,
	0xFF, 0xE8, 0x01, 0xDB, 0xFF, 0xE8, 0x01, 0xDE, 0xFF, 0xE8, 0x01, 0xDF, 0xFF, 0xE8, 0x01, 0xE0,
	0xFF, 0xE8, 0x01, 0xE1, 0xFF, 0xE8, 0x01, 0xE2, 0xFF, 0xE8, 0x01, 0xE3, 0xFF, 0xE8, 0x01, 0xE4,
	0xFF, 0xE8, 0x01, 0xE5, 0xFF, 0xE8, 0x01, 0xE6, 0xFF, 0xE8, 0x01, 0xE7, 0xFF, 0xE8, 0x01, 0xEC,
	0xFF, 0xFC, 0x01, 0xED, 0xFF, 0xFC, 0x01, 0xEE, 0xFF, 0xFC, 0x01, 0xEF, 0xFF, 0xFC, 0x00, 0x06,
	0x00, 0xE9, 0xFF, 0xD2, 0x00, 0xEF, 0xFF, 0xE1, 0x01, 0x58, 0xFF, 0xEA, 0x01, 0x5D, 0xFF, 0xC3,
	0x01, 0xA6, 0xFF, 0xC0, 0x01, 0xA7, 0xFF, 0xBF, 0x00, 0x03, 0x00, 0xE9, 0xFF, 0xEE, 0x01, 0x5D,
	0x00, 0x04, 0x01, 0xA6, 0xFF, 0xEE, 0x00, 0x03, 0x00, 0x6C, 0xFF, 0xB6, 0x00, 0xE9, 0xFF, 0xEC,
	0x01, 0xAD, 0xFF, 0xD8, 0x00, 0x05, 0x00, 0x6C, 0xFF, 0xC0, 0x00, 0x72, 0xFF, 0xE8, 0x00, 0xE9,
	0xFF, 0xFD, 0x00, 0xEF, 0xFF, 0xEF, 0x01, 0xAD, 0xFF, 0xCE, 0x00, 0x01, 0x00, 0x6C, 0xFF, 0xD8,
	0x00, 0x05, 0x00, 0x6C, 0xFF, 0xF8, 0x00, 0xEF, 0x00, 0x14, 0x01, 0xA6, 0xFF, 0xFC, 0x01, 0xA7,
	0xFF, 0xE8, 0x01, 0xAD, 0xFF, 0xEC, 0x00, 0x03, 0x01, 0x54, 0x00, 0x0F, 0x01, 0x58, 0x00, 0x29,
	0x01, 0xAD, 0x00, 0x49, 0x00, 0x03, 0x00, 0x6C, 0xFF, 0xD4, 0x00, 0xE9, 0xFF, 0xF6, 0x01, 0xAD,
	0xFF, 0xD8, 0x00, 0x06, 0x00, 0x6C, 0xFF, 0xB6, 0x00, 0x72, 0xFF, 0xE8, 0x00, 0xE9, 0xFF, 0xF3,
	0x00, 0xEF, 0xFF, 0xEF, 0x01, 0x7B, 0x00, 0x1E, 0x01, 0xAD, 0xFF, 0xCE, 0x00, 0x06, 0x00, 0x6C,
	0xFF, 0xB6, 0x00, 0x72, 0xFF, 0xE8, 0x00, 0xE9, 0xFF, 0xEB, 0x00, 0xEF, 0xFF, 0xEF, 0x01, 0x5D,
	0xFF, 0xFE, 0x01, 0xAD, 0xFF, 0xCE, 0x00, 0x0B, 0x00, 0x5D, 0xFF, 0xC4, 0x00, 0x5E, 0xFF, 0xC4,
	0x00, 0x5F, 0xFF, 0xC4, 0x00, 0x60, 0xFF, 0xC4, 0x00, 0x61, 0xFF, 0xC4, 0x00, 0x6C, 0xFF, 0xD4,
	0x00, 0x6D, 0xFF, 0xF5, 0x00, 0x6E, 0xFF, 0xF5, 0x00, 0x6F, 0xFF, 0xF5, 0x00, 0x70, 0xFF, 0xF5,
	0x00, 0x71, 0xFF, 0xF5, 0x00, 0x06, 0x00, 0x6C, 0xFF, 0xF5, 0x00, 0xE9, 0x00, 0x0F, 0x00, 0xEF,
	0x00, 0x1E, 0x01, 0x5D, 0xFF, 0xF8, 0x01, 0xA6, 0x00, 0x0A, 0x01, 0xA7, 0xFF, 0xE2, 0x00, 0x05,
	0x00, 0x6C, 0xFF, 0xCD, 0x00, 0xE9, 0xFF, 0xF1, 0x00, 0xEF, 0xFF, 0xFE, 0x01, 0x5D, 0x00, 0x02,
	0x01, 0xAD, 0xFF, 0xDE, 0x00, 0x21, 0x00, 0x6C, 0xFF, 0xCD, 0x00, 0xE9, 0xFF, 0xF6, 0x00, 0xEA,
	0xFF, 0xF6, 0x00, 0xEB, 0xFF, 0xF6, 0x00, 0xEC, 0xFF, 0xF6, 0x00, 0xED, 0xFF, 0xF6, 0x00, 0xEE,
	0xFF, 0xF6, 0x00, 0xEF, 0xFF, 0xF6, 0x00, 0xF0, 0xFF, 0xF6, 0x00, 0xF1, 0xFF, 0xF6, 0x00, 0xF2,
	0xFF, 0xF6, 0x00, 0xF3, 0xFF, 0xF6, 0x00, 0xF4, 0xFF, 0xF6, 0x00, 0xF5, 0xFF, 0xF6, 0x00, 0xF6,
	0xFF, 0xF6, 0x00, 0xF7, 0xFF, 0xF6, 0x00, 0xF8, 0xFF, 0xF6, 0x01, 0x4C, 0xFF, 0xEE, 0x01, 0x52,
	0xFF, 0xF6, 0x01, 0x53, 0xFF, 0xF6, 0x01, 0x57, 0xFF, 0xF6, 0x01, 0x5A, 0xFF, 0xEE, 0x01, 0x5B,
	0xFF, 0xEE, 0x01, 0x5D, 0xFF, 0xFE, 0x01, 0x69, 0xFF, 0xF8, 0x01, 0x6B, 0xFF, 0xF8, 0x01, 0x6D,
	0xFF, 0xEC, 0x01, 0x6E, 0xFF, 0xE4, 0x01, 0x6F, 0xFF, 0xEC, 0x01, 0x70, 0xFF, 0xE4, 0x01, 0xAB,
	0xFF, 0xEC, 0x01, 0xAC, 0xFF, 0xEC, 0x01, 0xAD, 0xFF, 0xE2, 0x00, 0x25, 0x00, 0x72, 0xFF, 0xFC,
	0x00, 0x8A, 0x00, 0x04, 0x00, 0xA5, 0x00, 0x04, 0x00, 0xA6, 0x00, 0x04, 0x00, 0xA7, 0x00, 0x06,
	0x00, 0xA8, 0x00, 0x06, 0x00, 0xA9, 0x00, 0x06, 0x00, 0xAA, 0x00, 0x06, 0x00, 0xAB, 0x00, 0x06,
	0x00, 0xAC, 0x00, 0x06, 0x00, 0xAD, 0x00, 0x06, 0x00, 0xAE, 0x00, 0x06, 0x00, 0xAF, 0x00, 0x06,
	0x00, 0xB0, 0x00, 0x04, 0x00, 0xB1, 0x00, 0x04, 0x00, 0xB2, 0x00, 0x04, 0x00, 0xB3, 0x00, 0x04,
	0x00, 0xB4, 0x00, 0x04, 0x00, 0xB5, 0x00, 0x04, 0x00, 0xB6, 0x00, 0x04, 0x00, 0xB7, 0x00, 0x04,
	0x00, 0xB8, 0x00, 0x04, 0x00, 0xB9, 0x00, 0x04, 0x00, 0xCD, 0x00, 0x04, 0x00, 0xD9, 0x00, 0x04,
	0x00, 0xEF, 0x00, 0x14, 0x01, 0x58, 0x00, 0x06, 0x01, 0x60, 0x00, 0x08, 0x01, 0x62, 0x00, 0x08,
	0x01, 0x64, 0x00, 0x08, 0x01, 0x6D, 0x00, 0x04, 0x01, 0x6E, 0x00, 0x04, 0x01, 0x6F, 0x00, 0x04,
	0x01, 0x70, 0x00, 0x04, 0x01, 0xAD, 0x00, 0x0D, 0x01, 0xDC, 0x00, 0x06, 0x01, 0xDD, 0x00, 0x04,
	0x00, 0x76, 0x00, 0x01, 0xFF, 0xE0, 0x00, 0x02, 0xFF, 0xE0, 0x00, 0x03, 0xFF, 0xE0, 0x00, 0x04,
	0xFF, 0xE0, 0x00, 0x05, 0xFF, 0xE0, 0x00, 0x06, 0xFF, 0xE0, 0x00, 0x07, 0xFF, 0xE0, 0x00, 0x08,
	0xFF, 0xE0, 0x00, 0x09, 0xFF, 0xE0, 0x00, 0x0A, 0xFF, 0xE0, 0x00, 0x0B, 0xFF, 0xE0, 0x00, 0x0C,
	0xFF, 0xE0, 0x00, 0x0D, 0xFF, 0xE0, 0x00, 0x34, 0xFF, 0xE2, 0x00, 0x35, 0xFF, 0xE2, 0x00, 0x5D,
	0xFF, 0xDE, 0x00, 0x5E, 0xFF, 0xDE, 0x00, 0x5F, 0xFF, 0xDE, 0x00, 0x60, 0xFF, 0xDE, 0x00, 0x61,
	0xFF, 0xDE, 0x00, 0x6C, 0xFF, 0xE8, 0x00, 0x6D, 0xFF, 0xE8, 0x00, 0x6E, 0xFF, 0xE8, 0x00, 0x6F,
	0xFF, 0xE8, 0x00, 0x70, 0xFF, 0xE8, 0x00, 0x71, 0xFF, 0xE8, 0x00, 0x72, 0xFF, 0xEA, 0x00, 0x73,
	0xFF, 0xD2, 0x00, 0x74, 0xFF, 0xD2, 0x00, 0x75, 0xFF, 0xD2, 0x00, 0x76, 0xFF, 0xD2, 0x00, 0x77,
	0xFF, 0xD2, 0x00, 0x78, 0xFF, 0xDC, 0x00, 0x79, 0xFF, 0xDC, 0x00, 0x7A, 0xFF, 0xDC, 0x00, 0x7B,
	0xFF, 0xDC, 0x00, 0x7D, 0xFF, 0xEB, 0x00, 0x7E, 0xFF, 0xEB, 0x00, 0x7F, 0xFF, 0xEB, 0x00, 0x80,
	0xFF, 0xEB, 0x00, 0x81, 0xFF, 0xEB, 0x00, 0x82, 0xFF, 0xEB, 0x00, 0x83, 0xFF, 0xEB, 0x00, 0x84,
	0xFF, 0xEB, 0x00, 0x85, 0xFF, 0xEB, 0x00, 0x86, 0xFF, 0xEB, 0x00, 0x87, 0xFF, 0xEB, 0x00, 0x88,
	0xFF, 0xEB, 0x00, 0x89, 0xFF, 0xEB, 0x00, 0x8B, 0xFF, 0xEB, 0x00, 0x8C, 0xFF, 0xEB, 0x00, 0x8D,
	0xFF, 0xEB, 0x00, 0x8E, 0xFF, 0xEB, 0x00, 0x8F, 0xFF, 0xEB, 0x00, 0x90, 0xFF, 0xEB, 0x00, 0x91,
	0xFF, 0xEB, 0x00, 0x92, 0xFF, 0xEB, 0x00, 0x93, 0xFF, 0xEB, 0x00, 0x94, 0xFF, 0xEB, 0x00, 0x95,
	0xFF, 0xEB, 0x00, 0x96, 0xFF, 0xEB, 0x00, 0x97, 0xFF, 0xEB, 0x00, 0x98, 0xFF, 0xEB, 0x00, 0x99,
	0xFF, 0xEB, 0x00, 0x9A, 0xFF, 0xEB, 0x00, 0x9B, 0xFF, 0xEB, 0x00, 0x9C, 0xFF, 0xEB, 0x00, 0x9D,
	0xFF, 0xEB, 0x00, 0x9E, 0xFF, 0xEB, 0x00, 0xA0, 0xFF, 0xEB, 0x00, 0xA1, 0xFF, 0xEB, 0x00, 0xA2,
	0xFF, 0xEB, 0x00, 0xA3, 0xFF, 0xEB, 0x00, 0xA4, 0xFF, 0xEB, 0x00, 0xC1, 0xFF, 0xEB, 0x00, 0xC2,
	0xFF, 0xEB, 0x00, 0xC3, 0xFF, 0xEB, 0x00, 0xC4, 0xFF, 0xEB, 0x00, 0xC5, 0xFF, 0xEB, 0x00, 0xC6,
	0xFF, 0xEB, 0x00, 0xC7, 0xFF, 0xEB, 0x00, 0xC8, 0xFF, 0xEB, 0x00, 0xC9, 0xFF, 0xEB, 0x00, 0xCA,
	0xFF, 0xEB, 0x00, 0xCB, 0xFF, 0xEB, 0x00, 0xCE, 0xFF, 0xEB, 0x00, 0xD3, 0xFF, 0xFD, 0x00, 0xD4,
	0xFF, 0xFD, 0x00, 0xD5, 0xFF, 0xFD, 0x00, 0xD6, 0xFF, 0xFD, 0x00, 0xD7, 0xFF, 0xFD, 0x00, 0xD8,
	0xFF, 0xFD, 0x00, 0xF9, 0xFF, 0xEB, 0x00, 0xFA, 0xFF, 0xE7, 0x01, 0x52, 0xFF, 0xB4, 0x01, 0x53,
	0xFF, 0xB4, 0x01, 0x57, 0xFF, 0xB4, 0x01, 0x5D, 0xFF, 0xF2, 0x01, 0x65, 0xFF, 0xE0, 0x01, 0x66,
	0xFF, 0xE0, 0x01, 0x67, 0xFF, 0xE0, 0x01, 0x68, 0xFF, 0xF4, 0x01, 0x6A, 0xFF, 0xF4, 0x01, 0xA7,
	0xFF, 0xE0, 0x01, 0xDE, 0xFF, 0xEB, 0x01, 0xDF, 0xFF, 0xEB, 0x01, 0xE0, 0xFF, 0xEB, 0x01, 0xE1,
	0xFF, 0xEB, 0x01, 0xE2, 0xFF, 0xEB, 0x01, 0xE3, 0xFF, 0xEB, 0x01, 0xE4, 0xFF, 0xEB, 0x01, 0xE5,
	0xFF, 0xEB, 0x01, 0xE6, 0xFF, 0xEB, 0x01, 0xE7, 0xFF, 0xEB, 0x01, 0xE8, 0xFF, 0xE7, 0x01, 0xE9,
	0xFF, 0xE7, 0x01, 0xEA, 0xFF, 0xE7, 0x01, 0xEB, 0xFF, 0xE7, 0x00, 0x06, 0x00, 0x6C, 0xFF, 0xDE,
	0x00, 0x72, 0xFF, 0xEA, 0x00, 0xEF, 0x00, 0x0A, 0x01, 0x5D, 0xFF, 0xFC, 0x01, 0xA7, 0xFF, 0xE0,
	0x01, 0xAD, 0xFF, 0xEC, 0x00, 0x65, 0x00, 0x34, 0xFF, 0xFE, 0x00, 0x35, 0xFF, 0xFE, 0x00, 0x5D,
	0xFF, 0xDE, 0x00, 0x5E, 0xFF, 0xDE, 0x00, 0x5F, 0xFF, 0xDE, 0x00, 0x60, 0xFF, 0xDE, 0x00, 0x61,
	0xFF, 0xDE, 0x00, 0x6C, 0xFF, 0xDE, 0x00, 0x6D, 0xFF, 0xF2, 0x00, 0x6E, 0xFF, 0xF2, 0x00, 0x6F,
	0xFF, 0xF2, 0x00, 0x70, 0xFF, 0xF2, 0x00, 0x71, 0xFF, 0xF2, 0x00, 0x73, 0xFF, 0xE1, 0x00, 0x74,
	0xFF, 0xE1, 0x00, 0x75, 0xFF, 0xE1, 0x00, 0x76, 0xFF, 0xE1, 0x00, 0x77, 0xFF, 0xE1, 0x00, 0x8B,
	0xFF, 0xEF, 0x00, 0x8C, 0xFF, 0xEF, 0x00, 0x8D, 0xFF, 0xEF, 0x00, 0x8E, 0xFF, 0xEF, 0x00, 0x8F,
	0xFF, 0xEF, 0x00, 0x90, 0xFF, 0xEF, 0x00, 0x91, 0xFF, 0xEF, 0x00, 0x92, 0xFF, 0xEF, 0x00, 0x93,
	0xFF, 0xEF, 0x00, 0x94, 0xFF, 0xEF, 0x00, 0x95, 0xFF, 0xEF, 0x00, 0x96, 0xFF, 0xEF, 0x00, 0x97,
	0xFF, 0xEF, 0x00, 0x98, 0xFF, 0xEF, 0x00, 0x99, 0xFF, 0xEF, 0x00, 0x9A, 0xFF, 0xEF, 0x00, 0x9B,
	0xFF, 0xEF, 0x00, 0x9C, 0xFF, 0xEF, 0x00, 0x9D, 0xFF, 0xEF, 0x00, 0x9E, 0xFF, 0xEF, 0x00, 0xC1,
	0xFF, 0xEF, 0x00, 0xC2, 0xFF, 0xEF, 0x00, 0xC3, 0xFF, 0xEF, 0x00, 0xC4, 0xFF, 0xEF, 0x00, 0xC5,
	0xFF, 0xEF, 0x00, 0xC6, 0xFF, 0xEF, 0x00, 0xC7, 0xFF, 0xEF, 0x00, 0xC8, 0xFF, 0xEF, 0x00, 0xC9,
	0xFF, 0xEF, 0x00, 0xCA, 0xFF, 0xEF, 0x00, 0xCB, 0xFF, 0xEF, 0x00, 0xCE, 0xFF, 0xEF, 0x00, 0xD3,
	0xFF, 0xFE, 0x00, 0xD4, 0xFF, 0xFE, 0x00, 0xD5, 0xFF, 0xFE, 0x00, 0xD6, 0xFF, 0xFE, 0x00, 0xD7,
	0xFF, 0xFE, 0x00, 0xD8, 0xFF, 0xFE, 0x00, 0xDA, 0x00, 0x14, 0x00, 0xDB, 0x00, 0x14, 0x00, 0xDC,
	0x00, 0x14, 0x00, 0xDD, 0x00, 0x14, 0x00, 0xDE, 0x00, 0x14, 0x00, 0xEA, 0x00, 0x0A, 0x00, 0xEB,
	0x00, 0x0A, 0x00, 0xEC, 0x00, 0x0A, 0x00, 0xED, 0x00, 0x0A, 0x00, 0xEE, 0x00, 0x0A, 0x00, 0xF0,
	0x00, 0x0A, 0x00, 0xF1, 0x00, 0x0A, 0x00, 0xF2, 0x00, 0x0A, 0x00, 0xF3, 0x00, 0x0A, 0x00, 0xF4,
	0x00, 0x0A, 0x00, 0xF9, 0xFF, 0xEF, 0x00, 0xFB, 0x00, 0x14, 0x01, 0x03, 0x00, 0x14, 0x01, 0x04,
	0x00, 0x14, 0x01, 0x05, 0x00, 0x14, 0x01, 0x52, 0xFF, 0xFE, 0x01, 0x53, 0xFF, 0xFE, 0x01, 0x57,
	0xFF, 0xFE, 0x01, 0x65, 0xFF, 0xDE, 0x01, 0x66, 0xFF, 0xDE, 0x01, 0x67, 0xFF, 0xDE, 0x01, 0x68,
	0xFF, 0xEA, 0x01, 0x6A, 0xFF, 0xEA, 0x01, 0xA6, 0xFF, 0xFE, 0x01, 0xA7, 0xFF, 0xF4, 0x01, 0xAD,
	0xFF, 0xEC, 0x01, 0xDE, 0xFF, 0xEF, 0x01, 0xDF, 0xFF, 0xEF, 0x01, 0xE0, 0xFF, 0xEF, 0x01, 0xE1,
	0xFF, 0xEF, 0x01, 0xE2, 0xFF, 0xEF, 0x01, 0xE3, 0xFF, 0xEF, 0x01, 0xE4, 0xFF, 0xEF, 0x01, 0xE5,
	0xFF, 0xEF, 0x01, 0xE6, 0xFF, 0xEF, 0x01, 0xE7, 0xFF, 0xEF, 0x01, 0xEC, 0x00, 0x14, 0x01, 0xED,
	0x00, 0x14, 0x01, 0xEE, 0x00, 0x14, 0x01, 0xEF, 0x00, 0x14, 0x00, 0x03, 0x00, 0x6C, 0xFF, 0xE8,
	0x01, 0xA7, 0xFF, 0xF6, 0x01, 0xAD, 0xFF, 0xD3, 0x00, 0x05, 0x00, 0x72, 0x00, 0x10, 0x01, 0x58,
	0x00, 0x14, 0x01, 0x5D, 0xFF, 0xE0, 0x01, 0xA7, 0xFF, 0xEC, 0x01, 0xAD, 0x00, 0x26, 0x00, 0x06,
	0x00, 0x6C, 0xFF, 0xE8, 0x00, 0x72, 0xFF, 0xEA, 0x00, 0xEF, 0x00, 0x0A, 0x01, 0x5D, 0xFF, 0xF2,
	0x01, 0xA7, 0xFF, 0xE0, 0x01, 0xAD, 0xFF, 0xE7, 0x00, 0x0A, 0x01, 0x0B, 0xFF, 0xF8, 0x01, 0x0F,
	0xFF, 0xEE, 0x01, 0x52, 0xFF, 0xD2, 0x01, 0x53, 0xFF, 0xD2, 0x01, 0x57, 0xFF, 0xD2, 0x01, 0x5D,
	0xFF, 0xF1, 0x01, 0x6C, 0xFF, 0xCE, 0x01, 0x6E, 0xFF, 0xD8, 0x01, 0x70, 0xFF, 0xD8, 0x01, 0x71,
	0xFF, 0xCE, 0x00, 0x09, 0x01, 0x09, 0xFF, 0xFC, 0x01, 0x0D, 0xFF, 0xFE, 0x01, 0x0F, 0x00, 0x18,
	0x01, 0x10, 0xFF, 0xFE, 0x01, 0x5D, 0x00, 0x14, 0x01, 0x6D, 0xFF, 0xFC, 0x01, 0x6E, 0xFF, 0xFC,
	0x01, 0x6F, 0xFF, 0xFC, 0x01, 0x70, 0xFF, 0xFC, 0x00, 0x14, 0x01, 0x09, 0x00, 0x02, 0x01, 0x0A,
	0x00, 0x02, 0x01, 0x0B, 0x00, 0x02, 0x01, 0x0C, 0xFF, 0xE4, 0x01, 0x0D, 0xFF, 0xFA, 0x01, 0x0F,
	0xFF, 0xF8, 0x01, 0x4C, 0x00, 0x14, 0x01, 0x52, 0x00, 0x04, 0x01, 0x53, 0x00, 0x04, 0x01, 0x57,
	0x00, 0x04, 0x01, 0x5A, 0x00, 0x14, 0x01, 0x5B, 0x00, 0x14, 0x01, 0x5D, 0x00, 0x14, 0x01, 0x65,
	0xFF, 0xE2, 0x01, 0x66, 0xFF, 0xE2, 0x01, 0x67, 0xFF, 0xE2, 0x01, 0x68, 0xFF, 0xE2, 0x01, 0x6A,
	0xFF, 0xE2, 0x01, 0x6E, 0xFF, 0xF8, 0x01, 0x70, 0xFF, 0xF8, 0x00, 0x0F, 0x01, 0x09, 0xFF, 0xF6,
	0x01, 0x0A, 0xFF, 0xEE, 0x01, 0x0B, 0x00, 0x06, 0x01, 0x0C, 0xFF, 0xFA, 0x01, 0x0D, 0xFF, 0xFF,
	0x01, 0x0F, 0x00, 0x12, 0x01, 0x4C, 0x00, 0x0A, 0x01, 0x52, 0xFF, 0xE8, 0x01, 0x53, 0xFF, 0xE8,
	0x01, 0x57, 0xFF, 0xE8, 0x01, 0x5A, 0x00, 0x0A, 0x01, 0x5B, 0x00, 0x0A, 0x01, 0x65, 0x00, 0x04,
	0x01, 0x66, 0x00, 0x04, 0x01, 0x67, 0x00, 0x04, 0x00, 0x15, 0x01, 0x09, 0xFF, 0xE4, 0x01, 0x0A,
	0xFF, 0xE4, 0x01, 0x0B, 0xFF, 0xFA, 0x01, 0x0C, 0xFF, 0xF0, 0x01, 0x0D, 0xFF, 0xF0, 0x01, 0x0E,
	0xFF, 0xEE, 0x01, 0x0F, 0xFF, 0xE3, 0x01, 0x11, 0xFF, 0xEA, 0x01, 0x1A, 0x00, 0x0A, 0x01, 0x4C,
	0xFF, 0xFC, 0x01, 0x52, 0xFF, 0xE6, 0x01, 0x53, 0xFF, 0xE6, 0x01, 0x57, 0xFF, 0xE6, 0x01, 0x5A,
	0xFF, 0xFC, 0x01, 0x5B, 0xFF, 0xFC, 0x01, 0x68, 0xFF, 0xEC, 0x01, 0x6A, 0xFF, 0xEC, 0x01, 0x6D,
	0xFF, 0xD4, 0x01, 0x6E, 0xFF, 0xD4, 0x01, 0x6F, 0xFF, 0xD4, 0x01, 0x70, 0xFF, 0xD4, 0x00, 0x0C,
	0x01, 0x09, 0xFF, 0xF8, 0x01, 0x0A, 0xFF, 0xF1, 0x01, 0x0B, 0x00, 0x02, 0x01, 0x0F, 0xFF, 0xFE,
	0x01, 0x11, 0xFF, 0xF8, 0x01, 0x52, 0xFF, 0xE6, 0x01, 0x53, 0xFF, 0xE6, 0x01, 0x57, 0xFF, 0xE6,
	0x01, 0x6D, 0xFF, 0xFE, 0x01, 0x6E, 0xFF, 0xFE, 0x01, 0x6F, 0xFF, 0xFE, 0x01, 0x70, 0xFF, 0xFE,
	0x00, 0x0B, 0x01, 0x09, 0xFF, 0xD6, 0x01, 0x0A, 0xFF, 0xF4, 0x01, 0x0B, 0x00, 0x02, 0x01, 0x0D,
	0xFF, 0xFF, 0x01, 0x0F, 0xFF, 0xC6, 0x01, 0x11, 0xFF, 0xEC, 0x01, 0x52, 0xFF, 0xE6, 0x01, 0x53,
	0xFF, 0xE6, 0x01, 0x57, 0xFF, 0xE6, 0x01, 0x6E, 0xFF, 0xFC, 0x01, 0x70, 0xFF, 0xFC, 0x00, 0x1F,
	0x01, 0x08, 0xFF, 0xEE, 0x01, 0x09, 0x00, 0x0C, 0x01, 0x0A, 0xFF, 0xF8, 0x01, 0x0B, 0x00, 0x02,
	0x01, 0x0C, 0xFF, 0xD2, 0x01, 0x0D, 0xFF, 0xEE, 0x01, 0x0E, 0xFF, 0xE4, 0x01, 0x0F, 0x00, 0x32,
	0x01, 0x10, 0xFF, 0xF6, 0x01, 0x11, 0x00, 0x04, 0x01, 0x4C, 0x00, 0x2C, 0x01, 0x52, 0xFF, 0xA2,
	0x01, 0x53, 0xFF, 0xA2, 0x01, 0x57, 0xFF, 0xA2, 0x01, 0x5A, 0x00, 0x2C, 0x01, 0x5B, 0x00, 0x2C,
	0x01, 0x5D, 0xFF, 0xAB, 0x01, 0x60, 0x00, 0x28, 0x01, 0x62, 0x00, 0x28, 0x01, 0x64, 0x00, 0x28,
	0x01, 0x65, 0xFF, 0xC0, 0x01, 0x66, 0xFF, 0xC0, 0x01, 0x67, 0xFF, 0xC0, 0x01, 0x68, 0xFF, 0xBA,
	0x01, 0x69, 0xFF, 0xD8, 0x01, 0x6A, 0xFF, 0xBA, 0x01, 0x6B, 0xFF, 0xD8, 0x01, 0x6D, 0x00, 0x26,
	0x01, 0x6E, 0x00, 0x26, 0x01, 0x6F, 0x00, 0x26, 0x01, 0x70, 0x00, 0x26, 0x00, 0x11, 0x01, 0x09,
	0xFF, 0xEF, 0x01, 0x0A, 0xFF, 0xF4, 0x01, 0x0B, 0x00, 0x02, 0x01, 0x0C, 0xFF, 0xF8, 0x01, 0x0D,
	0xFF, 0xFF, 0x01, 0x0F, 0xFF, 0xF6, 0x01, 0x52, 0xFF, 0xF0, 0x01, 0x53, 0xFF, 0xF0, 0x01, 0x57,
	0xFF, 0xF0, 0x01, 0x5D, 0xFF, 0xEC, 0x01, 0x65, 0xFF, 0xFE, 0x01, 0x66, 0xFF, 0xFE, 0x01, 0x67,
	0xFF, 0xFE, 0x01, 0x6D, 0xFF, 0xF4, 0x01, 0x6E, 0xFF, 0xF4, 0x01, 0x6F, 0xFF, 0xF4, 0x01, 0x70,
	0xFF, 0xF4, 0x00, 0x0F, 0x01, 0x09, 0xFF, 0xFD, 0x01, 0x0A, 0xFF, 0xFE, 0x01, 0x0B, 0xFF, 0xEE,
	0x01, 0x0C, 0xFF, 0xE1, 0x01, 0x0D, 0xFF, 0xFE, 0x01, 0x0E, 0xFF, 0xFC, 0x01, 0x0F, 0xFF, 0xF0,
	0x01, 0x10, 0xFF, 0xFC, 0x01, 0x52, 0xFF, 0xD2, 0x01, 0x53, 0xFF, 0xD2, 0x01, 0x57, 0xFF, 0xD2,
	0x01, 0x6D, 0xFF, 0xEE, 0x01, 0x6E, 0xFF, 0xEC, 0x01, 0x6F, 0xFF, 0xEE, 0x01, 0x70, 0xFF, 0xEC,
	0x00, 0x02, 0x01, 0x0C, 0xFF, 0x7E, 0x01, 0x1A, 0xFF, 0xE2, 0x00, 0x01, 0x01, 0x2D, 0x00, 0x0E,
	0x00, 0x01, 0x01, 0x28, 0xFF, 0xF6, 0x00, 0x04, 0x01, 0x26, 0xFF, 0xFB, 0x01, 0x2A, 0xFF, 0xF6,
	0x01, 0x2D, 0x00, 0x17, 0x01, 0x37, 0x00, 0x17, 0x00, 0x02, 0x01, 0x91, 0x00, 0x0A, 0x01, 0x92,
	0x00, 0x0A, 0x00, 0x01, 0x01, 0x44, 0x00, 0x28, 0x00, 0x05, 0x01, 0x2D, 0x00, 0x17, 0x01, 0x30,
	0xFF, 0xFB, 0x01, 0x34, 0xFF, 0xF6, 0x01, 0x37, 0x00, 0x17, 0x01, 0x44, 0xFF, 0xD8, 0x00, 0x01,
	0x01, 0x2A, 0xFF, 0xCE, 0x00, 0x0B, 0x00, 0x6C, 0xFF, 0xFC, 0x00, 0x6D, 0xFF, 0xFC, 0x00, 0x6E,
	0xFF, 0xFC, 0x00, 0x6F, 0xFF, 0xFC, 0x00, 0x70, 0xFF, 0xFC, 0x00, 0x71, 0xFF, 0xFC, 0x00, 0x73,
	0xFF, 0xFA, 0x00, 0x74, 0xFF, 0xFA, 0x00, 0x75, 0xFF, 0xFA, 0x00, 0x76, 0xFF, 0xFA, 0x00, 0x77,
	0xFF, 0xFA, 0x00, 0x0C, 0x00, 0x6C, 0xFF, 0xA4, 0x00, 0xE9, 0xFF, 0xB4, 0x00, 0xEF, 0xFF, 0xFE,
	0x01, 0x08, 0xFF, 0xD2, 0x01, 0x09, 0xFF, 0xBF, 0x01, 0x0B, 0xFF, 0xE8, 0x01, 0x0C, 0xFF, 0xE8,
	0x01, 0x0D, 0xFF, 0xE6, 0x01, 0x0E, 0xFF, 0xE2, 0x01, 0x0F, 0xFF, 0xE2, 0x01, 0x10, 0xFF, 0xF0,
	0x01, 0x11, 0xFF, 0xE4, 0x00, 0x10, 0x00, 0xBA, 0x00, 0x32, 0x00, 0xBB, 0x00, 0x32, 0x00, 0xBC,
	0x00, 0x32, 0x00, 0xBD, 0x00, 0x32, 0x00, 0xBE, 0x00, 0x32, 0x00, 0xBF, 0x00, 0x32, 0x00, 0xC0,
	0x00, 0x32, 0x00, 0xCC, 0x00, 0x32, 0x00, 0xCF, 0x00, 0x32, 0x00, 0xD0, 0x00, 0x32, 0x00, 0xD1,
	0x00, 0x32, 0x00, 0xD2, 0x00, 0x32, 0x01, 0x6D, 0x00, 0x14, 0x01, 0x6E, 0x00, 0x14, 0x01, 0x6F,
	0x00, 0x14, 0x01, 0x70, 0x00, 0x14, 0x00, 0x21, 0x00, 0x5D, 0xFF, 0xC4, 0x00, 0x5E, 0xFF, 0xC4,
	0x00, 0x5F, 0xFF, 0xC4, 0x00, 0x60, 0xFF, 0xC4, 0x00, 0x61, 0xFF, 0xC4, 0x00, 0x6C, 0xFF, 0xC0,
	0x00, 0x6D, 0xFF, 0xDE, 0x00, 0x6E, 0xFF, 0xDE, 0x00, 0x6F, 0xFF, 0xDE, 0x00, 0x70, 0xFF, 0xDE,
	0x00, 0x71, 0xFF, 0xDE, 0x00, 0x72, 0xFF, 0xFA, 0x00, 0x73, 0xFF, 0xC3, 0x00, 0x74, 0xFF, 0xC3,
	0x00, 0x75, 0xFF, 0xC3, 0x00, 0x76, 0xFF, 0xC3, 0x00, 0x77, 0xFF, 0xC3, 0x00, 0xE9, 0xFF, 0xE2,
	0x00, 0xEA, 0xFF, 0xEC, 0x00, 0xEB, 0xFF, 0xEC, 0x00, 0xEC, 0xFF, 0xEC, 0x00, 0xED, 0xFF, 0xEC,
	0x00, 0xEE, 0xFF, 0xEC, 0x00, 0xEF, 0xFF, 0xEC, 0x00, 0xF0, 0xFF, 0xE2, 0x00, 0xF1, 0xFF, 0xE2,
	0x00, 0xF2, 0xFF, 0xE2, 0x00, 0xF3, 0xFF, 0xE2, 0x00, 0xF4, 0xFF, 0xE2, 0x00, 0xF5, 0xFF, 0xEC,
	0x00, 0xF6, 0xFF, 0xEC, 0x00, 0xF7, 0xFF, 0xEC, 0x00, 0xF8, 0xFF, 0xEC, 0x00, 0x06, 0x00, 0x6C,
	0x00, 0x14, 0x01, 0x09, 0x00, 0x14, 0x01, 0x0A, 0x00, 0x0A, 0x01, 0x0C, 0xFF, 0xC0, 0x01, 0x0D,
	0xFF, 0xEC, 0x01, 0x0F, 0x00, 0x2A, 0x00, 0x01, 0x00, 0x6C, 0xFF, 0xD6, 0x00, 0xAD, 0x00, 0x01,
	0xFF, 0xC0, 0x00, 0x02, 0xFF, 0xC0, 0x00, 0x03, 0xFF, 0xC0, 0x00, 0x04, 0xFF, 0xC0, 0x00, 0x05,
	0xFF, 0xC0, 0x00, 0x06, 0xFF, 0xC0, 0x00, 0x07, 0xFF, 0xC0, 0x00, 0x08, 0xFF, 0xC0, 0x00, 0x09,
	0xFF, 0xC0, 0x00, 0x0A, 0xFF, 0xC0, 0x00, 0x0B, 0xFF, 0xC0, 0x00, 0x0C, 0xFF, 0xC0, 0x00, 0x0D,
	0xFF, 0xC0, 0x00, 0x0F, 0xFF, 0xEC, 0x00, 0x10, 0xFF, 0xEC, 0x00, 0x11, 0xFF, 0xEC, 0x00, 0x12,
	0xFF, 0xEC, 0x00, 0x13, 0xFF, 0xEC, 0x00, 0x14, 0xFF, 0xEC, 0x00, 0x24, 0xFF, 0xEC, 0x00, 0x25,
	0xFF, 0xEC, 0x00, 0x26, 0xFF, 0xEC, 0x00, 0x27, 0xFF, 0xEC, 0x00, 0x28, 0xFF, 0xEC, 0x00, 0x34,
	0xFF, 0xAC, 0x00, 0x35, 0xFF, 0xAC, 0x00, 0x45, 0xFF, 0xEC, 0x00, 0x46, 0xFF, 0xEC, 0x00, 0x47,
	0xFF, 0xEC, 0x00, 0x48, 0xFF, 0xEC, 0x00, 0x49, 0xFF, 0xEC, 0x00, 0x4A, 0xFF, 0xEC, 0x00, 0x4B,
	0xFF, 0xEC, 0x00, 0x4C, 0xFF, 0xEC, 0x00, 0x4D, 0xFF, 0xEC, 0x00, 0x4E, 0xFF, 0xEC, 0x00, 0x4F,
	0xFF, 0xEC, 0x00, 0x52, 0xFF, 0xEC, 0x00, 0x5D, 0x00, 0x0A, 0x00, 0x5E, 0x00, 0x0A, 0x00, 0x5F,
	0x00, 0x0A, 0x00, 0x60, 0x00, 0x0A, 0x00, 0x61, 0x00, 0x0A, 0x00, 0x73, 0x00, 0x02, 0x00, 0x74,
	0x00, 0x02, 0x00, 0x75, 0x00, 0x02, 0x00, 0x76, 0x00, 0x02, 0x00, 0x77, 0x00, 0x02, 0x00, 0x7C,
	0xFF, 0xEC, 0x00, 0x7D, 0xFF, 0xAC, 0x00, 0x7E, 0xFF, 0xAC, 0x00, 0x7F, 0xFF, 0xAC, 0x00, 0x80,
	0xFF, 0xAC, 0x00, 0x81, 0xFF, 0xAC, 0x00, 0x82, 0xFF, 0xAC, 0x00, 0x83, 0xFF, 0xAC, 0x00, 0x84,
	0xFF, 0xAC, 0x00, 0x85, 0xFF, 0xAC, 0x00, 0x86, 0xFF, 0xAC, 0x00, 0x87, 0xFF, 0xAC, 0x00, 0x88,
	0xFF, 0xAC, 0x00, 0x89, 0xFF, 0xAC, 0x00, 0x8B, 0xFF, 0xAC, 0x00, 0x8C, 0xFF, 0xAC, 0x00, 0x8D,
	0xFF, 0xAC, 0x00, 0x8E, 0xFF, 0xAC, 0x00, 0x8F, 0xFF, 0xAC, 0x00, 0x90, 0xFF, 0xAC, 0x00, 0x91,
	0xFF, 0xAC, 0x00, 0x92, 0xFF, 0xAC, 0x00, 0x93, 0xFF, 0xAC, 0x00, 0x94, 0xFF, 0xAC, 0x00, 0x95,
	0xFF, 0xAC, 0x00, 0x96, 0xFF, 0xAC, 0x00, 0x97, 0xFF, 0xAC, 0x00, 0x98, 0xFF, 0xAC, 0x00, 0x99,
	0xFF, 0xAC, 0x00, 0x9A, 0xFF, 0xAC, 0x00, 0x9B, 0xFF, 0xAC, 0x00, 0x9C, 0xFF, 0xAC, 0x00, 0x9D,
	0xFF, 0xAC, 0x00, 0x9E, 0xFF, 0xAC, 0x00, 0xA0, 0xFF, 0xB0, 0x00, 0xA1, 0xFF, 0xB0, 0x00, 0xA2,
	0xFF, 0xB0, 0x00, 0xA3, 0xFF, 0xB0, 0x00, 0xA4, 0xFF, 0xB0, 0x00, 0xBA, 0xFF, 0xCE, 0x00, 0xBB,
	0xFF, 0xCE, 0x00, 0xBC, 0xFF, 0xCE, 0x00, 0xBD, 0xFF, 0xCE, 0x00, 0xBE, 0xFF, 0xCE, 0x00, 0xBF,
	0xFF, 0xCE, 0x00, 0xC0, 0xFF, 0xCE, 0x00, 0xC1, 0xFF, 0xAC, 0x00, 0xC2, 0xFF, 0xAC, 0x00, 0xC3,
	0xFF, 0xAC, 0x00, 0xC4, 0xFF, 0xAC, 0x00, 0xC5, 0xFF, 0xAC, 0x00, 0xC6, 0xFF, 0xAC, 0x00, 0xC7,
	0xFF, 0xAC, 0x00, 0xC8, 0xFF, 0xAC, 0x00, 0xC9, 0xFF, 0xAC, 0x00, 0xCA, 0xFF, 0xAC, 0x00, 0xCB,
	0xFF, 0xAC, 0x00, 0xCC, 0xFF, 0xCE, 0x00, 0xCE, 0xFF, 0xAC, 0x00, 0xCF, 0xFF, 0xCE, 0x00, 0xD0,
	0xFF, 0xCE, 0x00, 0xD1, 0xFF, 0xCE, 0x00, 0xD2, 0xFF, 0xCE, 0x00, 0xD3, 0xFF, 0xD0, 0x00, 0xD4,
	0xFF, 0xD0, 0x00, 0xD5, 0xFF, 0xD0, 0x00, 0xD6, 0xFF, 0xD0, 0x00, 0xD7, 0xFF, 0xD0, 0x00, 0xD8,
	0xFF, 0xD0, 0x00, 0xDF, 0xFF, 0xD8, 0x00, 0xE0, 0xFF, 0xD8, 0x00, 0xE1, 0xFF, 0xD8, 0x00, 0xE2,
	0xFF, 0xD8, 0x00, 0xE3, 0xFF, 0xD8, 0x00, 0xE4, 0xFF, 0xD8, 0x00, 0xE5, 0xFF, 0xD8, 0x00, 0xE6,
	0xFF, 0xD8, 0x00, 0xE7, 0xFF, 0xD8, 0x00, 0xE8, 0xFF, 0xD8, 0x00, 0xE9, 0xFF, 0xE8, 0x00, 0xEA,
	0xFF, 0xE8, 0x00, 0xEB, 0xFF, 0xE8, 0x00, 0xEC, 0xFF, 0xE8, 0x00, 0xED, 0xFF, 0xE8, 0x00, 0xEE,
	0xFF, 0xE8, 0x00, 0xEF, 0xFF, 0xE8, 0x00, 0xF0, 0xFF, 0xE8, 0x00, 0xF1, 0xFF, 0xE8, 0x00, 0xF2,
	0xFF, 0xE8, 0x00, 0xF3, 0xFF, 0xE8, 0x00, 0xF4, 0xFF, 0xE8, 0x00, 0xF5, 0xFF, 0xF8, 0x00, 0xF6,
	0xFF, 0xF8, 0x00, 0xF7, 0xFF, 0xF8, 0x00, 0xF8, 0xFF, 0xF8, 0x00, 0xF9, 0xFF, 0xAC, 0x00, 0xFA,
	0xFF, 0xB0, 0x01, 0x08, 0xFF, 0xF1, 0x01, 0x09, 0x00, 0x0F, 0x01, 0x0A, 0xFF, 0xF1, 0x01, 0x0C,
	0xFF, 0xAB, 0x01, 0x0D, 0xFF, 0xE2, 0x01, 0x0E, 0xFF, 0xEC, 0x01, 0x0F, 0x00, 0x28, 0x01, 0x10,
	0xFF, 0xEC, 0x01, 0x5D, 0xFF, 0x91, 0x01, 0xD7, 0xFF, 0xEC, 0x01, 0xD8, 0xFF, 0xEC, 0x01, 0xD9,
	0xFF, 0xEC, 0x01, 0xDA, 0xFF, 0xEC, 0x01, 0xDB, 0xFF, 0xEC, 0x01, 0xDE, 0xFF, 0xAC, 0x01, 0xDF,
	0xFF, 0xAC, 0x01, 0xE0, 0xFF, 0xAC, 0x01, 0xE1, 0xFF, 0xAC, 0x01, 0xE2, 0xFF, 0xAC, 0x01, 0xE3,
	0xFF, 0xAC, 0x01, 0xE4, 0xFF, 0xAC, 0x01, 0xE5, 0xFF, 0xAC, 0x01, 0xE6, 0xFF, 0xAC, 0x01, 0xE7,
	0xFF, 0xAC, 0x01, 0xE8, 0xFF, 0xB0, 0x01, 0xE9, 0xFF, 0xB0, 0x01, 0xEA, 0xFF, 0xB0, 0x01, 0xEB,
	0xFF, 0xB0, 0x00, 0x03, 0x00, 0x72, 0x00, 0x1E, 0x01, 0x09, 0x00, 0x10, 0x01, 0x0F, 0x00, 0x28,
	0x00, 0x0A, 0x00, 0x6C, 0xFF, 0xC0, 0x00, 0x72, 0xFF, 0xF3, 0x00, 0xE9, 0xFF, 0xE0, 0x00, 0xEF,
	0xFF, 0xDE, 0x01, 0x09, 0xFF, 0xC8, 0x01, 0x0A, 0xFF, 0xCA, 0x01, 0x0B, 0x00, 0x02, 0x01, 0x0F,
	0xFF, 0xE2, 0x01, 0x10, 0xFF, 0xFE, 0x01, 0x11, 0xFF, 0xFC, 0x00, 0x02, 0x00, 0x6C, 0xFF, 0xE8,
	0x01, 0x0C, 0xFF, 0xE2, 0x00, 0x07, 0x00, 0x6C, 0xFF, 0xC4, 0x00, 0x72, 0xFF, 0xD8, 0x00, 0xE9,
	0xFF, 0xF4, 0x00, 0xEF, 0xFF, 0xEA, 0x01, 0x09, 0xFF, 0xDA, 0x01, 0x0A, 0xFF, 0xD4, 0x01, 0x0F,
	0xFF, 0xCE, 0x00, 0x09, 0x00, 0x72, 0xFF, 0xFC, 0x01, 0x09, 0x00, 0x10, 0x01, 0x0B, 0xFF, 0xEC,
	0x01, 0x0C, 0xFF, 0xB4, 0x01, 0x0D, 0xFF, 0xE8, 0x01, 0x0E, 0xFF, 0xEC, 0x01, 0x0F, 0x00, 0x1C,
	0x01, 0x10, 0xFF, 0xF4, 0x01, 0x58, 0x00, 0x14, 0x00, 0x0B, 0x00, 0x72, 0xFF, 0xFA, 0x01, 0x08,
	0xFF, 0xD8, 0x01, 0x0A, 0xFF, 0xF0, 0x01, 0x0B, 0xFF, 0xEE, 0x01, 0x0C, 0xFF, 0xB4, 0x01, 0x0D,
	0xFF, 0xDE, 0x01, 0x0E, 0xFF, 0xE2, 0x01, 0x0F, 0x00, 0x1C, 0x01, 0x10, 0xFF, 0xF4, 0x01, 0x11,
	0xFF, 0xEC, 0x01, 0x58, 0x00, 0x0A, 0x00, 0x0B, 0x00, 0x6C, 0xFF, 0xAC, 0x00, 0xE9, 0xFF, 0xBA,
	0x01, 0x08, 0xFF, 0xCE, 0x01, 0x09, 0xFF, 0xC1, 0x01, 0x0B, 0xFF, 0xEE, 0x01, 0x0C, 0xFF, 0xEC,
	0x01, 0x0D, 0xFF, 0xE2, 0x01, 0x0E, 0xFF, 0xE0, 0x01, 0x0F, 0xFF, 0xCE, 0x01, 0x10, 0xFF, 0xEC,
	0x01, 0x11, 0xFF, 0xEC, 0x00, 0x01, 0x01, 0xA7, 0xFF, 0xE2, 0x00, 0x01, 0x01, 0x0C, 0xFF, 0xD8,
	0x00, 0x23, 0x00, 0x01, 0xFF, 0xE7, 0x00, 0x02, 0xFF, 0xE7, 0x00, 0x03, 0xFF, 0xE7, 0x00, 0x04,
	0xFF, 0xE7, 0x00, 0x05, 0xFF, 0xE7, 0x00, 0x06, 0xFF, 0xE7, 0x00, 0x07, 0xFF, 0xE7, 0x00, 0x08,
	0xFF, 0xE7, 0x00, 0x09, 0xFF, 0xE7, 0x00, 0x0A, 0xFF, 0xE7, 0x00, 0x0B, 0xFF, 0xE7, 0x00, 0x0C,
	0xFF, 0xE7, 0x00, 0x0D, 0xFF, 0xE7, 0x00, 0x5D, 0xFF, 0xD8, 0x00, 0x5E, 0xFF, 0xD8, 0x00, 0x5F,
	0xFF, 0xD8, 0x00, 0x60, 0xFF, 0xD8, 0x00, 0x61, 0xFF, 0xD8, 0x00, 0x6C, 0xFF, 0xD4, 0x00, 0x6D,
	0xFF, 0xDE, 0x00, 0x6E, 0xFF, 0xDE, 0x00, 0x6F, 0xFF, 0xDE, 0x00, 0x70, 0xFF, 0xDE, 0x00, 0x71,
	0xFF, 0xDE, 0x00, 0x72, 0xFF, 0xE8, 0x00, 0x73, 0xFF, 0xC0, 0x00, 0x74, 0xFF, 0xC0, 0x00, 0x75,
	0xFF, 0xC0, 0x00, 0x76, 0xFF, 0xC0, 0x00, 0x77, 0xFF, 0xC0, 0x00, 0x78, 0xFF, 0xEE, 0x00, 0x79,
	0xFF, 0xEE, 0x00, 0x7A, 0xFF, 0xEE, 0x00, 0x7B, 0xFF, 0xEE, 0x00, 0xEF, 0xFF, 0xFE, 0x00, 0x83,
	0x00, 0x0F, 0xFF, 0xFA, 0x00, 0x10, 0xFF, 0xFA, 0x00, 0x11, 0xFF, 0xFA, 0x00, 0x12, 0xFF, 0xFA,
	0x00, 0x13, 0xFF, 0xFA, 0x00, 0x14, 0xFF, 0xFA, 0x00, 0x24, 0xFF, 0xFA, 0x00, 0x25, 0xFF, 0xFA,
	0x00, 0x26, 0xFF, 0xFA, 0x00, 0x27, 0xFF, 0xFA, 0x00, 0x28, 0xFF, 0xFA, 0x00, 0x34, 0xFF, 0xFC,
	0x00, 0x35, 0xFF, 0xFC, 0x00, 0x45, 0xFF, 0xFA, 0x00, 0x46, 0xFF, 0xFA, 0x00, 0x47, 0xFF, 0xFA,
	0x00, 0x48, 0xFF, 0xFA, 0x00, 0x49, 0xFF, 0xFA, 0x00, 0x4A, 0xFF, 0xFA, 0x00, 0x4B, 0xFF, 0xFA,
	0x00, 0x4C, 0xFF, 0xFA, 0x00, 0x4D, 0xFF, 0xFA, 0x00, 0x4E, 0xFF, 0xFA, 0x00, 0x4F, 0xFF, 0xFA,
	0x00, 0x52, 0xFF, 0xFA, 0x00, 0x5D, 0xFF, 0xC2, 0x00, 0x5E, 0xFF, 0xC2, 0x00, 0x5F, 0xFF, 0xC2,
	0x00, 0x60, 0xFF, 0xC2, 0x00, 0x61, 0xFF, 0xC2, 0x00, 0x62, 0xFF, 0xFA, 0x00, 0x63, 0xFF, 0xFA,
	0x00, 0x64, 0xFF, 0xFA, 0x00, 0x65, 0xFF, 0xFA, 0x00, 0x66, 0xFF, 0xFA, 0x00, 0x67, 0xFF, 0xFA,
	0x00, 0x68, 0xFF, 0xFA, 0x00, 0x69, 0xFF, 0xFA, 0x00, 0x6A, 0xFF, 0xFA, 0x00, 0x6B, 0xFF, 0xFA,
	0x00, 0x6C, 0xFF, 0xB6, 0x00, 0x6D, 0xFF, 0xC0, 0x00, 0x6E, 0xFF, 0xC0, 0x00, 0x6F, 0xFF, 0xC0,
	0x00, 0x70, 0xFF, 0xC0, 0x00, 0x71, 0xFF, 0xC0, 0x00, 0x73, 0xFF, 0xA2, 0x00, 0x74, 0xFF, 0xA2,
	0x00, 0x75, 0xFF, 0xA2, 0x00, 0x76, 0xFF, 0xA2, 0x00, 0x77, 0xFF, 0xA2, 0x00, 0x7C, 0xFF, 0xFA,
	0x00, 0x7D, 0xFF, 0xFC, 0x00, 0x7E, 0xFF, 0xFC, 0x00, 0x7F, 0xFF, 0xFC, 0x00, 0x80, 0xFF, 0xFC,
	0x00, 0x81, 0xFF, 0xFC, 0x00, 0x82, 0xFF, 0xFC, 0x00, 0x83, 0xFF, 0xFC, 0x00, 0x84, 0xFF, 0xFC,
	0x00, 0x85, 0xFF, 0xFC, 0x00, 0x86, 0xFF, 0xFC, 0x00, 0x87, 0xFF, 0xFC, 0x00, 0x88, 0xFF, 0xFC,
	0x00, 0x89, 0xFF, 0xFC, 0x00, 0x8B, 0xFF, 0xFA, 0x00, 0x8C, 0xFF, 0xFA, 0x00, 0x8D, 0xFF, 0xFA,
	0x00, 0x8E, 0xFF, 0xFA, 0x00, 0x8F, 0xFF, 0xFA, 0x00, 0x90, 0xFF, 0xFA, 0x00, 0x91, 0xFF, 0xFA,
	0x00, 0x92, 0xFF, 0xFA, 0x00, 0x93, 0xFF, 0xFA, 0x00, 0x94, 0xFF, 0xFA, 0x00, 0x95, 0xFF, 0xFA,
	0x00, 0x96, 0xFF, 0xFA, 0x00, 0x97, 0xFF, 0xFA, 0x00, 0x98, 0xFF, 0xFA, 0x00, 0x99, 0xFF, 0xFA,
	0x00, 0x9A, 0xFF, 0xFA, 0x00, 0x9B, 0xFF, 0xFA, 0x00, 0x9C, 0xFF, 0xFA, 0x00, 0x9D, 0xFF, 0xFA,
	0x00, 0x9E, 0xFF, 0xFA, 0x00, 0xC1, 0xFF, 0xFA, 0x00, 0xC2, 0xFF, 0xFA, 0x00, 0xC3, 0xFF, 0xFA,
	0x00, 0xC4, 0xFF, 0xFA, 0x00, 0xC5, 0xFF, 0xFA, 0x00, 0xC6, 0xFF, 0xFA, 0x00, 0xC7, 0xFF, 0xFA,
	0x00, 0xC8, 0xFF, 0xFA, 0x00, 0xC9, 0xFF, 0xFA, 0x00, 0xCA, 0xFF, 0xFA, 0x00, 0xCB, 0xFF, 0xFA,
	0x00, 0xCE, 0xFF, 0xFA, 0x00, 0xD3, 0xFF, 0xFC, 0x00, 0xD4, 0xFF, 0xFC, 0x00, 0xD5, 0xFF, 0xFC,
	0x00, 0xD6, 0xFF, 0xFC, 0x00, 0xD7, 0xFF, 0xFC, 0x00, 0xD8, 0xFF, 0xFC, 0x00, 0xE9, 0xFF, 0xE8,
	0x00, 0xEA, 0xFF, 0xE8, 0x00, 0xEB, 0xFF, 0xE8, 0x00, 0xEC, 0xFF, 0xE8, 0x00, 0xED, 0xFF, 0xE8,
	0x00, 0xEE, 0xFF, 0xE8, 0x00, 0xF0, 0xFF, 0xE8, 0x00, 0xF1, 0xFF, 0xE8, 0x00, 0xF2, 0xFF, 0xE8,
	0x00, 0xF3, 0xFF, 0xE8, 0x00, 0xF4, 0xFF, 0xE8, 0x00, 0xF9, 0xFF, 0xFA, 0x01, 0x72, 0xFF, 0xD8,
	0x01, 0xD7, 0xFF, 0xFA, 0x01, 0xD8, 0xFF, 0xFA, 0x01, 0xD9, 0xFF, 0xFA, 0x01, 0xDA, 0xFF, 0xFA,
	0x01, 0xDB, 0xFF, 0xFA, 0x01, 0xDE, 0xFF, 0xFA, 0x01, 0xDF, 0xFF, 0xFA, 0x01, 0xE0, 0xFF, 0xFA,
	0x01, 0xE1, 0xFF, 0xFA, 0x01, 0xE2, 0xFF, 0xFA, 0x01, 0xE3, 0xFF, 0xFA, 0x01, 0xE4, 0xFF, 0xFA,
	0x01, 0xE5, 0xFF, 0xFA, 0x01, 0xE6, 0xFF, 0xFA, 0x01, 0xE7, 0xFF, 0xFA, 0x00, 0x01, 0x00, 0x72,
	0xFF, 0xEC, 0x00, 0x04, 0x00, 0x6C, 0xFF, 0xE4, 0x00, 0x72, 0xFF, 0xE8, 0x01, 0x5D, 0xFF, 0xEC,
	0x01, 0xAD, 0xFF, 0xE2, 0x00, 0x01, 0x01, 0xAD, 0x00, 0x0A, 0x00, 0x01, 0x00, 0x6C, 0xFF, 0xD4,
	0x00, 0x03, 0x00, 0x6C, 0xFF, 0xFA, 0x01, 0xA7, 0xFF, 0xFC, 0x01, 0xAD, 0xFF, 0xEC, 0x00, 0x02,
	0x00, 0x72, 0xFF, 0xFC, 0x00, 0xEF, 0x00, 0x14, 0x00, 0x02, 0x0D, 0xA6, 0x00, 0x04, 0x00, 0x00,
	0x0E, 0x4C, 0x10, 0x30, 0x00, 0x2F, 0x00, 0x25, 0x00, 0x00, 0xFF, 0xF6, 0x00, 0x00, 0x00, 0x00,
	0x00, 0x00, 0x00, 0x00, 0x00, 0x00, 0x00, 0x00, 0x00, 0x00, 0x00, 0x00, 0x00, 0x00, 0x00, 0x00,
	0x00, 0x00, 0xFF, 0xF6, 0x00, 0x00, 0x00, 0x00, 0x00, 0x00, 0x00, 0x00, 0x00, 0x00, 0xFF, 0xCA,
	0xFF, 0xDE, 0xFF, 0xC4, 0x00, 0x00, 0x00, 0x00, 0x00, 0x00, 0xFF, 0xE2, 0x00, 0x00, 0x00, 0x00,
	0x00, 0x00, 0x00, 0x00, 0xFF, 0xE2, 0x00, 0x00, 0x00, 0x00, 0x00, 0x00, 0x00, 0x00, 0x00, 0x00,
	0x00, 0x00, 0x00, 0x00, 0x00, 0x00, 0x00, 0x00, 0x00, 0x00, 0x00, 0x00, 0x00, 0x00, 0xFF, 0xE4,
	0x00, 0x00, 0x00, 0x00, 0x00, 0x00, 0x00, 0x00, 0x00, 0x00, 0x00, 0x00, 0x00, 0x00, 0x00, 0x00,
	0x00, 0x00, 0x00, 0x00, 0x00, 0x00, 0x00, 0x00, 0xFF, 0xD0, 0xFF, 0xEA, 0xFF, 0xE7, 0x00, 0x00,
	0xFF, 0xF0, 0x00, 0x00, 0x00, 0x00, 0xFF, 0xD3, 0x00, 0x00, 0xFF, 0xF6, 0x00, 0x00, 0xFF, 0xD8,
	0xFF, 0xDC, 0xFF, 0xD8, 0x00, 0x00, 0x00, 0x00, 0x00, 0x00, 0x00, 0x00, 0x00, 0x00, 0x00, 0x00,
	0x00, 0x00, 0xFF, 0xFB, 0x00, 0x00, 0x00, 0x00, 0xFF, 0xEF, 0x00, 0x00, 0xFF, 0xF4, 0x00, 0x00,
	0xFF, 0xF6, 0x00, 0x00, 0xFF, 0xFC, 0x00, 0x00, 0x00, 0x00, 0xFF, 0xF0, 0xFF, 0xEB, 0x00, 0x00,
	0x00, 0x00, 0xFF, 0xA2, 0xFF, 0xC8, 0xFF, 0xB6, 0xFF, 0xF0, 0xFF, 0xF0, 0x00, 0x00, 0x00, 0x00,
	0xFF, 0xE2, 0x00, 0x00, 0xFF, 0xEC, 0xFF, 0xE2, 0xFF, 0xD2, 0xFF, 0xCC, 0xFF, 0xE2, 0xFF, 0xF5,
	0x00, 0x00, 0x00, 0x00, 0x00, 0x00, 0x00, 0x00, 0x00, 0x00, 0x00, 0x00, 0x00, 0x00, 0x00, 0x00,
	0x00, 0x00, 0x00, 0x00, 0x00, 0x00, 0xFF, 0xE2, 0x00, 0x00, 0x00, 0x00, 0x00, 0x00, 0x00, 0x00,
	0x00, 0x00, 0x00, 0x00, 0x00, 0x00, 0x00, 0x00, 0x00, 0x00, 0x00, 0x00, 0x00, 0x00, 0x00, 0x00,
	0x00, 0x00, 0x00, 0x00, 0x00, 0x00, 0x00, 0x00, 0x00, 0x00, 0x00, 0x00, 0x00, 0x04, 0x00, 0x00,
	0x00, 0x00, 0x00, 0x00, 0x00, 0x00, 0x00, 0x00, 0x00, 0x00, 0x00, 0x00, 0x00, 0x00, 0x00, 0x00,
	0x00, 0x00, 0x00, 0x00, 0x00, 0x00, 0xFF, 0xFB, 0x00, 0x00, 0xFF, 0xFB, 0xFF, 0xF1, 0x00, 0x00,
	0x00, 0x00, 0x00, 0x00, 0x00, 0x00, 0x00, 0x00, 0x00, 0x00, 0x00, 0x00, 0x00, 0x00, 0xFF, 0xF4,
	0xFF, 0xF3, 0x00, 0x00, 0x00, 0x00, 0xFF, 0xA2, 0xFF, 0xD0, 0xFF, 0xB6, 0xFF, 0xF6, 0x00, 0x00,
	0x00, 0x00, 0x00, 0x00, 0xFF, 0xE2, 0x00, 0x00, 0xFF, 0xF6, 0xFF, 0xEA, 0xFF, 0xD2, 0xFF, 0xCE,
	0x00, 0x00, 0xFF, 0xF5, 0x00, 0x00, 0x00, 0x00, 0x00, 0x00, 0x00, 0x00, 0x00, 0x00, 0x00, 0x00,
	0x00, 0x00, 0x00, 0x00, 0x00, 0x00, 0x00, 0x00, 0x00, 0x00, 0x00, 0x00, 0x00, 0x00, 0x00, 0x00,
	0x00, 0x00, 0x00, 0x00, 0x00, 0x00, 0x00, 0x00, 0xFF, 0xFC, 0xFF, 0xFA, 0x00, 0x00, 0x00, 0x00,
	0x00, 0x00, 0x00, 0x00, 0x00, 0x00, 0x00, 0x00, 0x00, 0x00, 0x00, 0x00, 0x00, 0x00, 0x00, 0x00,
	0x00, 0x00, 0x00, 0x00, 0x00, 0x00, 0x00, 0x00, 0x00, 0x00, 0x00, 0x00, 0x00, 0x00, 0x00, 0x00,
	0x00, 0x00, 0x00, 0x00, 0x00, 0x00, 0xFF, 0xFB, 0x00, 0x00, 0x00, 0x04, 0x00, 0x00, 0xFF, 0xF8,
	0x00, 0x00, 0x00, 0x00, 0x00, 0x00, 0x00, 0x00, 0x00, 0x00, 0x00, 0x00, 0x00, 0x04, 0x00, 0x00,
	0x00, 0x00, 0x00, 0x00, 0x00, 0x00, 0x00, 0x00, 0xFF, 0xFB, 0x00, 0x00, 0x00, 0x00, 0x00, 0x00,
	0x00, 0x00, 0x00, 0x00, 0xFF, 0xEC, 0x00, 0x00, 0xFF, 0xE2, 0x00, 0x00, 0x00, 0x04, 0x00, 0x16,
	0x00, 0x00, 0x00, 0x00, 0x00, 0x00, 0x00, 0x00, 0xFF, 0xEE, 0x00, 0x00, 0x00, 0x00, 0x00, 0x00,
	0x00, 0x00, 0x00, 0x00, 0xFF, 0xF7, 0x00, 0x00, 0x00, 0x00, 0x00, 0x00, 0x00, 0x00, 0x00, 0x00,
	0x00, 0x00, 0x00, 0x00, 0x00, 0x00, 0xFF, 0xFC, 0x00, 0x00, 0x00, 0x00, 0xFF, 0xF5, 0xFF, 0xF1,
	0x00, 0x00, 0x00, 0x00, 0xFF, 0xBE, 0xFF, 0xD0, 0xFF, 0xB6, 0x00, 0x00, 0x00, 0x00, 0x00, 0x00,
	0x00, 0x00, 0x00, 0x00, 0x00, 0x00, 0xFF, 0xF6, 0xFF, 0xF2, 0xFF, 0xEA, 0xFF, 0xE0, 0x00, 0x00,
	0x00, 0x00, 0x00, 0x00, 0x00, 0x00, 0x00, 0x00, 0x00, 0x00, 0xFF, 0xEF, 0xFF, 0xE4, 0xFF, 0xFC,
	0x00, 0x00, 0xFF, 0xFE, 0x00, 0x14, 0x00, 0x00, 0xFF, 0xF7, 0x00, 0x00, 0xFF, 0xE2, 0x00, 0x00,
	0xFF, 0xFC, 0x00, 0x00, 0x00, 0x00, 0xFF, 0xE7, 0xFF, 0xEA, 0x00, 0x00, 0xFF, 0xFC, 0xFF, 0xBC,
	0xFF, 0xBB, 0xFF, 0xBF, 0x00, 0x00, 0x00, 0x00, 0xFF, 0xEC, 0x00, 0x00, 0x00, 0x1C, 0x00, 0x00,
	0xFF, 0xB0, 0xFF, 0xA6, 0xFF, 0x9C, 0xFF, 0x9C, 0x00, 0x1E, 0x00, 0x00, 0x00, 0x00, 0x00, 0x00,
	0x00, 0x08, 0x00, 0x00, 0xFF, 0xF5, 0x00, 0x00, 0x00, 0x00, 0x00, 0x00, 0xFF, 0xF4, 0xFF, 0xE2,
	0x00, 0x00, 0x00, 0x00, 0x00, 0x00, 0x00, 0x00, 0x00, 0x00, 0x00, 0x00, 0xFF, 0xFE, 0x00, 0x00,
	0x00, 0x00, 0x00, 0x00, 0xFF, 0xF5, 0xFF, 0xF4, 0x00, 0x00, 0x00, 0x00, 0x00, 0x00, 0x00, 0x00,
	0x00, 0x00, 0x00, 0x00, 0x00, 0x00, 0xFF, 0xE0, 0x00, 0x00, 0x00, 0x00, 0x00, 0x00, 0x00, 0x00,
	0x00, 0x00, 0xFF, 0xE2, 0x00, 0x00, 0x00, 0x00, 0x00, 0x00, 0x00, 0x00, 0x00, 0x00, 0x00, 0x00,
	0x00, 0x00, 0x00, 0x00, 0x00, 0x00, 0x00, 0x00, 0x00, 0x00, 0x00, 0x00, 0x00, 0x00, 0x00, 0x00,
	0x00, 0x00, 0x00, 0x00, 0x00, 0x00, 0xFF, 0xFA, 0x00, 0x00, 0xFF, 0xF6, 0xFF, 0xFA, 0x00, 0x00,
	0x00, 0x00, 0xFF, 0xCA, 0xFF, 0xDE, 0xFF, 0xC4, 0x00, 0x00, 0x00, 0x00, 0x00, 0x00, 0x00, 0x00,
	0x00, 0x00, 0x00, 0x00, 0xFF, 0xF6, 0xFF, 0xEA, 0xFF, 0xEC, 0xFF, 0xE8, 0x00, 0x00, 0x00, 0x00,
	0x00, 0x00, 0x00, 0x00, 0x00, 0x00, 0x00, 0x00, 0x00, 0x00, 0x00, 0x00, 0x00, 0x00, 0x00, 0x00,
	0x00, 0x00, 0x00, 0x00, 0x00, 0x00, 0x00, 0x00, 0x00, 0x00, 0xFF, 0xF6, 0x00, 0x00, 0x00, 0x00,
	0x00, 0x00, 0x00, 0x00, 0xFF, 0xF6, 0xFF, 0xF5, 0xFF, 0xFB, 0x00, 0x00, 0xFF, 0xC3, 0xFF, 0xD2,
	0xFF, 0xCA, 0xFF, 0xF8, 0x00, 0x00, 0xFF, 0xEE, 0x00, 0x00, 0xFF, 0xF8, 0x00, 0x00, 0xFF, 0xEC,
	0xFF, 0xF4, 0xFF, 0xE4, 0xFF, 0xE0, 0x00, 0x00, 0xFF, 0xFA, 0x00, 0x00, 0x00, 0x00, 0x00, 0x00,
	0x00, 0x00, 0xFF, 0xEF, 0x00, 0x00, 0x00, 0x00, 0x00, 0x00, 0xFF, 0xEB, 0xFF, 0xEA, 0x00, 0x00,
	0x00, 0x00, 0x00, 0x00, 0x00, 0x00, 0x00, 0x00, 0x00, 0x00, 0xFF, 0xFD, 0x00, 0x00, 0x00, 0x00,
	0x00, 0x00, 0xFF, 0xEB, 0xFF, 0xEB, 0xFF, 0xD2, 0xFF, 0xE8, 0xFF, 0xDE, 0x00, 0x00, 0xFF, 0xDC,
	0xFF, 0xE8, 0x00, 0x00, 0xFF, 0xB4, 0x00, 0x00, 0x00, 0x00, 0x00, 0x00, 0x00, 0x20, 0x00, 0x00,
	0x00, 0x00, 0x00, 0x00, 0xFF, 0xF4, 0x00, 0x00, 0xFF, 0xE2, 0x00, 0x00, 0x00, 0x00, 0x00, 0x00,
	0x00, 0x00, 0x00, 0x00, 0x00, 0x00, 0x00, 0x00, 0x00, 0x00, 0x00, 0x00, 0x00, 0x00, 0x00, 0x00,
	0x00, 0x00, 0x00, 0x00, 0x00, 0x00, 0xFF, 0xF8, 0x00, 0x00, 0x00, 0x00, 0x00, 0x00, 0x00, 0x00,
	0x00, 0x00, 0x00, 0x00, 0x00, 0x00, 0x00, 0x00, 0x00, 0x00, 0x00, 0x00, 0x00, 0x00, 0x00, 0x00,
	0x00, 0x00, 0x00, 0x00, 0x00, 0x00, 0x00, 0x00, 0x00, 0x00, 0x00, 0x00, 0x00, 0x00, 0x00, 0x00,
	0x00, 0x00, 0x00, 0x00, 0x00, 0x00, 0x00, 0x00, 0x00, 0x00, 0x00, 0x00, 0x00, 0x00, 0x00, 0x00,
	0xFF, 0xF0, 0x00, 0x00, 0x00, 0x00, 0x00, 0x00, 0x00, 0x00, 0x00, 0x00, 0x00, 0x00, 0x00, 0x00,
	0x00, 0x00, 0xFF, 0xF6, 0xFF, 0xF6, 0x00, 0x00, 0x00, 0x00, 0xFF, 0xA2, 0xFF, 0xD2, 0xFF, 0xBE,
	0xFF, 0xEC, 0xFF, 0xEC, 0xFF, 0xF0, 0x00, 0x00, 0xFF, 0xEC, 0x00, 0x00, 0x00, 0x00, 0xFF, 0xF6,
	0xFF, 0xDA, 0xFF, 0xCE, 0x00, 0x00, 0xFF, 0xF8, 0x00, 0x00, 0x00, 0x00, 0x00, 0x00, 0x00, 0x00,
	0x00, 0x00, 0x00, 0x00, 0x00, 0x00, 0x00, 0x00, 0x00, 0x00, 0x00, 0x00, 0x00, 0x00, 0x00, 0x00,
	0x00, 0x00, 0x00, 0x00, 0x00, 0x00, 0x00, 0x00, 0x00, 0x00, 0x00, 0x02, 0x00, 0x00, 0x00, 0x00,
	0x00, 0x00, 0x00, 0x00, 0xFF, 0xEC, 0xFF, 0xF6, 0xFF, 0xF6, 0x00, 0x00, 0x00, 0x00, 0x00, 0x00,
	0x00, 0x00, 0xFF, 0xFB, 0x00, 0x00, 0x00, 0x0A, 0x00, 0x00, 0xFF, 0xFE, 0xFF, 0xFB, 0x00, 0x00,
	0x00, 0x00, 0x00, 0x00, 0x00, 0x00, 0x00, 0x04, 0x00, 0x00, 0xFF, 0xF6, 0xFF, 0xDD, 0xFF, 0xF6,
	0x00, 0x00, 0x00, 0x00, 0x00, 0x14, 0x00, 0x03, 0x00, 0x00, 0x00, 0x00, 0xFF, 0xE2, 0x00, 0x00,
	0x00, 0x00, 0x00, 0x00, 0xFF, 0xE7, 0xFF, 0xD8, 0xFF, 0xE7, 0x00, 0x0C, 0x00, 0x00, 0xFF, 0xBC,
	0xFF, 0xCE, 0xFF, 0xB8, 0x00, 0x00, 0x00, 0x00, 0xFF, 0xB0, 0x00, 0x03, 0x00, 0x1E, 0x00, 0x1E,
	0xFF, 0xAC, 0xFF, 0x92, 0xFF, 0xA6, 0xFF, 0xB0, 0x00, 0x00, 0x00, 0x00, 0x00, 0x00, 0x00, 0x00,
	0x00, 0x02, 0x00, 0x00, 0x00, 0x00, 0x00, 0x00, 0x00, 0x00, 0xFF, 0xFB, 0xFF, 0xF6, 0xFF, 0xE9,
	0x00, 0x00, 0x00, 0x00, 0x00, 0x00, 0x00, 0x00, 0x00, 0x00, 0x00, 0x00, 0x00, 0x00, 0x00, 0x00,
	0x00, 0x00, 0x00, 0x00, 0x00, 0x00, 0x00, 0x00, 0xFF, 0xE0, 0xFF, 0xEC, 0xFF, 0xD8, 0x00, 0x00,
	0xFF, 0xF0, 0x00, 0x00, 0x00, 0x00, 0xFF, 0xDD, 0x00, 0x00, 0x00, 0x00, 0x00, 0x00, 0xFF, 0xEC,
	0xFF, 0xEC, 0xFF, 0xEC, 0x00, 0x00, 0x00, 0x00, 0x00, 0x00, 0x00, 0x00, 0x00, 0x00, 0xFF, 0xEB,
	0x00, 0x00, 0x00, 0x00, 0x00, 0x00, 0xFF, 0xEB, 0xFF, 0xEA, 0x00, 0x00, 0x00, 0x00, 0x00, 0x00,
	0x00, 0x00, 0x00, 0x00, 0x00, 0x00, 0xFF, 0xFD, 0x00, 0x00, 0x00, 0x00, 0x00, 0x00, 0xFF, 0xEB,
	0xFF, 0xEB, 0xFF, 0xDC, 0xFF, 0xE3, 0xFF, 0xDE, 0x00, 0x00, 0xFF, 0xF0, 0xFF, 0xE8, 0x00, 0x00,
	0xFF, 0xB6, 0x00, 0x00, 0x00, 0x00, 0x00, 0x00, 0x00, 0x00, 0x00, 0x00, 0x00, 0x00, 0x00, 0x00,
	0xFF, 0xF4, 0x00, 0x00, 0xFF, 0xE2, 0x00, 0x00, 0xFF, 0xF6, 0x00, 0x00, 0x00, 0x02, 0x00, 0x00,
	0x00, 0x00, 0x00, 0x00, 0x00, 0x00, 0x00, 0x00, 0x00, 0x00, 0x00, 0x00, 0x00, 0x00, 0x00, 0x02,
	0x00, 0x06, 0x00, 0x00, 0x00, 0x00, 0x00, 0x00, 0x00, 0x00, 0x00, 0x00, 0xFF, 0xCE, 0xFF, 0xFC,
	0xFF, 0xDC, 0x00, 0x00, 0x00, 0x00, 0xFF, 0xF6, 0x00, 0x00, 0xFF, 0xFE, 0x00, 0x00, 0x00, 0x14,
	0x00, 0x04, 0x00, 0x00, 0x00, 0x00, 0x00, 0x00, 0xFF, 0xFC, 0xFF, 0xFC, 0x00, 0x00, 0x00, 0x00,
	0x00, 0x00, 0x00, 0x00, 0x00, 0x00, 0x00, 0x00, 0x00, 0x00, 0x00, 0x00, 0x00, 0x00, 0x00, 0x00,
	0x00, 0x00, 0x00, 0x00, 0x00, 0x00, 0x00, 0x00, 0x00, 0x00, 0x00, 0x00, 0x00, 0x00, 0x00, 0x00,
	0x00, 0x00, 0x00, 0x00, 0x00, 0x00, 0xFF, 0xCA, 0xFF, 0xF5, 0xFF, 0xE8, 0x00, 0x00, 0x00, 0x00,
	0x00, 0x00, 0x00, 0x00, 0x00, 0x00, 0x00, 0x00, 0x00, 0x00, 0x00, 0x00, 0x00, 0x00, 0x00, 0x00,
	0x00, 0x00, 0x00, 0x00, 0x00, 0x00, 0x00, 0x00, 0x00, 0x00, 0x00, 0x00, 0xFF, 0xA2, 0xFF, 0xD0,
	0xFF, 0xE8, 0x00, 0x00, 0xFF, 0xA3, 0xFF, 0xBC, 0xFF, 0xCA, 0xFF, 0xC0, 0x00, 0x00, 0x00, 0x00,
	0x00, 0x00, 0xFF, 0xE8, 0xFF, 0xB2, 0xFF, 0xF8, 0xFF, 0xD2, 0xFF, 0xDC, 0xFF, 0xA2, 0xFF, 0xA2,
	0x00, 0x00, 0x00, 0x00, 0x00, 0x12, 0xFF, 0xD4, 0x00, 0x00, 0xFF, 0xBE, 0x00, 0x00, 0xFF, 0x92,
	0x00, 0x14, 0x00, 0x0A, 0xFF, 0xF2, 0xFF, 0xFE, 0xFF, 0xFC, 0xFF, 0xB0, 0xFF, 0xDE, 0xFF, 0xB0,
	0xFF, 0xC0, 0xFF, 0xAA, 0x00, 0x00, 0xFF, 0xC8, 0xFF, 0xEA, 0xFF, 0xFC, 0x00, 0x00, 0xFF, 0xC0,
	0xFF, 0xBB, 0xFF, 0xDE, 0xFF, 0xD4, 0x00, 0x00, 0x00, 0x00, 0x00, 0x00, 0xFF, 0xFC, 0xFF, 0xDA,
	0xFF, 0xFE, 0xFF, 0xE8, 0xFF, 0xE3, 0xFF, 0xC8, 0xFF, 0xC8, 0x00, 0x00, 0x00, 0x00, 0x00, 0x0A,
	0xFF, 0xE8, 0x00, 0x00, 0xFF, 0xD4, 0x00, 0x00, 0xFF, 0xBE, 0x00, 0x14, 0x00, 0x14, 0xFF, 0xFC,
	0x00, 0x00, 0x00, 0x00, 0xFF, 0xC4, 0xFF, 0xFC, 0xFF, 0xD8, 0xFF, 0xEA, 0xFF, 0xC0, 0x00, 0x00,
	0xFF, 0xB6, 0xFF, 0xE6, 0xFF, 0xEA, 0x00, 0x00, 0xFF, 0xB6, 0xFF, 0xBF, 0xFF, 0xC4, 0xFF, 0xC4,
	0x00, 0x00, 0x00, 0x00, 0x00, 0x00, 0xFF, 0xF4, 0xFF, 0xC8, 0x00, 0x00, 0xFF, 0xDE, 0xFF, 0xDE,
	0xFF, 0xB6, 0xFF, 0xB6, 0x00, 0x12, 0x00, 0x0A, 0x00, 0x1E, 0xFF, 0xD4, 0x00, 0x00, 0xFF, 0xC0,
	0x00, 0x00, 0xFF, 0xAC, 0x00, 0x14, 0x00, 0x14, 0x00, 0x00, 0x00, 0x1C, 0x00, 0x1C, 0xFF, 0xB0,
	0xFF, 0xE2, 0xFF, 0xC4, 0xFF, 0xC4, 0xFF, 0xC5, 0x00, 0x00, 0x00, 0x00, 0x00, 0x00, 0x00, 0x00,
	0x00, 0x00, 0x00, 0x00, 0x00, 0x00, 0x00, 0x00, 0x00, 0x00, 0x00, 0x00, 0x00, 0x00, 0x00, 0x1E,
	0x00, 0x00, 0x00, 0x00, 0x00, 0x00, 0x00, 0x00, 0x00, 0x00, 0x00, 0x00, 0x00, 0x00, 0xFF, 0xDE,
	0xFF, 0xF2, 0xFF, 0xF3, 0x00, 0x00, 0x00, 0x00, 0x00, 0x00, 0x00, 0x00, 0x00, 0x18, 0x00, 0x00,
	0x00, 0x00, 0x00, 0x00, 0xFF, 0xE2, 0xFF, 0xEC, 0x00, 0x0A, 0x00, 0x00, 0x00, 0x0A, 0x00, 0x00,
	0x00, 0x00, 0x00, 0x00, 0xFF, 0xF0, 0x00, 0x00, 0x00, 0x00, 0x00, 0x00, 0x00, 0x00, 0x00, 0x00,
	0x00, 0x00, 0x00, 0x00, 0x00, 0x00, 0x00, 0x00, 0x00, 0x00, 0x00, 0x04, 0x00, 0x00, 0x00, 0x00,
	0x00, 0x00, 0x00, 0x00, 0x00, 0x00, 0x00, 0x00, 0xFF, 0xD4, 0xFF, 0xE8, 0xFF, 0xFC, 0x00, 0x00,
	0x00, 0x00, 0xFF, 0xEC, 0x00, 0x00, 0x00, 0x00, 0x00, 0x00, 0x00, 0x00, 0x00, 0x00, 0x00, 0x00,
	0x00, 0x00, 0x00, 0x00, 0x00, 0x00, 0xFF, 0xEE, 0x00, 0x00, 0x00, 0x00, 0x00, 0x00, 0xFF, 0xED,
	0x00, 0x00, 0x00, 0x14, 0x00, 0x00, 0xFF, 0xEC, 0x00, 0x00, 0x00, 0x00, 0x00, 0x00, 0x00, 0x00,
	0x00, 0x00, 0x00, 0x00, 0x00, 0x14, 0x00, 0x00, 0x00, 0x00, 0x00, 0x0F, 0x00, 0x0F, 0xFF, 0xED,
	0xFF, 0xF7, 0xFF, 0xF5, 0xFF, 0xFA, 0xFF, 0xD6, 0x00, 0x0E, 0x00, 0x00, 0xFF, 0xD2, 0x00, 0x00,
	0xFF, 0xB6, 0x00, 0x00, 0x00, 0x1E, 0x00, 0x1C, 0x00, 0x12, 0x00, 0x00, 0xFF, 0xCE, 0x00, 0x00,
	0xFF, 0xE2, 0x00, 0x00, 0x00, 0x00, 0x00, 0x00, 0xFF, 0xEF, 0xFF, 0xEF, 0x00, 0x00, 0x00, 0x00,
	0x00, 0x02, 0x00, 0x00, 0x00, 0x00, 0x00, 0x00, 0x00, 0x00, 0x00, 0x00, 0x00, 0x00, 0x00, 0x00,
	0x00, 0x00, 0x00, 0x00, 0xFF, 0xEE, 0xFF, 0xEC, 0x00, 0x04, 0xFF, 0xF0, 0x00, 0x00, 0x00, 0x00,
	0x00, 0x00, 0x00, 0x00, 0x00, 0x00, 0xFF, 0xD8, 0x00, 0x00, 0x00, 0x04, 0x00, 0x00, 0x00, 0x00,
	0x00, 0x00, 0x00, 0x00, 0x00, 0x00, 0x00, 0x00, 0x00, 0x00, 0xFF, 0xEC, 0x00, 0x00, 0x00, 0x00,
	0x00, 0x00, 0xFF, 0xDD, 0xFF, 0xFC, 0x00, 0x00, 0x00, 0x00, 0xFF, 0xEC, 0x00, 0x00, 0x00, 0x00,
	0xFF, 0xF1, 0x00, 0x00, 0xFF, 0xFC, 0x00, 0x00, 0x00, 0x0A, 0xFF, 0xFC, 0x00, 0x00, 0xFF, 0xFE,
	0xFF, 0xFE, 0xFF, 0xEC, 0xFF, 0xEC, 0xFF, 0xF4, 0xFF, 0xFF, 0xFF, 0xF6, 0x00, 0x00, 0x00, 0x00,
	0xFF, 0xCE, 0x00, 0x00, 0xFF, 0xFE, 0x00, 0x00, 0x00, 0x0A, 0x00, 0x00, 0x00, 0x00, 0xFF, 0xFB,
	0x00, 0x00, 0x00, 0x00, 0xFF, 0xE2, 0x00, 0x00, 0xFF, 0xEE, 0x00, 0x00, 0x00, 0x00, 0x00, 0x00,
	0x00, 0x00, 0x00, 0x00, 0x00, 0x00, 0xFF, 0xE4, 0x00, 0x00, 0x00, 0x00, 0x00, 0x00, 0x00, 0x00,
	0x00, 0x00, 0x00, 0x00, 0x00, 0x00, 0x00, 0x00, 0x00, 0x00, 0x00, 0x00, 0x00, 0x00, 0x00, 0x00,
	0xFF, 0xD2, 0xFF, 0xEA, 0xFF, 0xE7, 0x00, 0x00, 0x00, 0x00, 0x00, 0x00, 0x00, 0x00, 0xFF, 0xD3,
	0x00, 0x00, 0xFF, 0xF6, 0x00, 0x00, 0xFF, 0xD8, 0xFF, 0xE2, 0x00, 0x00, 0x00, 0x00, 0x00, 0x00,
	0x00, 0x00, 0x00, 0x00, 0x00, 0x00, 0x00, 0x00, 0x00, 0x00, 0xFF, 0xEC, 0x00, 0x00, 0xFF, 0xF4,
	0xFF, 0xEC, 0x00, 0x00, 0x00, 0x00, 0x00, 0x00, 0x00, 0x00, 0x00, 0x00, 0xFF, 0xEC, 0xFF, 0xFE,
	0xFF, 0xE8, 0xFF, 0xE0, 0xFF, 0xE8, 0xFF, 0xF6, 0x00, 0x00, 0xFF, 0xBE, 0xFF, 0xD4, 0xFF, 0xC0,
	0xFF, 0xEC, 0xFF, 0xDE, 0x00, 0x00, 0x00, 0x00, 0x00, 0x00, 0x00, 0x00, 0x00, 0x00, 0x00, 0x00,
	0x00, 0x00, 0x00, 0x00, 0x00, 0x00, 0x00, 0x00, 0x00, 0x00, 0x00, 0x00, 0x00, 0x04, 0x00, 0x00,
	0x00, 0x00, 0x00, 0x00, 0x00, 0x00, 0x00, 0x00, 0x00, 0x00, 0x00, 0x00, 0x00, 0x00, 0x00, 0x00,
	0x00, 0x00, 0x00, 0x00, 0x00, 0x00, 0x00, 0x00, 0x00, 0x00, 0x00, 0x00, 0x00, 0x00, 0x00, 0x00,
	0x00, 0x00, 0x00, 0x00, 0x00, 0x00, 0x00, 0x00, 0x00, 0x00, 0x00, 0x00, 0x00, 0x00, 0x00, 0x00,
	0x00, 0x00, 0x00, 0x00, 0x00, 0x04, 0x00, 0x00, 0x00, 0x00, 0x00, 0x00, 0x00, 0x00, 0x00, 0x00,
	0x00, 0x00, 0x00, 0x00, 0x00, 0x00, 0x00, 0x00, 0x00, 0x00, 0xFF, 0xE2, 0xFF, 0xD3, 0xFF, 0xE2,
	0x00, 0x00, 0xFF, 0xF6, 0x00, 0x1C, 0x00, 0x00, 0xFF, 0xEC, 0x00, 0x00, 0xFF, 0xE0, 0x00, 0x00,
	0xFF, 0xEA, 0x00, 0x00, 0x00, 0x00, 0xFF, 0xC2, 0xFF, 0xB6, 0x00, 0x00, 0xFF, 0xEC, 0xFF, 0x92,
	0xFF, 0xBE, 0xFF, 0xAC, 0x00, 0x00, 0x00, 0x04, 0x00, 0x00, 0x00, 0x00, 0x00, 0x00, 0x00, 0x00,
	0xFF, 0xAC, 0x00, 0x00, 0xFF, 0xAC, 0xFF, 0xAC, 0x00, 0x00, 0x00, 0x00, 0x00, 0x00, 0x00, 0x00,
	0x00, 0x10, 0x00, 0x00, 0x00, 0x00, 0x00, 0x00, 0x00, 0x00, 0x00, 0x00, 0x00, 0x00, 0x00, 0x00,
	0x00, 0x00, 0x00, 0x00, 0x00, 0x04, 0x00, 0x00, 0x00, 0x00, 0x00, 0x00, 0x00, 0x00, 0x00, 0x00,
	0x00, 0x00, 0x00, 0x00, 0x00, 0x00, 0x00, 0x00, 0x00, 0x14, 0x00, 0x14, 0x00, 0x14, 0x00, 0x00,
	0x00, 0x00, 0x00, 0x00, 0x00, 0x31, 0x00, 0x00, 0x00, 0x00, 0x00, 0x28, 0x00, 0x00, 0x00, 0x00,
	0x00, 0x00, 0x00, 0x00, 0x00, 0x00, 0x00, 0x00, 0x00, 0x00, 0x00, 0x00, 0x00, 0x00, 0xFF, 0xEC,
	0xFF, 0xF6, 0x00, 0x04, 0x00, 0x00, 0xFF, 0xEC, 0xFF, 0xB0, 0x00, 0x00, 0x00, 0x00, 0x00, 0x00,
	0x00, 0x00, 0x00, 0x00, 0x00, 0x00, 0xFF, 0xEC, 0x00, 0x0A, 0x00, 0x00, 0x00, 0x00, 0xFF, 0xE2,
	0xFF, 0xEC, 0x00, 0x0A, 0x00, 0x14, 0x00, 0x14, 0x00, 0x00, 0x00, 0x00, 0x00, 0x00, 0x00, 0x00,
	0xFF, 0xAC, 0x00, 0x28, 0x00, 0x00, 0x00, 0x00, 0x00, 0x00, 0x00, 0x00, 0x00, 0x00, 0x00, 0x00,
	0x00, 0x00, 0x00, 0x00, 0xFF, 0xB0, 0x00, 0x00, 0xFF, 0xE2, 0x00, 0x00, 0x00, 0x14, 0x00, 0x00,
	0x00, 0x00, 0x00, 0x00, 0x00, 0x00, 0x00, 0x00, 0x00, 0x00, 0x00, 0x00, 0x00, 0x00, 0x00, 0x00,
	0x00, 0x00, 0x00, 0x0A, 0x00, 0x00, 0x00, 0x00, 0xFF, 0xFA, 0x00, 0x00, 0xFF, 0xF6, 0x00, 0x00,
	0x00, 0x00, 0x00, 0x00, 0x00, 0x00, 0x00, 0x00, 0x00, 0x00, 0x00, 0x00, 0x00, 0x00, 0x00, 0x00,
	0x00, 0x00, 0x00, 0x00, 0x00, 0x00, 0x00, 0x00, 0x00, 0x00, 0x00, 0x00, 0x00, 0x00, 0x00, 0x00,
	0x00, 0x00, 0xFF, 0xCA, 0xFF, 0xD8, 0x00, 0x00, 0x00, 0x00, 0xFF, 0xCA, 0xFF, 0x9C, 0x00, 0x00,
	0x00, 0x00, 0x00, 0x00, 0x00, 0x00, 0x00, 0x00, 0x00, 0x00, 0xFF, 0xD4, 0x00, 0x00, 0x00, 0x00,
	0x00, 0x00, 0xFF, 0xCA, 0xFF, 0xCA, 0xFF, 0xFE, 0x00, 0x00, 0x00, 0x1C, 0x00, 0x00, 0x00, 0x00,
	0x00, 0x00, 0x00, 0x00, 0xFF, 0xAC, 0x00, 0x00, 0x00, 0x00, 0x00, 0x00, 0x00, 0x00, 0x00, 0x00,
	0x00, 0x00, 0x00, 0x00, 0x00, 0x00, 0x00, 0x00, 0xFF, 0xAC, 0x00, 0x00, 0xFF, 0xCC, 0xFF, 0xDC,
	0x00, 0x00, 0x00, 0x00, 0xFF, 0xDC, 0xFF, 0x9C, 0x00, 0x00, 0x00, 0x00, 0x00, 0x00, 0x00, 0x00,
	0x00, 0x00, 0x00, 0x00, 0xFF, 0xE0, 0xFF, 0xFE, 0x00, 0x00, 0x00, 0x00, 0xFF, 0xCE, 0xFF, 0xCE,
	0xFF, 0xFC, 0x00, 0x00, 0x00, 0x1A, 0x00, 0x00, 0x00, 0x00, 0x00, 0x00, 0x00, 0x00, 0xFF, 0xAC,
	0x00, 0x00, 0x00, 0x00, 0x00, 0x00, 0x00, 0x00, 0x00, 0x00, 0x00, 0x00, 0x00, 0x00, 0x00, 0x00,
	0x00, 0x00, 0xFF, 0xB0, 0x00, 0x00, 0xFF, 0xE2, 0xFF, 0xD8, 0xFF, 0xD8, 0x00, 0x00, 0xFF, 0xF6,
	0x00, 0x1E, 0x00, 0x00, 0xFF, 0xE2, 0x00, 0x00, 0xFF, 0xE2, 0x00, 0x00, 0xFF, 0xE2, 0xFF, 0xFE,
	0xFF, 0xF6, 0xFF, 0xC4, 0xFF, 0xC4, 0xFF, 0xF6, 0xFF, 0xEC, 0xFF, 0xAA, 0xFF, 0xC0, 0xFF, 0xAC,
	0x00, 0x00, 0x00, 0x00, 0x00, 0x00, 0x00, 0x00, 0x00, 0x00, 0x00, 0x00, 0x00, 0x00, 0x00, 0x00,
	0x00, 0x00, 0x00, 0x00, 0x00, 0x00, 0x00, 0x00, 0x00, 0x00, 0x00, 0x00, 0x00, 0x00, 0x00, 0x00,
	0xFF, 0xEF, 0x00, 0x00, 0x00, 0x00, 0x00, 0x00, 0xFF, 0xF8, 0x00, 0x00, 0x00, 0x00, 0x00, 0x00,
	0x00, 0x00, 0x00, 0x00, 0x00, 0x00, 0x00, 0x00, 0x00, 0x07, 0x00, 0x00, 0x00, 0x00, 0x00, 0x00,
	0x00, 0x00, 0x00, 0x00, 0xFF, 0xDE, 0xFF, 0xFC, 0xFF, 0xE8, 0x00, 0x00, 0x00, 0x00, 0xFF, 0xCA,
	0x00, 0x00, 0x00, 0x00, 0x00, 0x00, 0x00, 0x00, 0x00, 0x00, 0x00, 0x00, 0x00, 0x00, 0x00, 0x00,
	0x00, 0x00, 0xFF, 0xDC, 0x00, 0x00, 0x00, 0x00, 0x00, 0x00, 0x00, 0x00, 0x00, 0x00, 0xFF, 0xEE,
	0x00, 0x00, 0x00, 0x00, 0x00, 0x00, 0x00, 0x00, 0x00, 0x00, 0x00, 0x00, 0x00, 0x00, 0x00, 0x00,
	0x00, 0x00, 0x00, 0x00, 0x00, 0x00, 0xFF, 0xF4, 0xFF, 0xF4, 0x00, 0x00, 0x00, 0x00, 0xFF, 0xB0,
	0xFF, 0xD8, 0xFF, 0xC4, 0xFF, 0xEC, 0x00, 0x00, 0x00, 0x00, 0x00, 0x00, 0x00, 0x00, 0x00, 0x00,
	0x00, 0x00, 0x00, 0x00, 0x00, 0x00, 0x00, 0x00, 0x00, 0x00, 0x00, 0x00, 0x00, 0x00, 0x00, 0x00,
	0x00, 0x14, 0x00, 0x00, 0xFF, 0xF5, 0x00, 0x00, 0x00, 0x00, 0x00, 0x00, 0xFF, 0xFC, 0x00, 0x00,
	0x00, 0x00, 0x00, 0x00, 0x00, 0x00, 0x00, 0x00, 0x00, 0x00, 0x00, 0x00, 0xFF, 0xF8, 0x00, 0x00,
	0x00, 0x00, 0x00, 0x00, 0xFF, 0xFA, 0xFF, 0xF8, 0xFF, 0xDE, 0xFF, 0xFC, 0xFF, 0xEC, 0x00, 0x00,
	0x00, 0x00, 0x00, 0x00, 0x00, 0x00, 0x00, 0x00, 0x00, 0x00, 0x00, 0x00, 0x00, 0x00, 0x00, 0x00,
	0x00, 0x00, 0x00, 0x00, 0x00, 0x00, 0x00, 0x00, 0x00, 0x00, 0x00, 0x00, 0x00, 0x00, 0xFF, 0xF1,
	0x00, 0x00, 0x00, 0x04, 0x00, 0x00, 0xFF, 0xEE, 0xFF, 0xF2, 0x00, 0x00, 0x00, 0x00, 0x00, 0x00,
	0x00, 0x00, 0x00, 0x00, 0x00, 0x04, 0x00, 0x00, 0x00, 0x00, 0x00, 0x00, 0x00, 0x00, 0xFF, 0xEE,
	0xFF, 0xF1, 0x00, 0x0A, 0x00, 0x00, 0x00, 0x14, 0x00, 0x03, 0x00, 0x00, 0xFF, 0xD2, 0x00, 0x00,
	0xFF, 0xCA, 0x00, 0x24, 0x00, 0x28, 0x00, 0x04, 0x00, 0x14, 0x00, 0x0A, 0x00, 0x00, 0x00, 0x00,
	0xFF, 0xE2, 0x00, 0x00, 0x00, 0x00, 0x00, 0x00, 0x00, 0x00, 0x00, 0x00, 0x00, 0x08, 0x00, 0x19,
	0x00, 0x00, 0x00, 0x00, 0x00, 0x00, 0x00, 0x00, 0x00, 0x23, 0x00, 0x00, 0x00, 0x00, 0x00, 0x0B,
	0x00, 0x00, 0x00, 0x00, 0x00, 0x00, 0x00, 0x00, 0x00, 0x00, 0x00, 0x00, 0x00, 0x00, 0x00, 0x00,
	0x00, 0x00, 0x00, 0x04, 0x00, 0x00, 0x00, 0x00, 0x00, 0x23, 0x00, 0x00, 0x00, 0x49, 0x00, 0x41,
	0x00, 0x2B, 0x00, 0x21, 0x00, 0x29, 0x00, 0x00, 0x00, 0x00, 0x00, 0x00, 0x00, 0x00, 0x00, 0x00,
	0x00, 0x00, 0x00, 0x00, 0x00, 0x00, 0x00, 0x00, 0x00, 0x00, 0x00, 0x00, 0x00, 0x00, 0x00, 0x00,
	0x00, 0x00, 0x00, 0x00, 0x00, 0x00, 0x00, 0x00, 0x00, 0x00, 0x00, 0x00, 0x00, 0x00, 0x00, 0x00,
	0x00, 0x00, 0x00, 0x00, 0x00, 0x00, 0xFF, 0xC0, 0xFF, 0xEA, 0xFF, 0xC4, 0x00, 0x00, 0x00, 0x00,
	0x00, 0x00, 0x00, 0x00, 0x00, 0x00, 0x00, 0x00, 0x00, 0x00, 0x00, 0x00, 0x00, 0x00, 0x00, 0x00,
	0x00, 0x00, 0x00, 0x00, 0x00, 0x00, 0x00, 0x00, 0x00, 0x00, 0x00, 0x00, 0xFF, 0xE0, 0xFF, 0xCA,
	0xFF, 0xE8, 0x00, 0x00, 0xFF, 0xF1, 0x00, 0x00, 0x00, 0x00, 0xFF, 0xE6, 0x00, 0x00, 0x00, 0x00,
	0x00, 0x00, 0xFF, 0xFC, 0x00, 0x00, 0xFF, 0xCE, 0xFF, 0xD6, 0xFF, 0xE0, 0xFF, 0xF8, 0xFF, 0xFB,
	0x00, 0x00, 0x00, 0x00, 0x00, 0x00, 0x00, 0x00, 0x00, 0x00, 0xFF, 0xC0, 0x00, 0x00, 0x00, 0x00,
	0x00, 0x14, 0xFF, 0xFE, 0xFF, 0xE2, 0x00, 0x00, 0xFF, 0xEC, 0x00, 0x00, 0x00, 0x00, 0xFF, 0xD8,
	0x00, 0x00, 0x00, 0x00, 0x00, 0x00, 0x00, 0x00, 0x00, 0x00, 0x00, 0x00, 0x00, 0x00, 0x00, 0x00,
	0xFF, 0xEC, 0x00, 0x00, 0x00, 0x00, 0x00, 0x00, 0x00, 0x00, 0x00, 0x00, 0x00, 0x00, 0x00, 0x00,
	0x00, 0x00, 0x00, 0x00, 0x00, 0x00, 0x00, 0x00, 0x00, 0x00, 0x00, 0x00, 0x00, 0x00, 0x00, 0x00,
	0x00, 0x00, 0x00, 0x00, 0x00, 0x00, 0x00, 0x00, 0xFF, 0xE8, 0x00, 0x00, 0x00, 0x00, 0x00, 0x00,
	0x00, 0x00, 0x00, 0x00, 0xFF, 0xE2, 0x00, 0x00, 0x00, 0x00, 0x00, 0x00, 0x00, 0x00, 0x00, 0x02,
	0x00, 0x1B, 0x00, 0x01, 0x00, 0x0D, 0x00, 0x00, 0x00, 0x0F, 0x00, 0x22, 0x00, 0x0D, 0x00, 0x24,
	0x00, 0x28, 0x00, 0x21, 0x00, 0x34, 0x00, 0x4F, 0x00, 0x26, 0x00, 0x53, 0x00, 0x6B, 0x00, 0x42,
	0x00, 0x6D, 0x00, 0x71, 0x00, 0x5B, 0x00, 0x73, 0x00, 0x90, 0x00, 0x60, 0x00, 0x92, 0x00, 0x93,
	0x00, 0x7E, 0x00, 0x95, 0x00, 0xB3, 0x00, 0x80, 0x00, 0xB6, 0x00, 0xB6, 0x00, 0x9F, 0x00, 0xBA,
	0x00, 0xCD, 0x00, 0xA0, 0x00, 0xCF, 0x00, 0xE8, 0x00, 0xB4, 0x00, 0xEA, 0x00, 0xEE, 0x00, 0xCE,
	0x00, 0xF0, 0x00, 0xFD, 0x00, 0xD3, 0x00, 0xFF, 0x01, 0x01, 0x00, 0xE1, 0x01, 0x03, 0x01, 0x05,
	0x00, 0xE4, 0x01, 0x4C, 0x01, 0x4C, 0x00, 0xE7, 0x01, 0x51, 0x01, 0x53, 0x00, 0xE8, 0x01, 0x57,
	0x01, 0x57, 0x00, 0xEB, 0x01, 0x5A, 0x01, 0x5C, 0x00, 0xEC, 0x01, 0x5F, 0x01, 0x5F, 0x00, 0xEF,
	0x01, 0x61, 0x01, 0x61, 0x00, 0xF0, 0x01, 0x63, 0x01, 0x63, 0x00, 0xF1, 0x01, 0x65, 0x01, 0x71,
	0x00, 0xF2, 0x01, 0xAB, 0x01, 0xAC, 0x00, 0xFF, 0x01, 0xD7, 0x01, 0xDA, 0x01, 0x01, 0x01, 0xDC,
	0x01, 0xEF, 0x01, 0x05, 0x00, 0x02, 0x00, 0x50, 0x00, 0x01, 0x00, 0x0B, 0x00, 0x08, 0x00, 0x0C,
	0x00, 0x0D, 0x00, 0x05, 0x00, 0x0F, 0x00, 0x14, 0x00, 0x11, 0x00, 0x15, 0x00, 0x18, 0x00, 0x1D,
	0x00, 0x19, 0x00, 0x22, 0x00, 0x05, 0x00, 0x24, 0x00, 0x28, 0x00, 0x18, 0x00, 0x34, 0x00, 0x35,
	0x00, 0x2E, 0x00, 0x36, 0x00, 0x37, 0x00, 0x2D, 0x00, 0x38, 0x00, 0x3D, 0x00, 0x10, 0x00, 0x3E,
	0x00, 0x44, 0x00, 0x0D, 0x00, 0x45, 0x00, 0x4E, 0x00, 0x01, 0x00, 0x4F, 0x00, 0x4F, 0x00, 0x05,
	0x00, 0x53, 0x00, 0x56, 0x00, 0x1C, 0x00, 0x57, 0x00, 0x5C, 0x00, 0x0F, 0x00, 0x5D, 0x00, 0x61,
	0x00, 0x17, 0x00, 0x62, 0x00, 0x6B, 0x00, 0x09, 0x00, 0x6D, 0x00, 0x71, 0x00, 0x16, 0x00, 0x73,
	0x00, 0x77, 0x00, 0x15, 0x00, 0x78, 0x00, 0x7B, 0x00, 0x1B, 0x00, 0x7C, 0x00, 0x7C, 0x00, 0x01,
	0x00, 0x7D, 0x00, 0x87, 0x00, 0x07, 0x00, 0x88, 0x00, 0x89, 0x00, 0x04, 0x00, 0x8A, 0x00, 0x8A,
	0x00, 0x02, 0x00, 0x8B, 0x00, 0x90, 0x00, 0x0E, 0x00, 0x92, 0x00, 0x92, 0x00, 0x02, 0x00, 0x93,
	0x00, 0x93, 0x00, 0x2B, 0x00, 0x95, 0x00, 0x9E, 0x00, 0x04, 0x00, 0x9F, 0x00, 0x9F, 0x00, 0x2A,
	0x00, 0xA0, 0x00, 0xA4, 0x00, 0x14, 0x00, 0xA5, 0x00, 0xA6, 0x00, 0x0A, 0x00, 0xA7, 0x00, 0xAF,
	0x00, 0x03, 0x00, 0xB0, 0x00, 0xB1, 0x00, 0x1F, 0x00, 0xB2, 0x00, 0xB3, 0x00, 0x27, 0x00, 0xB6,
	0x00, 0xB6, 0x00, 0x2B, 0x00, 0xBA, 0x00, 0xC0, 0x00, 0x0A, 0x00, 0xC1, 0x00, 0xCA, 0x00, 0x02,
	0x00, 0xCB, 0x00, 0xCB, 0x00, 0x04, 0x00, 0xCC, 0x00, 0xCD, 0x00, 0x02, 0x00, 0xCF, 0x00, 0xD2,
	0x00, 0x1A, 0x00, 0xD3, 0x00, 0xD9, 0x00, 0x0B, 0x00, 0xDA, 0x00, 0xDE, 0x00, 0x06, 0x00, 0xEA,
	0x00, 0xEE, 0x00, 0x12, 0x00, 0xF0, 0x00, 0xF4, 0x00, 0x0C, 0x00, 0xF5, 0x00, 0xF8, 0x00, 0x19,
	0x00, 0xFA, 0x00, 0xFA, 0x00, 0x13, 0x00, 0xFB, 0x00, 0xFB, 0x00, 0x06, 0x00, 0xFC, 0x00, 0xFC,
	0x00, 0x2A, 0x00, 0xFD, 0x00, 0xFD, 0x00, 0x03, 0x00, 0xFF, 0x00, 0xFF, 0x00, 0x06, 0x01, 0x00,
	0x01, 0x00, 0x00, 0x0C, 0x01, 0x01, 0x01, 0x01, 0x00, 0x03, 0x01, 0x03, 0x01, 0x03, 0x00, 0x03,
	0x01, 0x04, 0x01, 0x04, 0x00, 0x06, 0x01, 0x05, 0x01, 0x05, 0x00, 0x0C, 0x01, 0x4C, 0x01, 0x4C,
	0x00, 0x22, 0x01, 0x51, 0x01, 0x51, 0x00, 0x2C, 0x01, 0x52, 0x01, 0x53, 0x00, 0x20, 0x01, 0x57,
	0x01, 0x57, 0x00, 0x20, 0x01, 0x5A, 0x01, 0x5B, 0x00, 0x22, 0x01, 0x5C, 0x01, 0x5C, 0x00, 0x2C,
	0x01, 0x5F, 0x01, 0x5F, 0x00, 0x21, 0x01, 0x61, 0x01, 0x61, 0x00, 0x21, 0x01, 0x63, 0x01, 0x63,
	0x00, 0x21, 0x01, 0x65, 0x01, 0x67, 0x00, 0x1E, 0x01, 0x68, 0x01, 0x68, 0x00, 0x29, 0x01, 0x69,
	0x01, 0x69, 0x00, 0x28, 0x01, 0x6A, 0x01, 0x6A, 0x00, 0x29, 0x01, 0x6B, 0x01, 0x6B, 0x00, 0x28,
	0x01, 0x6C, 0x01, 0x6C, 0x00, 0x26, 0x01, 0x6D, 0x01, 0x6D, 0x00, 0x25, 0x01, 0x6E, 0x01, 0x6E,
	0x00, 0x24, 0x01, 0x6F, 0x01, 0x6F, 0x00, 0x25, 0x01, 0x70, 0x01, 0x70, 0x00, 0x24, 0x01, 0x71,
	0x01, 0x71, 0x00, 0x26, 0x01, 0xAB, 0x01, 0xAC, 0x00, 0x23, 0x01, 0xD7, 0x01, 0xDA, 0x00, 0x01,
	0x01, 0xDC, 0x01, 0xDC, 0x00, 0x03, 0x01, 0xDD, 0x01, 0xDD, 0x00, 0x1F, 0x01, 0xE8, 0x01, 0xEB,
	0x00, 0x13, 0x01, 0xEC, 0x01, 0xEF, 0x00, 0x06, 0x00, 0x02, 0x00, 0x44, 0x00, 0x01, 0x00, 0x0D,
	0x00, 0x06, 0x00, 0x0F, 0x00, 0x14, 0x00, 0x02, 0x00, 0x19, 0x00, 0x22, 0x00, 0x0B, 0x00, 0x24,
	0x00, 0x28, 0x00, 0x02, 0x00, 0x34, 0x00, 0x35, 0x00, 0x24, 0x00, 0x45, 0x00, 0x4F, 0x00, 0x02,
	0x00, 0x52, 0x00, 0x52, 0x00, 0x02, 0x00, 0x57, 0x00, 0x5C, 0x00, 0x0E, 0x00, 0x5D, 0x00, 0x61,
	0x00, 0x15, 0x00, 0x62, 0x00, 0x6B, 0x00, 0x0A, 0x00, 0x6D, 0x00, 0x71, 0x00, 0x14, 0x00, 0x73,
	0x00, 0x77, 0x00, 0x13, 0x00, 0x78, 0x00, 0x7B, 0x00, 0x17, 0x00, 0x7C, 0x00, 0x7C, 0x00, 0x02,
	0x00, 0x7D, 0x00, 0x89, 0x00, 0x05, 0x00, 0x8A, 0x00, 0x8A, 0x00, 0x04, 0x00, 0x8B, 0x00, 0x9E,
	0x00, 0x01, 0x00, 0x9F, 0x00, 0x9F, 0x00, 0x0C, 0x00, 0xA0, 0x00, 0xA4, 0x00, 0x12, 0x00, 0xA5,
	0x00, 0xA6, 0x00, 0x04, 0x00, 0xA7, 0x00, 0xAF, 0x00, 0x09, 0x00, 0xB0, 0x00, 0xB1, 0x00, 0x19,
	0x00, 0xB2, 0x00, 0xB9, 0x00, 0x04, 0x00, 0xBA, 0x00, 0xC0, 0x00, 0x07, 0x00, 0xC1, 0x00, 0xCB,
	0x00, 0x01, 0x00, 0xCC, 0x00, 0xCC, 0x00, 0x07, 0x00, 0xCD, 0x00, 0xCD, 0x00, 0x04, 0x00, 0xCE,
	0x00, 0xCE, 0x00, 0x01, 0x00, 0xCF, 0x00, 0xD2, 0x00, 0x07, 0x00, 0xD3, 0x00, 0xD8, 0x00, 0x0D,
	0x00, 0xD9, 0x00, 0xD9, 0x00, 0x04, 0x00, 0xDA, 0x00, 0xDE, 0x00, 0x03, 0x00, 0xDF, 0x00, 0xE8,
	0x00, 0x08, 0x00, 0xEA, 0x00, 0xEE, 0x00, 0x10, 0x00, 0xF0, 0x00, 0xF4, 0x00, 0x0F, 0x00, 0xF5,
	0x00, 0xF8, 0x00, 0x16, 0x00, 0xF9, 0x00, 0xF9, 0x00, 0x01, 0x00, 0xFA, 0x00, 0xFA, 0x00, 0x11,
	0x00, 0xFB, 0x00, 0xFB, 0x00, 0x03, 0x00, 0xFC, 0x01, 0x02, 0x00, 0x0C, 0x01, 0x03, 0x01, 0x05,
	0x00, 0x03, 0x01, 0x4C, 0x01, 0x4C, 0x00, 0x1C, 0x01, 0x51, 0x01, 0x51, 0x00, 0x23, 0x01, 0x52,
	0x01, 0x53, 0x00, 0x1A, 0x01, 0x57, 0x01, 0x57, 0x00, 0x1A, 0x01, 0x5A, 0x01, 0x5B, 0x00, 0x1C,
	0x01, 0x5C, 0x01, 0x5C, 0x00, 0x23, 0x01, 0x60, 0x01, 0x60, 0x00, 0x1B, 0x01, 0x62, 0x01, 0x62,
	0x00, 0x1B, 0x01, 0x64, 0x01, 0x64, 0x00, 0x1B, 0x01, 0x65, 0x01, 0x67, 0x00, 0x18, 0x01, 0x68,
	0x01, 0x68, 0x00, 0x22, 0x01, 0x69, 0x01, 0x69, 0x00, 0x21, 0x01, 0x6A, 0x01, 0x6A, 0x00, 0x22,
	0x01, 0x6B, 0x01, 0x6B, 0x00, 0x21, 0x01, 0x6C, 0x01, 0x6C, 0x00, 0x20, 0x01, 0x6D, 0x01, 0x6D,
	0x00, 0x1F, 0x01, 0x6E, 0x01, 0x6E, 0x00, 0x1E, 0x01, 0x6F, 0x01, 0x6F, 0x00, 0x1F, 0x01, 0x70,
	0x01, 0x70, 0x00, 0x1E, 0x01, 0x71, 0x01, 0x71, 0x00, 0x20, 0x01, 0xAB, 0x01, 0xAC, 0x00, 0x1D,
	0x01, 0xD7, 0x01, 0xDB, 0x00, 0x02, 0x01, 0xDC, 0x01, 0xDC, 0x00, 0x09, 0x01, 0xDD, 0x01, 0xDD,
	0x00, 0x19, 0x01, 0xDE, 0x01, 0xE7, 0x00, 0x01, 0x01, 0xE8, 0x01, 0xEB, 0x00, 0x11, 0x01, 0xEC,
	0x01, 0xEF, 0x00, 0x03, 0x00, 0x01, 0x00, 0x00, 0x00, 0x0A, 0x01, 0x56, 0x02, 0x94, 0x00, 0x02,
	0x44, 0x46, 0x4C, 0x54, 0x00, 0x0E, 0x6C, 0x61, 0x74, 0x6E, 0x00, 0x12, 0x00, 0xE8, 0x00, 0x00,
	0x00, 0x34, 0x00, 0x08, 0x41, 0x5A, 0x45, 0x20, 0x00, 0xE4, 0x43, 0x41, 0x54, 0x20, 0x00, 0xE4,
	0x43, 0x52, 0x54, 0x20, 0x00, 0xE4, 0x4B, 0x41, 0x5A, 0x20, 0x00, 0x60, 0x4D, 0x4F, 0x4C, 0x20,
	0x00, 0x8C, 0x52, 0x4F, 0x4D, 0x20, 0x00, 0xB8, 0x54, 0x41, 0x54, 0x20, 0x00, 0xE4, 0x54, 0x52,
	0x4B, 0x20, 0x01, 0x0E, 0x00, 0x00, 0xFF, 0xFF, 0x00, 0x13, 0x00, 0x00, 0x00, 0x01, 0x00, 0x02,
	0x00, 0x03, 0x00, 0x04, 0x00, 0x05, 0x00, 0x06, 0x00, 0x0B, 0x00, 0x0C, 0x00, 0x0D, 0x00, 0x0E,
	0x00, 0x0F, 0x00, 0x10, 0x00, 0x11, 0x00, 0x12, 0x00, 0x13, 0x00, 0x14, 0x00, 0x15, 0x00, 0x16,
	0x00, 0x00, 0xFF, 0xFF, 0x00, 0x13, 0x00, 0x00, 0x00, 0x01, 0x00, 0x03, 0x00, 0x04, 0x00, 0x05,
	0x00, 0x06, 0x00, 0x07, 0x00, 0x0B, 0x00, 0x0C, 0x00, 0x0D, 0x00, 0x0E, 0x00, 0x0F, 0x00, 0x10,
	0x00, 0x11, 0x00, 0x12, 0x00, 0x13, 0x00, 0x14, 0x00, 0x15, 0x00, 0x16, 0x00, 0x00, 0xFF, 0xFF,
	0x00, 0x13, 0x00, 0x00, 0x00, 0x01, 0x00, 0x03, 0x00, 0x04, 0x00, 0x05, 0x00, 0x06, 0x00, 0x08,
	0x00, 0x0B, 0x00, 0x0C, 0x00, 0x0D, 0x00, 0x0E, 0x00, 0x0F, 0x00, 0x10, 0x00, 0x11, 0x00, 0x12,
	0x00, 0x13, 0x00, 0x14, 0x00, 0x15, 0x00, 0x16, 0x00, 0x00, 0xFF, 0xFF, 0x00, 0x13, 0x00, 0x00,
	0x00, 0x01, 0x00, 0x03, 0x00, 0x04, 0x00, 0x05, 0x00, 0x06, 0x00, 0x09, 0x00, 0x0B, 0x00, 0x0C,
	0x00, 0x0D, 0x00, 0x0E, 0x00, 0x0F, 0x00, 0x10, 0x00, 0x11, 0x00, 0x12, 0x00, 0x13, 0x00, 0x14,
	0x00, 0x15, 0x00, 0x16, 0x00, 0x00, 0xFF, 0xFF, 0x00, 0x12, 0x00, 0x00, 0x00, 0x01, 0x00, 0x03,
	0x00, 0x04, 0x00, 0x05, 0x00, 0x06, 0x00, 0x0B, 0x00, 0x0C, 0x00, 0x0D, 0x00, 0x0E, 0x00, 0x0F,
	0x00, 0x10, 0x00, 0x11, 0x00, 0x12, 0x00, 0x13, 0x00, 0x14, 0x00, 0x15, 0x00, 0x16, 0x00, 0x00,
	0xFF, 0xFF, 0x00, 0x13, 0x00, 0x00, 0x00, 0x01, 0x00, 0x03, 0x00, 0x04, 0x00, 0x05, 0x00, 0x06,
	0x00, 0x0A, 0x00, 0x0B, 0x00, 0x0C, 0x00, 0x0D, 0x00, 0x0E, 0x00, 0x0F, 0x00, 0x10, 0x00, 0x11,
	0x00, 0x12, 0x00, 0x13, 0x00, 0x14, 0x00, 0x15, 0x00, 0x16, 0x00, 0x17, 0x61, 0x61, 0x6C, 0x74,
	0x00, 0x8C, 0x63, 0x61, 0x73, 0x65, 0x00, 0x94, 0x63, 0x63, 0x6D, 0x70, 0x00, 0x9A, 0x64, 0x6C,
	0x69, 0x67, 0x00, 0xA0, 0x64, 0x6E, 0x6F, 0x6D, 0x00, 0xA6, 0x66, 0x72, 0x61, 0x63, 0x00, 0xAC,
	0x6C, 0x69, 0x67, 0x61, 0x00, 0xC8, 0x6C, 0x6F, 0x63, 0x6C, 0x00, 0xCE, 0x6C, 0x6F, 0x63, 0x6C,
	0x00, 0xD4, 0x6C, 0x6F, 0x63, 0x6C, 0x00, 0xDA, 0x6C, 0x6F, 0x63, 0x6C, 0x00, 0xE0, 0x6E, 0x75,
	0x6D, 0x72, 0x00, 0xE6, 0x6F, 0x72, 0x64, 0x6E, 0x00, 0xEC, 0x70, 0x6E, 0x75, 0x6D, 0x00, 0xF2,
	0x73, 0x61, 0x6C, 0x74, 0x00, 0xF8, 0x73, 0x69, 0x6E, 0x66, 0x00, 0xFE, 0x73, 0x73, 0x30, 0x31,
	0x01, 0x04, 0x73, 0x73, 0x30, 0x32, 0x01, 0x0E, 0x73, 0x73, 0x30, 0x33, 0x01, 0x18, 0x73, 0x73,
	0x30, 0x34, 0x01, 0x22, 0x73, 0x75, 0x62, 0x73, 0x01, 0x2C, 0x73, 0x75, 0x70, 0x73, 0x01, 0x32,
	0x74, 0x6E, 0x75, 0x6D, 0x01, 0x38, 0x00, 0x00, 0x00, 0x02, 0x00, 0x00, 0x00, 0x01, 0x00, 0x00,
	0x00, 0x01, 0x00, 0x2F, 0x00, 0x00, 0x00, 0x01, 0x00, 0x02, 0x00, 0x00, 0x00, 0x01, 0x00, 0x28,
	0x00, 0x00, 0x00, 0x01, 0x00, 0x0C, 0x00, 0x00, 0x00, 0x0C, 0x00, 0x0D, 0x00, 0x0F, 0x00, 0x11,
	0x00, 0x13, 0x00, 0x15, 0x00, 0x17, 0x00, 0x19, 0x00, 0x1B, 0x00, 0x1D, 0x00, 0x1F, 0x00, 0x21,
	0x00, 0x23, 0x00, 0x00, 0x00, 0x01, 0x00, 0x29, 0x00, 0x00, 0x00, 0x01, 0x00, 0x05, 0x00, 0x00,
	0x00, 0x01, 0x00, 0x06, 0x00, 0x00, 0x00, 0x01, 0x00, 0x07, 0x00, 0x00, 0x00, 0x01, 0x00, 0x08,
	0x00, 0x00, 0x00, 0x01, 0x00, 0x0B, 0x00, 0x00, 0x00, 0x01, 0x00, 0x25, 0x00, 0x00, 0x00, 0x01,
	0x00, 0x26, 0x00, 0x00, 0x00, 0x01, 0x00, 0x2A, 0x00, 0x00, 0x00, 0x01, 0x00, 0x30, 0x00, 0x06,
	0x00, 0x01, 0x00, 0x2B, 0x00, 0x00, 0x01, 0x00, 0x00, 0x06, 0x00, 0x01, 0x00, 0x2C, 0x00, 0x00,
	0x01, 0x01, 0x00, 0x06, 0x00, 0x01, 0x00, 0x2D, 0x00, 0x00, 0x01, 0x02, 0x00, 0x06, 0x00, 0x01,
	0x00, 0x2E, 0x00, 0x00, 0x01, 0x03, 0x00, 0x00, 0x00, 0x01, 0x00, 0x09, 0x00, 0x00, 0x00, 0x01,
	0x00, 0x0A, 0x00, 0x00, 0x00, 0x01, 0x00, 0x27, 0x00, 0x31, 0x00, 0x64, 0x01, 0x32, 0x01, 0xE4,
	0x02, 0x26, 0x02, 0x26, 0x02, 0x62, 0x02, 0x40, 0x02, 0x40, 0x02, 0x62, 0x09, 0x16, 0x02, 0x76,
	0x06, 0x58, 0x06, 0x90, 0x02, 0xAC, 0x04, 0xD6, 0x04, 0xEA, 0x06, 0x58, 0x05, 0x04, 0x06, 0x58,
	0x05, 0x20, 0x06, 0x58, 0x05, 0x3E, 0x06, 0x58, 0x05, 0x5E, 0x06, 0x58, 0x05, 0x80, 0x06, 0x58,
	0x05, 0xA4, 0x06, 0x58, 0x05, 0xCA, 0x06, 0x58, 0x05, 0xF2, 0x06, 0x58, 0x06, 0x1C, 0x06, 0x58,
	0x06, 0x66, 0x06, 0x90, 0x06, 0x9E, 0x06, 0xC0, 0x06, 0xD8, 0x06, 0xE6, 0x07, 0x24, 0x07, 0x70,
	0x08, 0x5A, 0x08, 0xA0, 0x08, 0xC2, 0x08, 0xE4, 0x08, 0xF8, 0x09, 0x16, 0x00, 0x01, 0x00, 0x00,
	0x00, 0x01, 0x00, 0x08, 0x00, 0x02, 0x00, 0x64, 0x00, 0x2F, 0x00, 0x7C, 0x01, 0xD7, 0x01, 0xD8,
	0x01, 0xD9, 0x01, 0xDA, 0x01, 0xDB, 0x00, 0x5C, 0x00, 0x61, 0x00, 0xF9, 0x01, 0xDE, 0x01, 0xDF,
	0x01, 0xE0, 0x01, 0xE1, 0x01, 0xE2, 0x01, 0xE3, 0x01, 0xE4, 0x01, 0xE5, 0x01, 0xE6, 0x01, 0xE7,
	0x00, 0xFA, 0x01, 0xE8, 0x01, 0xE9, 0x01, 0xEA, 0x01, 0xEB, 0x00, 0xAB, 0x00, 0xD8, 0x00, 0xFB,
	0x01, 0xEC, 0x01, 0xED, 0x01, 0xEF, 0x01, 0x08, 0x01, 0x09, 0x01, 0x0A, 0x01, 0x0B, 0x01, 0x0C,
	0x01, 0x0D, 0x01, 0x0E, 0x01, 0x0F, 0x01, 0x10, 0x01, 0x11, 0x01, 0xD4, 0x01, 0xD5, 0x01, 0xB7,
	0x01, 0xF0, 0x01, 0xF6, 0x01, 0xF3, 0x01, 0xF5, 0x00, 0x01, 0x00, 0x2F, 0x00, 0x24, 0x00, 0x25,
	0x00, 0x26, 0x00, 0x27, 0x00, 0x28, 0x00, 0x52, 0x00, 0x5A, 0x00, 0x60, 0x00, 0x7D, 0x00, 0x7E,
	0x00, 0x7F, 0x00, 0x80, 0x00, 0x81, 0x00, 0x82, 0x00, 0x83, 0x00, 0x84, 0x00, 0x85, 0x00, 0x86,
	0x00, 0x87, 0x00, 0xA0, 0x00, 0xA1, 0x00, 0xA2, 0x00, 0xA3, 0x00, 0xA4, 0x00, 0xA7, 0x00, 0xD6,
	0x00, 0xDA, 0x00, 0xDB, 0x00, 0xDC, 0x00, 0xDE, 0x01, 0x12, 0x01, 0x13, 0x01, 0x14, 0x01, 0x15,
	0x01, 0x16, 0x01, 0x17, 0x01, 0x18, 0x01, 0x19, 0x01, 0x1A, 0x01, 0x1B, 0x01, 0x61, 0x01, 0x62,
	0x01, 0xAB, 0x01, 0xBE, 0x01, 0xC6, 0x01, 0xF1, 0x01, 0xF2, 0x00, 0x03, 0x00, 0x00, 0x00, 0x01,
	0x00, 0x08, 0x00, 0x01, 0x00, 0x9A, 0x00, 0x0B, 0x00, 0x1C, 0x00, 0x22, 0x00, 0x2E, 0x00, 0x3A,
	0x00, 0x46, 0x00, 0x52, 0x00, 0x5E, 0x00, 0x6A, 0x00, 0x76, 0x00, 0x82, 0x00, 0x8E, 0x00, 0x02,
	0x00, 0xDE, 0x01, 0xEE, 0x00, 0x05, 0x01, 0x12, 0x01, 0x1C, 0x01, 0x26, 0x01, 0x30, 0x01, 0x3A,
	0x00, 0x05, 0x01, 0x13, 0x01, 0x1D, 0x01, 0x27, 0x01, 0x31, 0x01, 0x3B, 0x00, 0x05, 0x01, 0x14,
	0x01, 0x1E, 0x01, 0x28, 0x01, 0x32, 0x01, 0x3C, 0x00, 0x05, 0x01, 0x15, 0x01, 0x1F, 0x01, 0x29,
	0x01, 0x33, 0x01, 0x3D, 0x00, 0x05, 0x01, 0x16, 0x01, 0x20, 0x01, 0x2A, 0x01, 0x34, 0x01, 0x3E,
	0x00, 0x05, 0x01, 0x17, 0x01, 0x21, 0x01, 0x2B, 0x01, 0x35, 0x01, 0x3F, 0x00, 0x05, 0x01, 0x18,
	0x01, 0x22, 0x01, 0x2C, 0x01, 0x36, 0x01, 0x40, 0x00, 0x05, 0x01, 0x19, 0x01, 0x23, 0x01, 0x2D,
	0x01, 0x37, 0x01, 0x41, 0x00, 0x05, 0x01, 0x1A, 0x01, 0x24, 0x01, 0x2E, 0x01, 0x38, 0x01, 0x42,
	0x00, 0x05, 0x01, 0x1B, 0x01, 0x25, 0x01, 0x2F, 0x01, 0x39, 0x01, 0x43, 0x00, 0x02, 0x00, 0x02,
	0x00, 0xDD, 0x00, 0xDD, 0x00, 0x00, 0x01, 0x08, 0x01, 0x11, 0x00, 0x01, 0x00, 0x06, 0x00, 0x00,
	0x00, 0x02, 0x00, 0x0A, 0x00, 0x1C, 0x00, 0x03, 0x00, 0x00, 0x00, 0x01, 0x00, 0x4A, 0x00, 0x01,
	0x00, 0x2E, 0x00, 0x01, 0x00, 0x00, 0x00, 0x03, 0x00, 0x03, 0x00, 0x00, 0x00, 0x01, 0x00, 0x38,
	0x00, 0x02, 0x00, 0x14, 0x00, 0x1C, 0x00, 0x01, 0x00, 0x00, 0x00, 0x04, 0x00, 0x01, 0x00, 0x02,
	0x01, 0xC5, 0x01, 0xC6, 0x00, 0x02, 0x00, 0x01, 0x01, 0xB8, 0x01, 0xC3, 0x00, 0x00, 0x00, 0x01,
	0x00, 0x00, 0x00, 0x01, 0x00, 0x08, 0x00, 0x02, 0x00, 0x0A, 0x00, 0x02, 0x01, 0xDC, 0x01, 0xDD,
	0x00, 0x01, 0x00, 0x02, 0x00, 0xA7, 0x00, 0xB0, 0x00, 0x01, 0x00, 0x00, 0x00, 0x01, 0x00, 0x08,
	0x00, 0x02, 0x00, 0x0E, 0x00, 0x04, 0x00, 0x5C, 0x00, 0x61, 0x00, 0xD8, 0x00, 0xDE, 0x00, 0x01,
	0x00, 0x04, 0x00, 0x5A, 0x00, 0x60, 0x00, 0xD6, 0x00, 0xDD, 0x00, 0x01, 0x00, 0x00, 0x00, 0x01,
	0x00, 0x08, 0x00, 0x01, 0x00, 0x06, 0x00, 0x04, 0x00, 0x01, 0x00, 0x01, 0x00, 0xA7, 0x00, 0x01,
	0x00, 0x00, 0x00, 0x01, 0x00, 0x08, 0x00, 0x02, 0x00, 0x1E, 0x00, 0x0C, 0x01, 0x3A, 0x01, 0x3B,
	0x01, 0x3C, 0x01, 0x3D, 0x01, 0x3E, 0x01, 0x3F, 0x01, 0x40, 0x01, 0x41, 0x01, 0x42, 0x01, 0x43,
	0x01, 0xD4, 0x01, 0xD5, 0x00, 0x02, 0x00, 0x02, 0x01, 0x08, 0x01, 0x11, 0x00, 0x00, 0x01, 0x61,
	0x01, 0x62, 0x00, 0x0A, 0x00, 0x06, 0x00, 0x00, 0x00, 0x01, 0x00, 0x08, 0x00, 0x02, 0x02, 0x30,
	0x00, 0x18, 0x00, 0x10, 0x00, 0x18, 0x00, 0x02, 0x00, 0x28, 0x00, 0x2A, 0x00, 0x01, 0x01, 0x5D,
	0x00, 0x01, 0x00, 0x01, 0x00, 0x02, 0x00, 0x02, 0x01, 0x08, 0x01, 0x11, 0x00, 0x01, 0x01, 0x5D,
	0x01, 0x5D, 0x00, 0x02, 0x00, 0x00, 0x00, 0x17, 0x00, 0x30, 0x00, 0x4E, 0x00, 0x6C, 0x00, 0x88,
	0x00, 0xA4, 0x00, 0xBE, 0x00, 0xD8, 0x00, 0xF0, 0x01, 0x08, 0x01, 0x1E, 0x01, 0x34, 0x01, 0x48,
	0x01, 0x5C, 0x01, 0x6E, 0x01, 0x80, 0x01, 0x90, 0x01, 0xA0, 0x01, 0xAE, 0x01, 0xBC, 0x01, 0xC8,
	0x01, 0xD4, 0x01, 0xDE, 0x01, 0xE8, 0x00, 0x0B, 0x00, 0x01, 0x00, 0x01, 0x00, 0x01, 0x00, 0x01,
	0x00, 0x01, 0x00, 0x01, 0x00, 0x01, 0x00, 0x01, 0x00, 0x01, 0x00, 0x01, 0x00, 0x02, 0x00, 0x01,
	0x00, 0x00, 0x00, 0x00, 0x00, 0x00, 0x00, 0x01, 0x00, 0x0B, 0x00, 0x01, 0x00, 0x01, 0x00, 0x01,
	0x00, 0x01, 0x00, 0x01, 0x00, 0x01, 0x00, 0x01, 0x00, 0x01, 0x00, 0x01, 0x00, 0x01, 0x00, 0x02,
	0x00, 0x00, 0x00, 0x0A, 0x00, 0x01, 0x00, 0x01, 0x00, 0x01, 0x00, 0x01, 0x00, 0x01, 0x00, 0x01,
	0x00, 0x01, 0x00, 0x01, 0x00, 0x01, 0x00, 0x02, 0x00, 0x01, 0x00, 0x00, 0x00, 0x00, 0x00, 0x00,
	0x00, 0x01, 0x00, 0x0A, 0x00, 0x01, 0x00, 0x01, 0x00, 0x01, 0x00, 0x01, 0x00, 0x01, 0x00, 0x01,
	0x00, 0x01, 0x00, 0x01, 0x00, 0x01, 0x00, 0x02, 0x00, 0x00, 0x00, 0x09, 0x00, 0x01, 0x00, 0x01,
	0x00, 0x01, 0x00, 0x01, 0x00, 0x01, 0x00, 0x01, 0x00, 0x01, 0x00, 0x01, 0x00, 0x02, 0x00, 0x01,
	0x00, 0x00, 0x00, 0x00, 0x00, 0x00, 0x00, 0x01, 0x00, 0x09, 0x00, 0x01, 0x00, 0x01, 0x00, 0x01,
	0x00, 0x01, 0x00, 0x01, 0x00, 0x01, 0x00, 0x01, 0x00, 0x01, 0x00, 0x02, 0x00, 0x00, 0x00, 0x08,
	0x00, 0x01, 0x00, 0x01, 0x00, 0x01, 0x00, 0x01, 0x00, 0x01, 0x00, 0x01, 0x00, 0x01, 0x00, 0x02,
	0x00, 0x01, 0x00, 0x00, 0x00, 0x00, 0x00, 0x00, 0x00, 0x01, 0x00, 0x08, 0x00, 0x01, 0x00, 0x01,
	0x00, 0x01, 0x00, 0x01, 0x00, 0x01, 0x00, 0x01, 0x00, 0x01, 0x00, 0x02, 0x00, 0x00, 0x00, 0x07,
	0x00, 0x01, 0x00, 0x01, 0x00, 0x01, 0x00, 0x01, 0x00, 0x01, 0x00, 0x01, 0x00, 0x02, 0x00, 0x01,
	0x00, 0x00, 0x00, 0x00, 0x00, 0x00, 0x00, 0x01, 0x00, 0x07, 0x00, 0x01, 0x00, 0x01, 0x00, 0x01,
	0x00, 0x01, 0x00, 0x01, 0x00, 0x01, 0x00, 0x02, 0x00, 0x00, 0x00, 0x06, 0x00, 0x01, 0x00, 0x01,
	0x00, 0x01, 0x00, 0x01, 0x00, 0x01, 0x00, 0x02, 0x00, 0x01, 0x00, 0x00, 0x00, 0x00, 0x00, 0x00,
	0x00, 0x01, 0x00, 0x06, 0x00, 0x01, 0x00, 0x01, 0x00, 0x01, 0x00, 0x01, 0x00, 0x01, 0x00, 0x02,
	0x00, 0x00, 0x00, 0x05, 0x00, 0x01, 0x00, 0x01, 0x00, 0x01, 0x00, 0x01, 0x00, 0x02, 0x00, 0x01,
	0x00, 0x00, 0x00, 0x00, 0x00, 0x00, 0x00, 0x01, 0x00, 0x05, 0x00, 0x01, 0x00, 0x01, 0x00, 0x01,
	0x00, 0x01, 0x00, 0x02, 0x00, 0x00, 0x00, 0x04, 0x00, 0x01, 0x00, 0x01, 0x00, 0x01, 0x00, 0x02,
	0x00, 0x01, 0x00, 0x00, 0x00, 0x00, 0x00, 0x00, 0x00, 0x01, 0x00, 0x04, 0x00, 0x01, 0x00, 0x01,
	0x00, 0x01, 0x00, 0x02, 0x00, 0x00, 0x00, 0x03, 0x00, 0x01, 0x00, 0x01, 0x00, 0x02, 0x00, 0x01,
	0x00, 0x00, 0x00, 0x00, 0x00, 0x00, 0x00, 0x01, 0x00, 0x03, 0x00, 0x01, 0x00, 0x01, 0x00, 0x02,
	0x00, 0x00, 0x00, 0x02, 0x00, 0x01, 0x00, 0x02, 0x00, 0x01, 0x00, 0x00, 0x00, 0x00, 0x00, 0x00,
	0x00, 0x01, 0x00, 0x02, 0x00, 0x01, 0x00, 0x02, 0x00, 0x00, 0x00, 0x01, 0x00, 0x02, 0x00, 0x01,
	0x00, 0x00, 0x00, 0x00, 0x00, 0x00, 0x00, 0x01, 0x00, 0x01, 0x00, 0x02, 0x00, 0x00, 0x00, 0x01,
	0x00, 0x01, 0x00, 0x01, 0x00, 0x01, 0x00, 0x01, 0x00, 0x01, 0x00, 0x00, 0x00, 0x0E, 0x00, 0x01,
	0x00, 0x00, 0x00, 0x01, 0x00, 0x08, 0x00, 0x01, 0x00, 0x06, 0xFF, 0xE7, 0x00, 0x01, 0x00, 0x01,
	0x01, 0x5D, 0x00, 0x06, 0x00, 0x00, 0x00, 0x01, 0x00, 0x08, 0x00, 0x03, 0x00, 0x00, 0x00, 0x01,
	0x04, 0x32, 0x00, 0x01, 0x01, 0x60, 0x00, 0x01, 0x00, 0x00, 0x00, 0x10, 0x00, 0x06, 0x00, 0x00,
	0x00, 0x01, 0x00, 0x08, 0x00, 0x03, 0x00, 0x00, 0x00, 0x01, 0x04, 0x18, 0x00, 0x02, 0x01, 0x3C,
	0x01, 0x46, 0x00, 0x01, 0x00, 0x00, 0x00, 0x12, 0x00, 0x06, 0x00, 0x00, 0x00, 0x01, 0x00, 0x08,
	0x00, 0x03, 0x00, 0x00, 0x00, 0x01, 0x03, 0xFC, 0x00, 0x03, 0x01, 0x20, 0x01, 0x20, 0x01, 0x2A,
	0x00, 0x01, 0x00, 0x00, 0x00, 0x14, 0x00, 0x06, 0x00, 0x00, 0x00, 0x01, 0x00, 0x08, 0x00, 0x03,
	0x00, 0x00, 0x00, 0x01, 0x03, 0xDE, 0x00, 0x04, 0x01, 0x02, 0x01, 0x02, 0x01, 0x02, 0x01, 0x0C,
	0x00, 0x01, 0x00, 0x00, 0x00, 0x16, 0x00, 0x06, 0x00, 0x00, 0x00, 0x01, 0x00, 0x08, 0x00, 0x03,
	0x00, 0x00, 0x00, 0x01, 0x03, 0xBE, 0x00, 0x05, 0x00, 0xE2, 0x00, 0xE2, 0x00, 0xE2, 0x00, 0xE2,
	0x00, 0xEC, 0x00, 0x01, 0x00, 0x00, 0x00, 0x18, 0x00, 0x06, 0x00, 0x00, 0x00, 0x01, 0x00, 0x08,
	0x00, 0x03, 0x00, 0x00, 0x00, 0x01, 0x03, 0x9C, 0x00, 0x06, 0x00, 0xC0, 0x00, 0xC0, 0x00, 0xC0,
	0x00, 0xC0, 0x00, 0xC0, 0x00, 0xCA, 0x00, 0x01, 0x00, 0x00, 0x00, 0x1A, 0x00, 0x06, 0x00, 0x00,
	0x00, 0x01, 0x00, 0x08, 0x00, 0x03, 0x00, 0x00, 0x00, 0x01, 0x03, 0x78, 0x00, 0x07, 0x00, 0x9C,
	0x00, 0x9C, 0x00, 0x9C, 0x00, 0x9C, 0x00, 0x9C, 0x00, 0x9C, 0x00, 0xA6, 0x00, 0x01, 0x00, 0x00,
	0x00, 0x1C, 0x00, 0x06, 0x00, 0x00, 0x00, 0x01, 0x00, 0x08, 0x00, 0x03, 0x00, 0x00, 0x00, 0x01,
	0x03, 0x52, 0x00, 0x08, 0x00, 0x76, 0x00, 0x76, 0x00, 0x76, 0x00, 0x76, 0x00, 0x76, 0x00, 0x76,
	0x00, 0x76, 0x00, 0x80, 0x00, 0x01, 0x00, 0x00, 0x00, 0x1E, 0x00, 0x06, 0x00, 0x00, 0x00, 0x01,
	0x00, 0x08, 0x00, 0x03, 0x00, 0x00, 0x00, 0x01, 0x03, 0x2A, 0x00, 0x09, 0x00, 0x4E, 0x00, 0x4E,
	0x00, 0x4E, 0x00, 0x4E, 0x00, 0x4E, 0x00, 0x4E, 0x00, 0x4E, 0x00, 0x4E, 0x00, 0x58, 0x00, 0x01,
	0x00, 0x00, 0x00, 0x20, 0x00, 0x06, 0x00, 0x00, 0x00, 0x01, 0x00, 0x08, 0x00, 0x03, 0x00, 0x00,
	0x00, 0x01, 0x03, 0x00, 0x00, 0x0A, 0x00, 0x24, 0x00, 0x24, 0x00, 0x24, 0x00, 0x24, 0x00, 0x24,
	0x00, 0x24, 0x00, 0x24, 0x00, 0x24, 0x00, 0x24, 0x00, 0x2E, 0x00, 0x01, 0x00, 0x00, 0x00, 0x22,
	0x00, 0x02, 0x00, 0x01, 0x01, 0x30, 0x01, 0x39, 0x00, 0x00, 0x00, 0x01, 0x00, 0x01, 0x01, 0x44,
	0x00, 0x01, 0x00, 0x00, 0x00, 0x01, 0x00, 0x08, 0x00, 0x01, 0x02, 0xC4, 0x00, 0x28, 0x00, 0x06,
	0x00, 0x00, 0x00, 0x01, 0x00, 0x08, 0x00, 0x03, 0x00, 0x01, 0x00, 0x12, 0x00, 0x01, 0x02, 0xB6,
	0x00, 0x00, 0x00, 0x01, 0x00, 0x00, 0x00, 0x24, 0x00, 0x02, 0x00, 0x02, 0x01, 0x26, 0x01, 0x2F,
	0x00, 0x00, 0x01, 0x44, 0x01, 0x44, 0x00, 0x0A, 0x00, 0x01, 0x00, 0x00, 0x00, 0x01, 0x00, 0x08,
	0x00, 0x01, 0x02, 0x8C, 0x00, 0x1E, 0x00, 0x04, 0x00, 0x00, 0x00, 0x01, 0x00, 0x08, 0x00, 0x01,
	0x00, 0x14, 0x00, 0x01, 0x00, 0x08, 0x00, 0x01, 0x00, 0x04, 0x01, 0xB4, 0x00, 0x03, 0x00, 0xC1,
	0x01, 0x57, 0x00, 0x01, 0x00, 0x01, 0x00, 0x3F, 0x00, 0x01, 0x00, 0x00, 0x00, 0x01, 0x00, 0x08,
	0x00, 0x01, 0x00, 0x06, 0xFF, 0xF6, 0x00, 0x02, 0x00, 0x01, 0x01, 0x12, 0x01, 0x1B, 0x00, 0x00,
	0x00, 0x01, 0x00, 0x00, 0x00, 0x01, 0x00, 0x08, 0x00, 0x01, 0x02, 0x44, 0x00, 0x0A, 0x00, 0x04,
	0x00, 0x00, 0x00, 0x01, 0x00, 0x08, 0x00, 0x01, 0x00, 0x2E, 0x00, 0x02, 0x00, 0x0A, 0x00, 0x14,
	0x00, 0x01, 0x00, 0x04, 0x01, 0x00, 0x00, 0x02, 0x00, 0xF0, 0x00, 0x03, 0x00, 0x08, 0x00, 0x0E,
	0x00, 0x14, 0x01, 0x03, 0x00, 0x02, 0x00, 0xA7, 0x01, 0x04, 0x00, 0x02, 0x00, 0xDA, 0x01, 0x05,
	0x00, 0x02, 0x00, 0xF0, 0x00, 0x01, 0x00, 0x02, 0x00, 0x9F, 0x00, 0xDA, 0x00, 0x04, 0x00, 0x00,
	0x00, 0x01, 0x00, 0x08, 0x00, 0x01, 0x00, 0x3E, 0x00, 0x01, 0x00, 0x08, 0x00, 0x06, 0x00, 0x0E,
	0x00, 0x16, 0x00, 0x1E, 0x00, 0x24, 0x00, 0x2A, 0x00, 0x30, 0x00, 0xFD, 0x00, 0x03, 0x00, 0x9F,
	0x00, 0xA7, 0x00, 0xFE, 0x00, 0x03, 0x00, 0x9F, 0x00, 0xB4, 0x00, 0xFC, 0x00, 0x02, 0x00, 0x9F,
	0x01, 0x01, 0x00, 0x02, 0x00, 0xA7, 0x01, 0x02, 0x00, 0x02, 0x00, 0xB4, 0x00, 0xFF, 0x00, 0x02,
	0x00, 0xDA, 0x00, 0x01, 0x00, 0x01, 0x00, 0x9F, 0x00, 0x03, 0x00, 0x00, 0x00, 0x01, 0x00, 0x08,
	0x00, 0x01, 0x00, 0xB4, 0x00, 0x1D, 0x00, 0x40, 0x00, 0x44, 0x00, 0x48, 0x00, 0x4C, 0x00, 0x50,
	0x00, 0x54, 0x00, 0x58, 0x00, 0x5C, 0x00, 0x60, 0x00, 0x64, 0x00, 0x68, 0x00, 0x6C, 0x00, 0x70,
	0x00, 0x74, 0x00, 0x78, 0x00, 0x7C, 0x00, 0x80, 0x00, 0x84, 0x00, 0x88, 0x00, 0x8C, 0x00, 0x90,
	0x00, 0x94, 0x00, 0x98, 0x00, 0x9C, 0x00, 0xA0, 0x00, 0xA4, 0x00, 0xA8, 0x00, 0xAC, 0x00, 0xB0,
	0x00, 0x01, 0x00, 0x7C, 0x00, 0x01, 0x01, 0xD7, 0x00, 0x01, 0x01, 0xD8, 0x00, 0x01, 0x01, 0xD9,
	0x00, 0x01, 0x01, 0xDA, 0x00, 0x01, 0x01, 0xDB, 0x00, 0x01, 0x00, 0xF9, 0x00, 0x01, 0x01, 0xDE,
	0x00, 0x01, 0x01, 0xDF, 0x00, 0x01, 0x01, 0xE0, 0x00, 0x01, 0x01, 0xE1, 0x00, 0x01, 0x01, 0xE2,
	0x00, 0x01, 0x01, 0xE3, 0x00, 0x01, 0x01, 0xE4, 0x00, 0x01, 0x01, 0xE5, 0x00, 0x01, 0x01, 0xE6,
	0x00, 0x01, 0x01, 0xE7, 0x00, 0x01, 0x00, 0xFA, 0x00, 0x01, 0x01, 0xE8, 0x00, 0x01, 0x01, 0xE9,
	0x00, 0x01, 0x01, 0xEA, 0x00, 0x01, 0x01, 0xEB, 0x00, 0x01, 0x00, 0xFB, 0x00, 0x01, 0x01, 0xEC,
	0x00, 0x01, 0x01, 0xED, 0x00, 0x01, 0x01, 0xEE, 0x00, 0x01, 0x01, 0xEF, 0x00, 0x01, 0x01, 0xB7,
	0x00, 0x01, 0x01, 0xF0, 0x00, 0x02, 0x00, 0x07, 0x00, 0x24, 0x00, 0x28, 0x00, 0x00, 0x00, 0x52,
	0x00, 0x52, 0x00, 0x05, 0x00, 0x7D, 0x00, 0x87, 0x00, 0x06, 0x00, 0xA0, 0x00, 0xA4, 0x00, 0x11,
	0x00, 0xDA, 0x00, 0xDE, 0x00, 0x16, 0x01, 0xAB, 0x01, 0xAB, 0x00, 0x1B, 0x01, 0xBE, 0x01, 0xBE,
	0x00, 0x1C, 0x00, 0x01, 0x00, 0x00, 0x00, 0x01, 0x00, 0x08, 0x00, 0x02, 0x00, 0x28, 0x00, 0x11,
	0x00, 0x7C, 0x01, 0xD7, 0x01, 0xD8, 0x01, 0xD9, 0x01, 0xDA, 0x00, 0xF9, 0x01, 0xDE, 0x01, 0xDF,
	0x01, 0xE0, 0x01, 0xE1, 0x01, 0xE2, 0x01, 0xE3, 0x01, 0xE4, 0x01, 0xE5, 0x01, 0xE6, 0x01, 0xE7,
	0x01, 0xB7, 0x00, 0x02, 0x00, 0x03, 0x00, 0x24, 0x00, 0x28, 0x00, 0x00, 0x00, 0x7D, 0x00, 0x87,
	0x00, 0x05, 0x01, 0xAB, 0x01, 0xAB, 0x00, 0x10, 0x00, 0x01, 0x00, 0x00, 0x00, 0x01, 0x00, 0x08,
	0x00, 0x02, 0x00, 0x10, 0x00, 0x05, 0x00, 0xFA, 0x01, 0xE8, 0x01, 0xE9, 0x01, 0xEA, 0x01, 0xEB,
	0x00, 0x02, 0x00, 0x01, 0x00, 0xA0, 0x00, 0xA4, 0x00, 0x00, 0x00, 0x01, 0x00, 0x00, 0x00, 0x01,
	0x00, 0x08, 0x00, 0x02, 0x00, 0x10, 0x00, 0x05, 0x00, 0xFB, 0x01, 0xEC, 0x01, 0xED, 0x01, 0xEE,
	0x01, 0xEF, 0x00, 0x02, 0x00, 0x01, 0x00, 0xDA, 0x00, 0xDE, 0x00, 0x00, 0x00, 0x01, 0x00, 0x00,
	0x00, 0x01, 0x00, 0x08, 0x00, 0x01, 0x00, 0x06, 0x01, 0x89, 0x00, 0x01, 0x00, 0x01, 0x00, 0x52,
	0x00, 0x01, 0x00, 0x00, 0x00, 0x01, 0x00, 0x08, 0x00, 0x02, 0x00, 0x0C, 0x00, 0x03, 0x01, 0xF6,
	0x01, 0xF3, 0x01, 0xF5, 0x00, 0x01, 0x00, 0x03, 0x01, 0xC6, 0x01, 0xF1, 0x01, 0xF2, 0x00, 0x01,
	0x00, 0x00, 0x00, 0x01, 0x00, 0x08, 0x00, 0x01, 0x00, 0x06, 0x00, 0x14, 0x00, 0x02, 0x00, 0x01,
	0x01, 0x08, 0x01, 0x11, 0x00, 0x00, 0x00, 0x00, 0x01, 0xF4, 0x00, 0x32, 0x02, 0x85, 0x00, 0x0E,
	0x02, 0x85, 0x00, 0x0E, 0x02, 0x85, 0x00, 0x0E, 0x02, 0x85, 0x00, 0x0E, 0x02, 0x85, 0x00, 0x0E,
	0x02, 0x85, 0x00, 0x0E, 0x02, 0x85, 0x00, 0x0E, 0x02, 0x85, 0x00, 0x0E, 0x02, 0x85, 0x00, 0x0E,
	0x02, 0x85, 0x00, 0x0E, 0x02, 0x85, 0x00, 0x0E, 0x03, 0x81, 0x00, 0x09, 0x03, 0x81, 0x00, 0x09,
	0x02, 0x75, 0x00, 0x57, 0x02, 0xD9, 0x00, 0x2B, 0x02, 0xD9, 0x00, 0x2B, 0x02, 0xD9, 0x00, 0x2B,
	0x02, 0xD9, 0x00, 0x2B, 0x02, 0xD9, 0x00, 0x2B, 0x02, 0xD9, 0x00, 0x2B, 0x02, 0xC2, 0x00, 0x57,
	0x02, 0xC2, 0x00, 0x12, 0x02, 0xC2, 0x00, 0x57, 0x02, 0xC2, 0x00, 0x12, 0x02, 0x3F, 0x00, 0x57,
	0x02, 0x3F, 0x00, 0x57, 0x02, 0x3F, 0x00, 0x57, 0x02, 0x3F, 0x00, 0x57, 0x02, 0x3F, 0x00, 0x57,
	0x02, 0x3F, 0x00, 0x57, 0x02, 0x3F, 0x00, 0x57, 0x02, 0x3F, 0x00, 0x57, 0x02, 0x3F, 0x00, 0x57,
	0x02, 0x3F, 0x00, 0x57, 0x02, 0x1F, 0x00, 0x57, 0x02, 0xEE, 0x00, 0x2B, 0x02, 0xEE, 0x00, 0x2B,
	0x02, 0xEE, 0x00, 0x2B, 0x02, 0xEE, 0x00, 0x2B, 0x02, 0xEE, 0x00, 0x2B, 0x02, 0xC1, 0x00, 0x57,
	0x02, 0xC1, 0x00, 0x04, 0x00, 0xF6, 0x00, 0x57, 0x00, 0xF6, 0x00, 0x57, 0x00, 0xF6, 0x00, 0x03,
	0x00, 0xF6, 0x00, 0x01, 0x00, 0xF6, 0x00, 0x49, 0x00, 0xF6, 0x00, 0x12, 0x00, 0xF6, 0x00, 0x07,
	0x00, 0xF6, 0x00, 0x30, 0x00, 0xF6, 0xFF, 0xF0, 0x01, 0xFE, 0x00, 0x14, 0x01, 0xFE, 0x00, 0x14,
	0x02, 0x68, 0x00, 0x57, 0x02, 0x68, 0x00, 0x57, 0x01, 0xFD, 0x00, 0x57, 0x01, 0xFD, 0x00, 0x57,
	0x01, 0xFD, 0x00, 0x57, 0x01, 0xFD, 0x00, 0x57, 0x01, 0xFD, 0x00, 0x57, 0x01, 0xFD, 0x00, 0x10,
	0x03, 0x47, 0x00, 0x57, 0x02, 0xC9, 0x00, 0x57, 0x02, 0xC9, 0x00, 0x57, 0x02, 0xC9, 0x00, 0x57,
	0x02, 0xC9, 0x00, 0x57, 0x02, 0xC9, 0x00, 0x57, 0x02, 0xC9, 0x00, 0x57, 0x03, 0x01, 0x00, 0x2B,
	0x03, 0x01, 0x00, 0x2B, 0x03, 0x01, 0x00, 0x2B, 0x03, 0x01, 0x00, 0x2B, 0x03, 0x01, 0x00, 0x2B,
	0x03, 0x01, 0x00, 0x2B, 0x03, 0x01, 0x00, 0x2B, 0x03, 0x01, 0x00, 0x2B, 0x03, 0x01, 0x00, 0x2B,
	0x03, 0x01, 0x00, 0x2B, 0x04, 0x82, 0x00, 0x2B, 0x02, 0x66, 0x00, 0x57, 0x02, 0x66, 0x00, 0x57,
	0x03, 0x01, 0x00, 0x2B, 0x02, 0x80, 0x00, 0x57, 0x02, 0x80, 0x00, 0x57, 0x02, 0x80, 0x00, 0x57,
	0x02, 0x80, 0x00, 0x57, 0x02, 0x33, 0x00, 0x23, 0x02, 0x33, 0x00, 0x23, 0x02, 0x33, 0x00, 0x23,
	0x02, 0x33, 0x00, 0x23, 0x02, 0x33, 0x00, 0x23, 0x02, 0x33, 0x00, 0x23, 0x02, 0x19, 0x00, 0x0C,
	0x02, 0x19, 0x00, 0x0C, 0x02, 0x19, 0x00, 0x0C, 0x02, 0x19, 0x00, 0x0C, 0x02, 0x19, 0x00, 0x0C,
	0x02, 0xB5, 0x00, 0x52, 0x02, 0xB5, 0x00, 0x52, 0x02, 0xB5, 0x00, 0x52, 0x02, 0xB5, 0x00, 0x52,
	0x02, 0xB5, 0x00, 0x52, 0x02, 0xB5, 0x00, 0x52, 0x02, 0xB5, 0x00, 0x52, 0x02, 0xB5, 0x00, 0x52,
	0x02, 0xB5, 0x00, 0x52, 0x02, 0xB5, 0x00, 0x52, 0x02, 0x81, 0x00, 0x0A, 0x03, 0xD3, 0x00, 0x0F,
	0x03, 0xD3, 0x00, 0x0F, 0x03, 0xD3, 0x00, 0x0F, 0x03, 0xD3, 0x00, 0x0F, 0x03, 0xD3, 0x00, 0x0F,
	0x02, 0x64, 0x00, 0x0E, 0x02, 0x3F, 0x00, 0x0A, 0x02, 0x3F, 0x00, 0x0A, 0x02, 0x3F, 0x00, 0x0A,
	0x02, 0x3F, 0x00, 0x0A, 0x02, 0x3F, 0x00, 0x0A, 0x02, 0x44, 0x00, 0x29, 0x02, 0x44, 0x00, 0x29,
	0x02, 0x44, 0x00, 0x29, 0x02, 0x44, 0x00, 0x29, 0x02, 0xF5, 0x00, 0x2B, 0x02, 0x0A, 0x00, 0x2F,
	0x02, 0x0A, 0x00, 0x2F, 0x02, 0x0A, 0x00, 0x2F, 0x02, 0x0A, 0x00, 0x2F, 0x02, 0x0A, 0x00, 0x2F,
	0x02, 0x0A, 0x00, 0x2F, 0x02, 0x0A, 0x00, 0x2F, 0x02, 0x0A, 0x00, 0x2F, 0x02, 0x0A, 0x00, 0x2F,
	0x02, 0x0A, 0x00, 0x2F, 0x02, 0x0A, 0x00, 0x2F, 0x03, 0x6C, 0x00, 0x2F, 0x03, 0x6C, 0x00, 0x2F,
	0x02, 0x48, 0x00, 0x48, 0x02, 0x08, 0x00, 0x26, 0x02, 0x08, 0x00, 0x26, 0x02, 0x08, 0x00, 0x26,
	0x02, 0x08, 0x00, 0x26, 0x02, 0x08, 0x00, 0x26, 0x02, 0x08, 0x00, 0x26, 0x02, 0x48, 0x00, 0x26,
	0x02, 0x43, 0x00, 0x26, 0x02, 0x48, 0x00, 0x26, 0x02, 0x48, 0x00, 0x26, 0x02, 0x10, 0x00, 0x26,
	0x02, 0x10, 0x00, 0x26, 0x02, 0x10, 0x00, 0x26, 0x02, 0x10, 0x00, 0x26, 0x02, 0x10, 0x00, 0x26,
	0x02, 0x10, 0x00, 0x26, 0x02, 0x10, 0x00, 0x26, 0x02, 0x10, 0x00, 0x26, 0x02, 0x10, 0x00, 0x26,
	0x02, 0x10, 0x00, 0x26, 0x01, 0x29, 0x00, 0x12, 0x02, 0x48, 0x00, 0x27, 0x02, 0x48, 0x00, 0x27,
	0x02, 0x48, 0x00, 0x27, 0x02, 0x48, 0x00, 0x27, 0x02, 0x48, 0x00, 0x27, 0x02, 0x32, 0x00, 0x48,
	0x02, 0x32, 0x00, 0x0B, 0x00, 0xD5, 0x00, 0x37, 0x00, 0xD5, 0x00, 0x48, 0x00, 0xD5, 0xFF, 0xF3,
	0x00, 0xD5, 0xFF, 0xF0, 0x00, 0xD5, 0x00, 0x38, 0x00, 0xD5, 0x00, 0x01, 0x00, 0xD5, 0xFF, 0xF7,
	0x00, 0xD5, 0x00, 0x1E, 0x00, 0xD5, 0xFF, 0xDF, 0x00, 0xD5, 0xFF, 0xC7, 0x00, 0xD5, 0xFF, 0xC7,
	0x01, 0xE2, 0x00, 0x4B, 0x01, 0xE2, 0x00, 0x4B, 0x00, 0xDB, 0x00, 0x4B, 0x00, 0xDB, 0x00, 0x4B,
	0x00, 0xDB, 0x00, 0x4B, 0x00, 0xDB, 0x00, 0x3B, 0x01, 0x4A, 0x00, 0x4B, 0x00, 0xDB, 0x00, 0x0D,
	0x03, 0x4A, 0x00, 0x48, 0x02, 0x32, 0x00, 0x48, 0x02, 0x32, 0x00, 0x48, 0x02, 0x32, 0x00, 0x48,
	0x02, 0x32, 0x00, 0x48, 0x02, 0x32, 0x00, 0x48, 0x02, 0x32, 0x00, 0x48, 0x02, 0x38, 0x00, 0x26,
	0x02, 0x38, 0x00, 0x26, 0x02, 0x38, 0x00, 0x26, 0x02, 0x38, 0x00, 0x26, 0x02, 0x38, 0x00, 0x26,
	0x02, 0x38, 0x00, 0x26, 0x02, 0x38, 0x00, 0x26, 0x02, 0x38, 0x00, 0x26, 0x02, 0x38, 0x00, 0x26,
	0x02, 0x38, 0x00, 0x26, 0x03, 0xB9, 0x00, 0x26, 0x02, 0x48, 0x00, 0x48, 0x02, 0x48, 0x00, 0x48,
	0x02, 0x48, 0x00, 0x26, 0x01, 0x59, 0x00, 0x48, 0x01, 0x59, 0x00, 0x48, 0x01, 0x59, 0x00, 0x3C,
	0x01, 0x59, 0x00, 0x38, 0x01, 0xB2, 0x00, 0x1F, 0x01, 0xB2, 0x00, 0x1F, 0x01, 0xB2, 0x00, 0x1F,
	0x01, 0xB2, 0x00, 0x1F, 0x01, 0xB2, 0x00, 0x1F, 0x01, 0xB2, 0x00, 0x1F, 0x02, 0x33, 0x00, 0x48,
	0x01, 0x2A, 0x00, 0x12, 0x01, 0x2A, 0x00, 0x12, 0x01, 0x2A, 0x00, 0x12, 0x01, 0x2A, 0x00, 0x12,
	0x01, 0x2A, 0x00, 0x12, 0x02, 0x29, 0x00, 0x42, 0x02, 0x29, 0x00, 0x42, 0x02, 0x29, 0x00, 0x42,
	0x02, 0x29, 0x00, 0x42, 0x02, 0x29, 0x00, 0x42, 0x02, 0x29, 0x00, 0x42, 0x02, 0x29, 0x00, 0x42,
	0x02, 0x29, 0x00, 0x42, 0x02, 0x29, 0x00, 0x42, 0x02, 0x29, 0x00, 0x42, 0x01, 0xE6, 0x00, 0x09,
	0x02, 0xE6, 0x00, 0x0E, 0x02, 0xE6, 0x00, 0x0E, 0x02, 0xE6, 0x00, 0x0E, 0x02, 0xE6, 0x00, 0x0E,
	0x02, 0xE6, 0x00, 0x0E, 0x01, 0xC7, 0x00, 0x0A, 0x01, 0xD7, 0x00, 0x09, 0x01, 0xD7, 0x00, 0x09,
	0x01, 0xD7, 0x00, 0x09, 0x01, 0xD7, 0x00, 0x09, 0x01, 0xD7, 0x00, 0x09, 0x01, 0xBB, 0x00, 0x27,
	0x01, 0xBB, 0x00, 0x27, 0x01, 0xBB, 0x00, 0x27, 0x01, 0xBB, 0x00, 0x27, 0x02, 0x4B, 0x00, 0x26,
	0x02, 0x11, 0x00, 0x22, 0x01, 0x40, 0x00, 0x12, 0x02, 0x54, 0x00, 0x12, 0x03, 0x3C, 0x00, 0x12,
	0x03, 0x37, 0x00, 0x12, 0x02, 0x50, 0x00, 0x12, 0x02, 0xFC, 0x00, 0x12, 0x02, 0x11, 0x00, 0x12,
	0x02, 0x0B, 0x00, 0x12, 0x02, 0x17, 0x00, 0x12, 0x02, 0x51, 0x00, 0x12, 0x03, 0x03, 0x00, 0x12,
	0x02, 0x80, 0x00, 0x4A, 0x02, 0x5A, 0x00, 0x13, 0x02, 0xAB, 0x00, 0x37, 0x01, 0x4E, 0x00, 0x23,
	0x02, 0x32, 0x00, 0x2D, 0x02, 0x38, 0x00, 0x27, 0x02, 0x73, 0x00, 0x28, 0x02, 0x47, 0x00, 0x36,
	0x02, 0x5B, 0x00, 0x2E, 0x01, 0xF8, 0x00, 0x09, 0x02, 0x64, 0x00, 0x33, 0x02, 0x5B, 0x00, 0x2E,
	0x02, 0x94, 0x00, 0x30, 0x02, 0x94, 0x00, 0x75, 0x02, 0x94, 0x00, 0x60, 0x02, 0x94, 0x00, 0x51,
	0x02, 0x94, 0x00, 0x28, 0x02, 0x94, 0x00, 0x56, 0x02, 0x94, 0x00, 0x4A, 0x02, 0x94, 0x00, 0x57,
	0x02, 0x94, 0x00, 0x4C, 0x02, 0x94, 0x00, 0x4A, 0x01, 0xA0, 0x00, 0x1F, 0x00, 0xDA, 0x00, 0x15,
	0x01, 0x58, 0x00, 0x1C, 0x01, 0x5A, 0x00, 0x16, 0x01, 0x78, 0x00, 0x15, 0x01, 0x61, 0x00, 0x16,
	0x01, 0x75, 0x00, 0x1C, 0x01, 0x42, 0x00, 0x10, 0x01, 0x70, 0x00, 0x1C, 0x01, 0x75, 0x00, 0x1C,
	0x01, 0x5B, 0x00, 0x1D, 0x00, 0xC2, 0x00, 0x14, 0x01, 0x1B, 0x00, 0x16, 0x01, 0x14, 0x00, 0x15,
	0x01, 0x2E, 0x00, 0x0F, 0x01, 0x23, 0x00, 0x18, 0x01, 0x34, 0x00, 0x1D, 0x01, 0x01, 0x00, 0x0C,
	0x01, 0x28, 0x00, 0x1B, 0x01, 0x34, 0x00, 0x1D, 0x01, 0x5B, 0x00, 0x1D, 0x00, 0xC2, 0x00, 0x14,
	0x01, 0x1B, 0x00, 0x16, 0x01, 0x14, 0x00, 0x15, 0x01, 0x2E, 0x00, 0x0F, 0x01, 0x23, 0x00, 0x18,
	0x01, 0x34, 0x00, 0x1D, 0x01, 0x01, 0x00, 0x0C, 0x01, 0x28, 0x00, 0x1B, 0x01, 0x34, 0x00, 0x1D,
	0x01, 0x9F, 0x00, 0x1F, 0x00, 0xDA, 0x00, 0x15, 0x01, 0x58, 0x00, 0x1C, 0x01, 0x5A, 0x00, 0x16,
	0x01, 0x74, 0x00, 0x15, 0x01, 0x61, 0x00, 0x16, 0x01, 0x75, 0x00, 0x1C, 0x01, 0x42, 0x00, 0x10,
	0x01, 0x70, 0x00, 0x1C, 0x01, 0x75, 0x00, 0x1C, 0x00, 0x75, 0xFF, 0x35, 0x02, 0x7A, 0x00, 0x14,
	0x02, 0x5B, 0x00, 0x14, 0x02, 0x85, 0x00, 0x15, 0x02, 0x87, 0x00, 0x14, 0x02, 0xB1, 0x00, 0x15,
	0x02, 0xC0, 0x00, 0x18, 0x02, 0x76, 0x00, 0x0C, 0x01, 0x93, 0x00, 0x1D, 0x03, 0x6E, 0x00, 0x1D,
	0x01, 0x5D, 0x00, 0x00, 0x01, 0x13, 0x00, 0x33, 0x01, 0x78, 0x00, 0x33, 0x01, 0x1A, 0x00, 0x4E,
	0x01, 0x06, 0x00, 0x44, 0x02, 0xB4, 0x00, 0x44, 0x01, 0x0F, 0x00, 0x49, 0x01, 0x0F, 0x00, 0x49,
	0x02, 0xA3, 0x00, 0x2F, 0x01, 0x06, 0x00, 0x44, 0x02, 0x03, 0x00, 0x22, 0x02, 0x03, 0x00, 0x22,
	0x01, 0x3D, 0x00, 0x2E, 0x00, 0xB0, 0x00, 0x2E, 0x01, 0x1A, 0x00, 0x4E, 0x01, 0x5D, 0x00, 0x00,
	0x02, 0x06, 0x00, 0x3C, 0x01, 0x24, 0x00, 0x2D, 0x01, 0x24, 0x00, 0x05, 0x00, 0xFF, 0x00, 0x34,
	0x00, 0xFF, 0x00, 0x05, 0x00, 0xFE, 0x00, 0x34, 0x00, 0xFE, 0x00, 0x00, 0x04, 0x72, 0x00, 0x42,
	0x03, 0x9F, 0x00, 0x42, 0x01, 0xA2, 0x00, 0x40, 0x02, 0x52, 0x00, 0x28, 0x02, 0x52, 0x00, 0x28,
	0x01, 0x75, 0x00, 0x28, 0x01, 0x75, 0x00, 0x28, 0x01, 0x97, 0x00, 0x3D, 0x01, 0x97, 0x00, 0x3D,
	0x01, 0x97, 0x00, 0x3D, 0x00, 0xF5, 0x00, 0x3D, 0x00, 0xF5, 0x00, 0x3D, 0x00, 0xF5, 0x00, 0x3D,
	0x01, 0x15, 0x00, 0x00, 0x02, 0x26, 0x00, 0x30, 0x02, 0x74, 0x00, 0x34, 0x02, 0x33, 0x00, 0x23,
	0x02, 0x8F, 0x00, 0x1C, 0x02, 0x2D, 0x00, 0x2A, 0x02, 0x61, 0x00, 0x20, 0x02, 0x51, 0x00, 0x14,
	0x02, 0x94, 0x00, 0x50, 0x02, 0x94, 0x00, 0x50, 0x02, 0x94, 0x00, 0x68, 0x02, 0x94, 0x00, 0x50,
	0x02, 0x94, 0x00, 0x50, 0x02, 0x94, 0x00, 0x50, 0x02, 0x94, 0x00, 0x50, 0x02, 0x94, 0x00, 0x50,
	0x02, 0x94, 0x00, 0x50, 0x02, 0x94, 0x00, 0x50, 0x02, 0x94, 0x00, 0x50, 0x02, 0x94, 0x00, 0x50,
	0x02, 0x94, 0x00, 0x50, 0x02, 0x94, 0x00, 0x4B, 0x03, 0x21, 0x00, 0x1B, 0x03, 0x5B, 0x00, 0x38,
	0x01, 0x73, 0x00, 0x1E, 0x02, 0x98, 0x00, 0x2A, 0x02, 0xA1, 0x00, 0x57, 0x02, 0x15, 0x00, 0x1A,
	0x02, 0xB6, 0x00, 0x00, 0x02, 0x29, 0x00, 0x42, 0x02, 0x6E, 0x00, 0x39, 0x03, 0x8D, 0x00, 0x30,
	0x05, 0x0E, 0x00, 0x30, 0x02, 0xEA, 0x00, 0x3C, 0x03, 0x45, 0x00, 0x3C, 0x03, 0x90, 0x00, 0x3C,
	0x03, 0x43, 0x00, 0x3C, 0x02, 0xE2, 0x00, 0x3C, 0x03, 0x46, 0x00, 0x3C, 0x03, 0x90, 0x00, 0x3C,
	0x03, 0x3F, 0x00, 0x3C, 0x04, 0x1E, 0x00, 0x3C, 0x02, 0x2F, 0x00, 0x3C, 0x03, 0x84, 0x00, 0x3C,
	0x03, 0x84, 0x00, 0x3C, 0x02, 0x5C, 0x00, 0x3C, 0x03, 0x3E, 0x00, 0x3C, 0x03, 0x3E, 0x00, 0x3C,
	0x03, 0xC6, 0x00, 0x3C, 0x03, 0xC8, 0x00, 0x3C, 0x03, 0x84, 0x00, 0x3C, 0x02, 0xE5, 0x00, 0x1F,
	0x03, 0x8B, 0x00, 0x2A, 0x02, 0xAA, 0x00, 0x2E, 0x02, 0x3C, 0x00, 0x1D, 0x01, 0xD2, 0x00, 0x27,
	0x03, 0x31, 0x00, 0x28, 0x01, 0xE0, 0x00, 0x28, 0x01, 0xE0, 0x00, 0x28, 0x02, 0x7C, 0x00, 0x1A,
	0x01, 0x07, 0x00, 0x0E, 0x01, 0x37, 0x00, 0x7F, 0x01, 0x37, 0x00, 0x7F, 0x01, 0x2A, 0x00, 0x19,
	0x01, 0x2B, 0x00, 0x19, 0x03, 0x0B, 0x00, 0x3C, 0x04, 0xD7, 0x00, 0x57, 0x01, 0xE5, 0x00, 0x4C,
	0x00, 0xAE, 0x00, 0x30, 0x02, 0x5A, 0x00, 0x28, 0x01, 0x70, 0x00, 0x3D, 0x00, 0xC6, 0x00, 0x31,
	0x00, 0xDA, 0x00, 0x2A, 0x00, 0xDC, 0x00, 0x2D, 0x01, 0x50, 0x00, 0x2A, 0x01, 0x3F, 0x00, 0x28,
	0x01, 0x3F, 0x00, 0x28, 0x01, 0x57, 0x00, 0x31, 0x01, 0x26, 0x00, 0x27, 0x01, 0x73, 0x00, 0x2E,
	0x01, 0x60, 0x00, 0x3C, 0x00, 0xB8, 0x00, 0x2B, 0x00, 0xB8, 0x00, 0x28, 0x00, 0xE5, 0x00, 0x26,
	0x01, 0xF3, 0x00, 0x28, 0x00, 0xDC, 0x00, 0x2D, 0x01, 0x57, 0x00, 0x31, 0x01, 0x3F, 0x00, 0x28,
	0x00, 0xE5, 0x00, 0x26, 0x01, 0x3F, 0x00, 0x28, 0x01, 0x70, 0x00, 0x3D, 0x00, 0xC6, 0x00, 0x31,
	0x00, 0xDA, 0x00, 0x2A, 0x01, 0x50, 0x00, 0x2A, 0x01, 0x60, 0x00, 0x3C, 0x00, 0xBF, 0x00, 0x29,
	0x01, 0x26, 0x00, 0x27, 0x01, 0x73, 0x00, 0x2E, 0x00, 0xD4, 0x00, 0x30, 0x00, 0xD4, 0x00, 0x05,
	0x06, 0xCB, 0x00, 0x64, 0x02, 0xF5, 0x00, 0x2B, 0x02, 0xF5, 0x00, 0x2B, 0x02, 0xF5, 0x00, 0x2B,
	0x02, 0xF5, 0x00, 0x2B, 0x03, 0x01, 0x00, 0x2B, 0x00, 0xD5, 0x00, 0x48, 0x00, 0xD5, 0xFF, 0xC7,
	0x02, 0x4B, 0x00, 0x26, 0x02, 0x4B, 0x00, 0x26, 0x02, 0x4B, 0x00, 0x26, 0x02, 0x4B, 0x00, 0x26,
	0x02, 0x4B, 0x00, 0x26, 0x02, 0x4B, 0x00, 0x26, 0x02, 0x4B, 0x00, 0x26, 0x02, 0x4B, 0x00, 0x26,
	0x02, 0x4B, 0x00, 0x26, 0x02, 0x4B, 0x00, 0x26, 0x02, 0x11, 0x00, 0x22, 0x02, 0x11, 0x00, 0x22,
	0x02, 0x11, 0x00, 0x22, 0x02, 0x11, 0x00, 0x22, 0x01, 0x2D, 0x00, 0x12, 0x01, 0x40, 0x00, 0x12,
	0x01, 0x40, 0x00, 0x12, 0x01, 0x40, 0x00, 0x12, 0x02, 0x4F, 0x01, 0x38, 0x01, 0xE8, 0x00, 0x48,
	0x00, 0xE8, 0x00, 0x14, 0x01, 0x4F, 0x00, 0x14, 0x02, 0xC9, 0x00, 0x07, 0x01, 0x79, 0x00, 0x14,
	0x01, 0xF3, 0xFF, 0xC4, 0x00, 0xC6, 0x00, 0x2F,
};
